tree
version=v4
num_class=1
num_tree_per_iteration=1
label_index=0
max_feature_idx=20
objective=binary sigmoid:1
feature_names=log_duration_s log_fwd_packets log_bwd_packets log_fwd_bytes log_bwd_bytes log_bytes_per_s log_packets_per_s mean_fwd_packet_size mean_bwd_packet_size log_fwd_bwd_byte_ratio no_response syn_ratio rst_ratio fin_ratio is_tcp is_udp port_web port_dns port_auth port_mail port_ephemeral
feature_infos=[2.1863598088071053e-07:8.6464303814632633] [0.69314718055994529:13.860841412281577] [0:12.762231034974116] [4.0253516907351496:21.105068125794993] [0:17.022235215514449] [1.5132048807390519:15.961133785454109] [0.030549095329150403:9.8754089672708645] [30:5323] [0:6285.333333333333] [-7.6367308822152671:4.7147027289158743] [0:1] [0:1] [0:1] [0:0.40000000000000002] [0:1] [0:1] [0:1] [0:1] [0:1] [0:1] none
tree_sizes=3326 3420 3398 3381 3379 3362 3373 3385 3384 3384 3385 3411 3423 3430 3426 3442 3422 3399 3437 3437 3400 3418 3404 3424 3419 3430 3430 3430 3417 3435 3413 3409 3435 3436 3428 3443 3425 3425 3433 3436 3445 3409 3438 3424 3448 3428 3437 3435 3432 3428 3471 3413 3429 3459 3433 3440 3436 3432 3435 3448 3451 3439 3451 3457 3450 3458 3487 3463 3485 3484 3474 3488 3467 3486 3477 3504 3483 3478 3476 3490 3487 3512 3515 3505 3502 3489 3526 3526 3488 3468 3506 3490 3510 3509 3494 3476 3512 3506 3513 3509 3512 3511 3503 3534 3532 3531 3494 3545 3552 3526 3541 3533 3542 3551 3523 3551 3566 3550 3531 3548 3554 3558 3551 3567 3526 3569 3559 3564 3574 3575 3563 3577 3570 3588 3533 3562 3579 3574 3576 3584 3586 3587 3586 3574 3592 3600 3582 3594 3599 3587 3577 3610 3605 3608 3610 3594 3615 3609 3622 3630 3602 3616 3619 3604 3635 3620 3637 3642 3629 3629 3634 3631 3646 3623 3631 3645 3648 3640 3624 3646 3619 3661 3647 3647 3641 3649 3665 3643 3657 3645 3652 3655 3656 3659 3656 3660 3660 3660 3659 3660 3646 3680 3668 3680 3662 3680 3678 3667 3677 3681 3675 3669 3690 3669 3658 3665 3676 3663 3449 3681 3682 3454 3231 3338 3705 3016 2658 3594 2891 3122 2896 2886 2435 2669 3094 2978 1968 2331 2430 2776 1657 1978 2426 2078 2094 1638 1871 1987 1875 1514 1399 1399 1747 1403 1407 1284 1635 1290 1290 1400 1292 1178 1067 1181 1081 1176 1066 1068 1059 1071 958 950 832 944 838 725 853 725 726 723 722 726 730 729 730 727 725 730 613 614 503 615 496 503 505 501 607 604 505 502

Tree=0
num_leaves=31
num_cat=0
split_feature=9 9 3 7 3 13 9 7 0 0 3 9 7 15 3 2 9 7 0 0 0 3 6 0 0 0 0 0 0 0
split_gain=14710.1 1894.89 3043 2601.62 875.921 711.59 111.521 224.992 911.544 43.2935 21.8192 8.56682 21.2739 295.853 3.98033 1.96152 0.118245 0.43588 1.81899e-12 9.09495e-13 4.54747e-13 1.13687e-13 2.84217e-14 1.42109e-14 1.42109e-14 3.55271e-15 3.55271e-15 3.55271e-15 8.88178e-16 8.88178e-16
threshold=3.9781175116417877 -0.40546510810816411 7.5275246640299773 94.500000000000014 4.1190041246092024 0.10818713450292398 -0.57764105235288132 119.50000000000001 0.11812552495011401 1.2349869032859482 7.4410270485534395 -0.70688395170678076 119.50000000000001 1.0000000180025095e-35 7.6214400807672282 2.6735537653587347 -0.71929357792026261 120.50000000000001 0.0057189596262269783 1.0101585049693786 5.6855850192210386 7.0925723340023703 4.5297370464666615 0.18981894877374797 2.651749483146487 2.7261369928967945 2.0585572677438591 0.97667262525714615 1.435057149222613 0.82464008601305105
decision_type=2 2 2 2 2 2 2 2 2 2 2 2 2 2 2 2 2 2 2 2 2 2 2 2 2 2 2 2 2 2
left_child=1 6 3 4 -3 9 11 24 -9 10 15 16 -13 25 -4 19 20 -18 -2 -5 -1 -21 -16 -6 -8 26 27 29 -7 -14
right_child=18 2 14 5 23 28 7 8 -10 -11 -12 12 13 -15 22 -17 17 -19 -20 21 -22 -23 -24 -25 -26 -27 -28 -29 -30 -31
leaf_value=-2.311267849017971 -1.7287737634597637 -1.7287737634597637 -2.2440569929920242 -1.7287737634597637 -2.311267849017971 -2.311267849017971 -2.311267849017971 -1.7287737634597637 -2.311267849017971 -1.990896101960957 -1.8743972848493156 -2.311267849017971 -2.311267849017971 -1.7287737634597637 -2.311267849017971 -1.7794254230735209 -2.311267849017971 -2.2835300354199615 -1.7287737634597637 -1.7287737634597637 -2.311267849017971 -1.7287737634597637 -2.311267849017971 -2.311267849017971 -2.311267849017971 -2.311267849017971 -2.311267849017971 -2.311267849017971 -2.311267849017971 -2.311267849017971
leaf_weight=1555.4664372801781 103.86371552944183 7.3820492029190055 2.2317823171615592 52.361046671867371 47.983319818973541 4.2060512900352469 53.820288956165314 9.2704803943634015 24.377929925918579 1.7167556285858143 2.7468090057373038 60.601473689079285 4.0343757271766796 2.4034578800201407 116.310193836689 1.9742689728736866 6.6095091700553876 1.802593410015106 21.030256450176239 2.4034578800201407 18.88431191444397 5.2361046671867371 53.476937830448151 3.3476734757423392 8.4121025800704938 4.3777268528938285 2.5751334428787223 10.643884897232054 1.802593410015106 1.802593410015106
leaf_count=18121 1210 86 26 610 559 49 627 108 284 20 32 706 47 28 1355 23 77 21 245 28 220 61 623 39 98 51 30 124 21 21
internal_value=-2.25573 -2.28755 -2.17208 -1.99067 -2.23803 -1.7902 -2.30739 -2.25495 -2.15078 -1.74307 -1.7365 -2.3104 -2.29507 -2.25708 -2.3104 -1.73039 -2.31124 -2.30532 -1.72877 -1.72877 -2.31127 -1.72877 -2.31127 -2.31127 -2.31127 -2.31127 -2.31127 -2.31127 -2.31127 -2.31127
internal_weight=2193.16 2068.26 303.179 131.16 58.713 72.4471 1765.08 95.8808 33.6484 66.4384 64.7217 1669.2 86.4386 25.8372 172.019 61.9749 1582.76 8.4121 124.894 60.0006 1574.35 7.63956 169.787 51.331 62.2324 23.4337 19.056 16.4809 6.00864 5.83697
internal_count=25550 24095 3532 1528 684 844 20563 1117 392 774 754 19446 1007 301 2004 722 18439 98 1455 699 18341 89 1978 598 725 273 222 192 70 68
is_linear=0
shrinkage=1


Tree=1
num_leaves=31
num_cat=0
split_feature=11 9 3 7 8 6 1 9 7 0 4 9 3 9 3 7 0 9 7 1 3 3 0 0 0 0 0 0 0 0
split_gain=9350.21 1486.84 1687.84 2443.56 414.313 66.5979 14.7907 14.1009 32.8697 265.834 5.28506 10.6588 5.21506 0.692768 0.549769 0.515877 0.308627 0.114444 0.337545 0.0258225 0.000594381 2.52838e-05 1.81899e-12 2.27374e-13 2.84217e-14 7.10543e-15 7.10543e-15 3.55271e-15 1.77636e-15 8.88178e-16
threshold=0.26666666666666672 -0.53134802822849891 7.5107041541960511 94.500000000000014 262.0263157894737 2.1644667998552864 10.392348981615788 -0.70688395170678076 119.50000000000001 0.11812552495011401 7.3808759299945494 -0.12453542817161221 7.5898413843865926 0.32400281177755735 7.368970203418896 196.50000000000003 1.1744478143752708 -0.71929357792026261 120.50000000000001 2.6735537653587347 7.4280356641054448 7.6360282323874804 2.4534387858054241 7.2262256241125096 6.3110942979361004 4.3630799041925341 0.95526928740649397 1.2879425633270987 0.040182043459684021 0.82464008601305105
decision_type=2 2 2 2 2 2 2 2 2 2 2 2 2 2 2 2 2 2 2 2 2 2 2 2 2 2 2 2 2 2
left_child=1 7 3 -3 5 -5 12 17 -9 -10 13 -12 -4 14 15 16 19 23 28 -7 -6 -14 -2 -1 -23 26 29 -28 -19 -11
right_child=22 2 6 4 20 10 -8 8 9 25 11 -13 21 -15 -16 -17 -18 18 -20 -21 -22 24 -24 -25 -26 -27 27 -29 -30 -31
leaf_value=-0.054956775073852916 0.33168705100742996 -0.054956775073852916 0.032989603789499597 0.0060745216540078204 -0.054956775073852916 0.33168705100742996 0.097363535633472442 -0.054956775073852916 0.33168705100742996 -0.054956775073852826 0.20432625997205328 0.34331179559543878 -0.055150956310402982 0.30617314567159298 0.35586007706413991 0.31208159118812301 0.34795995161056376 -0.05495677507385293 -0.032186235051392932 0.33582920369657426 -0.055969617454084943 -0.054956775073852916 0.33168705100742996 -0.054956775073852916 -0.054956775073852916 -0.054956775073852916 -0.054956775073852861 -0.054956775073852916 -0.054956775073852895 -0.054956775073852882
leaf_weight=1505.0456847548485 182.04529246687889 81.648789942264557 1.7011697515845288 1.6190480142831791 5.7441359758377066 89.230357840657234 1.6248120218515385 74.345531344413757 5.2488445788621894 4.7594269514083924 2.4766734540462494 3.113761141896247 1.6919408217072476 2.6044165641069403 2.4149702563881865 3.2366125583648673 3.0755566656589499 2.3797134757041913 2.182457223534584 3.9282251372933379 1.9369523376226423 166.90817964076996 10.88175095617771 3.6105997562408438 15.180930793285368 1.7232407927513111 4.102954268455508 16.657994329929352 4.0208951830863953 1.8052998781204221
leaf_count=18341 1422 995 20 18 70 697 17 906 41 58 21 26 20 21 20 26 25 29 26 31 21 2034 85 44 185 21 50 203 49 22
internal_value=-0.000834778 -0.0326877 0.0552394 0.15583 0.299995 0.324421 -0.0528362 -0.053678 -0.036277 0.00421424 0.329103 0.281738 -0.0541519 0.331637 0.332288 0.331716 0.332376 -0.054924 -0.0491668 0.331862 -0.0552122 -0.0549586 0.331687 -0.0549568 -0.0549568 -0.0549568 -0.0549568 -0.0549568 -0.0549568 -0.0549568
internal_weight=2206.95 2014.02 388.137 201.029 119.381 111.7 187.107 1625.88 108.643 34.2978 110.081 5.59043 185.482 104.49 101.886 99.4708 96.2341 1517.24 8.58307 93.1586 7.68109 183.781 192.927 1508.66 182.089 29.0489 27.3257 20.7609 6.40061 6.56473
internal_count=25544 24037 4247 1971 976 885 2276 19790 1301 395 867 47 2259 820 799 779 753 18489 104 728 91 2239 1507 18385 2219 354 333 253 78 80
is_linear=0
shrinkage=0.05


Tree=2
num_leaves=31
num_cat=0
split_feature=11 9 3 7 8 6 9 7 1 1 4 7 1 9 9 7 5 6 11 7 3 1 1 7 3 1 3 3 1 1
split_gain=6969.66 1315.08 1334.82 1691.13 263.761 47.7554 20.1539 42.6164 217.163 13.664 2.51588 4.15344 2.22084 0.762905 0.248733 0.695567 1.45865 0.0732594 0.113367 0.0197143 0.0159305 0.000483098 0.000387454 8.66236e-05 2.09032e-05 1.48441e-05 3.13004e-06 9.58808e-08 1.81899e-12 4.54747e-13
threshold=0.26666666666666672 -0.53134802822849891 7.5735311307123743 94.500000000000014 259.0384615384616 2.1644667998552864 -0.69397300885068869 119.50000000000001 1.4978661367769956 10.392348981615788 7.3808759299945494 115.50000000000001 2.740319461670996 0.32400281177755735 -0.71929357792026261 120.50000000000001 8.9796387473789832 2.4352545217160966 0.051315789473684217 196.50000000000003 7.3460100017967047 2.602003343538398 2.6735537653587347 105.50000000000001 7.65040662614095 2.9700856263602158 7.3460100017967047 7.0531533882130004 11.158953264255212 6.0173751870972945
decision_type=2 2 2 2 2 2 2 2 2 2 2 2 2 2 2 2 2 2 2 2 2 2 2 2 2 2 2 2 2 2
left_child=1 6 3 25 5 -5 14 -8 -9 24 12 -12 13 17 29 -16 -17 -7 19 20 21 -19 26 -23 -4 -3 27 -6 -2 -1
right_child=28 2 9 4 22 10 7 8 -10 -11 11 -13 -14 -15 15 16 -18 18 -20 -21 -22 23 -24 -25 -26 -27 -28 -29 -30 -31
leaf_value=-0.054691717483092539 0.25217017570912409 -0.054691717483092539 -0.054847770342353441 -0.024146903797454711 -0.054707201491665053 0.25817293429821009 -0.054691717483092539 0.25217017570912409 -0.054691717483092539 0.085707977933257073 0.26246156074484228 0.17962347742002688 0.29359815406747081 0.22791157227212364 -0.054691717483092539 -0.054780294184039818 0.0063511287321748574 0.25217017570912409 0.24354081429426372 0.25617290696244893 0.25558826239982019 0.2515824288680219 -0.055580838282033251 0.25193098189808966 -0.054691717483092539 -0.054845272182950079 -0.054779412672454036 -0.054691717483092532 0.25217017570912409 -0.054691717483092539
leaf_weight=1392.9979092478752 227.63690769672394 78.347309499979019 2.1724503934383383 1.5924824476242054 1.5725573748350132 5.1518705785274497 64.4659543633461 7.4713230878114691 25.253086745738983 1.7499584108591069 2.9370955526828757 3.1211766600608826 3.2443290054798117 3.2825974971055976 11.293305873870848 2.4678781107068053 1.6139770224690435 99.352700635790825 3.7612380534410468 3.2987887859344474 3.461438536643981 3.8218441158533087 1.675733260810375 3.3406351357698441 175.59522119164467 1.6061341539025296 1.5902538076043127 2.7449007332324982 14.783681854605673 37.644352912902832
leaf_count=17762 1432 999 27 18 20 33 822 47 322 17 20 22 23 22 144 31 19 625 24 21 22 24 19 21 2239 20 20 35 93 480
internal_value=-0.000646035 -0.0321301 0.0482481 0.129686 0.232096 0.248056 -0.0531424 -0.0311023 0.015368 -0.053325 0.251273 0.219784 0.252755 0.251699 -0.0546237 -0.0482981 -0.0306088 0.252338 0.252081 0.252364 0.25225 0.252142 -0.0549098 0.251745 -0.0546936 -0.0546948 -0.0547194 -0.0546974 0.25217 -0.0546917
internal_weight=2189.05 1946.63 403.421 223.903 143.95 136.366 1543.21 97.1904 32.7244 179.518 134.774 6.05827 128.715 125.471 1446.02 15.3752 4.08186 122.189 117.037 113.275 109.977 106.515 7.58345 7.16248 177.768 79.9534 5.90771 4.31746 242.421 1430.64
internal_count=25423 23898 4271 1988 969 875 19627 1191 369 2283 857 42 815 792 18436 194 50 770 737 713 692 670 94 45 2266 1019 75 55 1525 18242
is_linear=0
shrinkage=0.05


Tree=3
num_leaves=31
num_cat=0
split_feature=11 9 3 7 8 0 2 9 7 0 11 7 2 2 3 3 9 7 0 3 7 1 0 1 3 1 3 3 3 9
split_gain=5444.6 1214.29 1095.53 1253.16 196.513 18.3447 14.9593 14.6876 32.2108 164.07 1.8229 1.9193 1.43791 0.270968 0.504715 0.134656 0.127795 0.374558 0.0113837 0.00932314 0.00990172 0.00400678 0.000999057 0.000555159 0.000216002 3.88193e-05 2.77574e-05 1.26508e-05 6.1186e-06 3.5439e-06
threshold=0.26666666666666672 -0.53134802822849891 7.5735311307123743 94.500000000000014 259.0384615384616 1.2229444441331263 9.7957348419155554 -0.70688395170678076 119.50000000000001 0.11812552495011401 0.048809523809523817 111.50000000000001 2.6735537653587347 2.602003343538398 7.3346551887924436 7.3920308082497579 -0.71929357792026261 120.50000000000001 0.053275318029606479 7.2577074288436902 196.50000000000003 2.602003343538398 1.0616936318944921 2.6735537653587347 7.1546150517377898 9.9394336746564438 7.6360282323874804 7.2796635441494049 7.368970203418896 -0.69397300885068869
decision_type=2 2 2 2 2 2 2 2 2 2 2 2 2 2 2 2 2 2 2 2 2 2 2 2 2 2 2 2 2 2
left_child=1 7 3 27 5 10 25 16 -9 18 12 -12 13 14 19 -15 -1 -18 -10 20 21 22 24 28 -5 26 -4 -3 -6 -11
right_child=-2 2 6 4 23 -7 -8 8 9 29 11 -13 -14 15 -16 -17 17 -19 -20 -21 -22 -23 -24 -25 -26 -27 -28 -29 -30 -31
leaf_value=-0.054442008677684228 0.20710894697280741 -0.054442006608415951 -0.054654197838764351 0.20710894697280741 -0.054447043871797066 0.09653558185102723 0.1001395197908124 -0.054442008677684228 0.21097351055541816 -0.054514315155119709 0.20695467147738578 0.15677908655123823 0.23284699030586387 0.21078211788903545 0.19149831410713639 0.22338955822411008 -0.054442008677684228 -0.028902203020399926 0.20710894697280735 0.20950604417192842 0.20957949903045112 0.20866901288447828 0.20630311942848134 -0.055494397352654684 0.20749996927485551 -0.054673781227174215 -0.05444200582151535 -0.05458703056096216 -0.054561244508318521 -0.054442008677684228
leaf_weight=1371.299122273922 272.32290145754814 74.11007122695446 1.5558653101325024 102.37289974093437 4.3500721380114546 3.8533394932746878 1.5797876566648472 68.639890491962433 3.6155914068222037 1.821754172444346 4.0310010015964499 3.6151722818613052 5.721962481737136 5.4274745434522611 5.2502752095460883 3.4733126014471054 5.6200783699750891 1.9280669316649435 4.0289871096611023 4.7239577770233145 4.3597415685653678 4.1903264671564093 3.8560202568769446 1.7340685501694677 3.6579814404249182 1.8588268160819996 163.58165971189737 1.53491000086069 1.6058614850044248 24.278738558292389
leaf_count=18300 1487 989 20 559 58 33 14 916 20 24 22 22 34 30 29 20 75 24 22 26 24 23 21 20 20 24 2183 20 21 324
internal_value=-0.00189177 -0.0320429 0.0445128 0.113618 0.191986 0.204262 -0.0529979 -0.0530496 -0.0347781 0.00521968 0.207017 0.183231 0.208289 0.207265 0.206681 0.215702 -0.0544063 -0.0479182 0.208937 0.207328 0.207241 0.207152 0.207094 -0.0547071 0.207122 -0.0544466 -0.054444 -0.0544449 -0.0544778 -0.0544471
internal_weight=2160 1887.68 406.445 237.868 162.223 154.533 168.576 1481.23 102.385 33.7451 150.68 7.64617 143.034 137.312 128.411 8.90079 1378.85 7.54815 7.64458 123.161 118.437 114.077 109.887 7.69 106.031 166.996 165.138 75.645 5.95593 26.1005
internal_count=25404 23917 4212 1971 962 863 2241 19705 1306 390 830 44 786 752 702 50 18399 99 42 673 647 623 600 99 579 2227 2203 1009 79 348
is_linear=0
shrinkage=0.05


Tree=4
num_leaves=31
num_cat=0
split_feature=9 3 9 9 7 9 7 0 16 6 9 7 15 9 7 8 6 3 3 11 9 0 1 9 7 0 7 7 6 6
split_gain=4661.65 1278.31 667.022 174.48 397.973 147.068 177.94 292.366 80.9798 36.7966 9.58528 20.1786 105.684 3.75762 45.1323 2.87018 1.78909 0.854531 0.469706 0.403966 0.371429 0.247805 0.181641 0.136653 0.420648 0.123422 0.104333 0.0872763 0.0798777 0.0390199
threshold=-0.3516209517534778 7.5598199805147646 4.1796846060151642 -0.12453542817161221 94.500000000000014 -0.56139784187848674 119.50000000000001 0.1538913039458861 1.0000000180025095e-35 2.396431878551279 -0.70688395170678076 119.50000000000001 1.0000000180025095e-35 -0.032921913680208796 94.500000000000014 251.04347826086959 2.3320951611866234 7.4410270485534395 7.65040662614095 0.98277737031025125 -1.0000000180025095e-35 0.90059100314073393 2.3502401828962087 -0.71929357792026261 120.50000000000001 0.97667262525714615 123.50000000000001 192.50000000000003 3.3218581492908048 2.523192219258847
decision_type=2 2 2 2 2 2 2 2 2 2 2 2 2 2 2 2 2 2 2 2 2 2 2 2 2 2 2 2 2 2
left_child=5 3 18 4 -2 10 -7 -8 13 -6 23 -12 -13 14 -5 21 -15 20 -3 -4 -18 26 28 -1 -25 -24 -11 29 -16 -22
right_child=1 2 19 8 9 6 7 -9 -10 15 11 12 -14 16 22 -17 17 -19 -20 -21 27 -23 25 24 -26 -27 -28 -29 -30 -31
leaf_value=-0.054206645849596669 -0.054206635310451327 -0.029845493042488177 0.19485570492530321 -0.054206645849596585 -0.056198093703121725 -0.054216717254408943 0.17769847649535397 -0.05438605049747082 -0.055076393194637745 0.16933076703233552 -0.054206645849596669 -0.054212119826272234 0.1795295337948393 0.14237458926425386 0.16946907553772694 0.13805865256233782 0.16612588902136549 0.19987034463667822 -0.054227778275570543 0.17771875465685938 0.18253813827493537 0.18964035638622245 0.17849891602908333 -0.054206645849596669 -0.025809405584886272 0.19102047145602447 0.17775462547196097 0.17073849668880375 0.17778332848394723 0.17778195556139398
leaf_weight=1315.5239447951317 29.706240102648735 2.0048233419656745 3.8044618815183631 2.2906064987182644 1.7740430906414975 58.984132289886475 29.521685600280762 25.113329879939556 3.8321061953902236 3.9853550344705573 54.974555969238281 21.639959663152698 6.2275782823562613 3.6046665534377089 3.9835931956768063 4.8772146776318541 7.0245679318904868 4.325169011950492 133.79775726795197 35.787505477666855 4.3736397922039023 4.2672036141157141 3.8311583399772635 5.2970275282859793 1.7299978733062742 4.0465530753135681 47.306471332907677 4.3765257745981208 10.511513799428938 307.4621249884367
leaf_count=18378 415 26 20 32 20 823 146 346 50 20 768 302 31 23 21 31 38 24 1864 177 22 22 19 74 22 21 234 22 52 1521
internal_value=-0.00136787 0.113337 -0.00121987 0.157831 0.0963525 -0.0487125 0.00600443 0.0710194 0.173543 0.168247 -0.053136 -0.0366372 -0.00197771 0.176005 0.157177 0.174835 0.177408 0.177793 -0.0538678 0.179365 0.177498 0.178063 0.17882 -0.0541695 -0.0472155 0.184931 0.1771 0.17775 0.175498 0.177849
internal_weight=2145.99 626.973 175.395 451.579 91.9165 1519.01 113.619 54.635 359.662 62.2103 1405.39 82.8421 27.8675 355.83 24.6634 60.4362 331.167 327.562 135.803 39.592 323.237 55.559 22.3728 1322.55 7.02703 7.87771 51.2918 316.212 14.4951 311.836
internal_count=25564 4674 2087 2587 742 20890 1315 492 1845 327 19575 1101 333 1795 145 307 1650 1627 1890 197 1603 276 113 18474 96 40 254 1565 73 1543
is_linear=0
shrinkage=0.05


Tree=5
num_leaves=31
num_cat=0
split_feature=11 8 7 4 19 4 6 2 11 0 0 8 0 2 8 7 4 7 8 7 4 7 6 7 1 2 4 0 7 7
split_gain=3907.78 668.571 1445.6 887.934 84.7814 9.90812 2.48289 0.344479 0.194735 0.312659 0.165089 0.0579593 0.0597765 0.0424332 0.0559641 0.0259931 0.0138833 0.0101445 0.00583623 0.00588742 0.00410952 0.0034452 0.00245119 0.00239064 0.00166832 0.00094186 0.000689543 0.000343858 0.000206353 0.000145066
threshold=0.26666666666666672 259.0384615384616 94.500000000000014 7.6133230286147189 1.0000000180025095e-35 14.017406546662576 2.2136492625850273 2.6735537653587347 0.048809523809523817 0.92260349794106367 1.1744478143752708 247.02307692307696 0.045254963079300485 2.524928003624769 125.14398496240602 117.50000000000001 7.0934015215887589 177.50000000000003 101.7823969465649 196.50000000000003 7.8270413409112187 280.50000000000006 4.9430967413194891 251.50000000000003 2.6735537653587347 7.0950640335111439 5.2857353797162627 0.070411732533779359 144.50000000000003 130.50000000000003
decision_type=2 2 2 2 2 2 2 2 2 2 2 2 2 2 2 2 2 2 2 2 2 2 2 2 2 2 2 2 2 2
left_child=1 2 -1 4 6 20 -4 8 10 -10 11 13 -13 16 15 24 18 -14 -8 22 21 -5 26 -6 -15 -2 27 -20 -29 -28
right_child=25 -3 3 5 23 -7 7 -9 9 -11 -12 12 17 14 -16 -17 -18 -19 19 -21 -22 -23 -24 -25 -26 -27 29 28 -30 -31
leaf_value=-0.053985493931763086 0.1569111604152042 -0.053988117109968738 0.10328845647526633 -0.057272939726260103 -0.056591977572887808 0.077914993373902702 0.15881545605661782 0.1687716748984677 0.14002278121017631 0.15941567061708117 0.16745188407453238 0.16504626488605786 0.15690198959216933 0.15695472496937413 0.16368622515787276 0.16074994094029083 0.15506369250011964 0.16015435906444161 0.15704003973630368 0.15891708281850261 -0.054002712832034817 -0.054044808073141208 0.15817658186344538 -0.054317534696216342 0.1556019480339397 0.15629432183402597 0.15672829659357679 0.15706453948130025 0.15744358227325872 0.15691648671193692
leaf_weight=373.93067549169064 322.84666018188 1125.0171968564391 2.1009025797247878 1.8126006796956056 1.9317208752036084 1.4503400251269329 5.1767805665731421 7.0709305852651587 4.0185014829039556 4.3048822581768036 4.3915872126817694 5.0448864623904219 5.4279880225658399 4.341599717736246 5.7260704189538947 4.9274239838123313 8.3218548744916898 4.2944680899381638 38.629142671823502 4.3127478659152976 68.38861770927906 1.5192930847406385 4.5387259721755973 2.8745112419128418 4.7976527661085129 6.3094094246625891 13.03482575714588 5.4249902665615108 10.619295895099638 47.763942718505859
leaf_count=5469 1487 16447 18 21 21 12 24 34 20 20 21 24 25 20 27 23 39 20 178 20 998 22 21 40 22 29 60 25 49 220
internal_value=-0.00130616 -0.0307068 0.00982671 0.0974729 0.152217 -0.0514698 0.15735 0.157941 0.157527 0.150053 0.157879 0.157635 0.16063 0.157354 0.159519 0.157823 0.157043 0.158339 0.157171 0.157102 -0.0540863 -0.055801 0.157037 -0.0552317 0.156245 0.156899 0.156992 0.157121 0.157315 0.156876
internal_weight=2100.35 1771.19 646.177 272.246 199.075 73.1709 194.269 192.168 185.097 8.32338 176.774 172.382 14.7673 157.615 19.7927 14.0667 137.822 9.72246 129.5 124.324 71.7205 3.33189 120.011 4.80623 9.13925 329.156 115.472 54.6734 16.0443 60.7988
internal_count=25456 23940 7493 2024 971 1053 910 892 858 40 818 797 69 728 92 65 636 45 597 573 1041 43 553 61 42 1516 532 252 74 280
is_linear=0
shrinkage=0.05


Tree=6
num_leaves=31
num_cat=0
split_feature=9 7 8 0 9 7 0 9 7 1 1 5 9 7 17 4 11 7 4 8 7 11 9 7 3 5 4 5 7 1
split_gain=3768.76 866.146 282.057 182.284 130.599 146.871 214.166 92.884 272.156 54.4992 11.4396 8.69324 6.9032 14.4416 61.5577 4.47514 2.78789 25.557 11.4295 2.39143 0.465407 0.563138 0.26654 0.708875 1.44373 0.200803 0.0932171 0.0799109 0.0771314 0.0613923
threshold=-0.3516209517534778 199.50000000000003 267.48845327604732 3.3190240918789269 -0.57764105235288132 119.50000000000001 0.11812552495011401 -0.12453542817161221 94.500000000000014 9.9394336746564438 10.702598822843088 6.532229361742492 -0.69397300885068869 119.50000000000001 1.0000000180025095e-35 7.3808759299945494 0.033908045977011504 145.50000000000003 4.6001450180613412 166.96291676411738 123.50000000000001 0.042572463768115944 -0.71929357792026261 120.50000000000001 8.1490238262862587 7.0282751920169764 5.2857353797162627 7.945137119693265 114.50000000000001 2.6735537653587347
decision_type=2 2 2 2 2 2 2 2 2 2 2 2 2 2 2 2 2 2 2 2 2 2 2 2 2 2 2 2 2 2
left_child=4 2 3 7 12 -6 -7 8 -2 -4 -3 -9 22 -14 -15 27 17 18 -13 20 25 -22 -1 -24 -25 -18 -19 -10 -27 -30
right_child=1 10 9 -5 5 6 -8 11 15 -11 -12 16 13 14 -16 -17 19 26 -20 -21 21 -23 23 24 -26 28 -28 -29 29 -31
leaf_value=-0.053775549402146329 -0.053775269998224955 -0.053836283063839807 -0.053848860078694431 -0.053799050559978412 -0.053783724043157122 0.14131343109785011 -0.053921613261478221 -0.055360981476953619 0.13457497656403378 0.14139590900678126 0.098816036781361166 -0.053887865833568721 -0.053775267746022364 -0.053775059923721835 0.14095719756868294 0.089091059197474592 0.15093275494459735 0.14167850380997549 0.11707903721096297 0.10702404606516532 0.16657714311223268 0.14263203988481157 -0.0537752651785178 0.0093706438583678938 -0.054135783545489015 0.14135578511295765 0.13435476756950585 0.14165807321994311 0.14276469102648148 0.14924305248839306
leaf_weight=1196.7672050893307 25.588162139058113 85.391364380717278 27.223530307412151 13.752823196351526 57.510114140808582 33.380308538675308 24.252223454415798 0.56894531100988288 4.2718027085065833 4.114296466112136 1.2451788932085026 2.5991426184773436 41.450188718736172 15.534925550222399 5.493419498205184 4.4128015264868727 5.736007645726203 33.797901004552841 1.5668774172663686 4.9701413139700881 4.1765315532684308 5.9582958370447159 9.7261013612151128 1.5185291692614549 2.1792535036802292 367.13273186981678 4.9857356697320929 58.692966029047966 11.604918420314791 5.339630499482154
leaf_count=18333 392 1298 412 210 880 146 367 7 20 18 9 39 635 238 24 28 26 148 9 27 20 27 149 20 31 1606 24 257 51 24
internal_value=-0.00115763 0.0959274 0.117726 0.125965 -0.0482467 0.00274667 0.059157 0.130531 0.0850458 -0.0282155 -0.0516423 0.13996 -0.0528602 -0.0366534 -0.00290344 0.137766 0.140209 0.128096 0.0104143 0.141493 0.141922 0.1525 -0.053697 -0.0466906 -0.0280563 0.141647 0.140737 0.141178 0.141508 0.144806
internal_weight=2060.94 673.13 586.493 555.155 1387.81 115.143 57.6325 541.403 92.9657 31.3378 86.6365 448.437 1272.67 62.4785 21.0283 67.3776 447.868 42.9497 4.16602 404.918 399.948 10.1348 1210.19 13.4239 3.69778 389.813 38.7836 62.9648 384.077 16.9445
internal_count=25475 4652 3345 2915 20823 1393 513 2705 697 430 1307 2008 19430 897 262 305 2001 220 48 1781 1754 47 18533 200 51 1707 172 277 1681 75
is_linear=0
shrinkage=0.05


Tree=7
num_leaves=31
num_cat=0
split_feature=9 7 8 6 9 7 0 9 7 1 1 9 7 15 4 11 7 8 6 11 4 9 7 7 7 8 1 8 11 8
split_gain=3349.58 736.471 238.762 157.812 130.314 136.085 192.174 76.8763 239.477 44.3124 17.034 7.11064 14.6603 61.5603 3.20696 3.12131 37.9154 1.65218 0.415458 0.351039 0.241396 0.139446 0.388536 0.0371826 0.0265833 0.0118339 0.00749213 0.00365405 0.00301542 0.00188383
threshold=-0.3516209517534778 199.50000000000003 270.04000000000002 2.1376109762125082 -0.57764105235288132 119.50000000000001 0.11812552495011401 -0.12453542817161221 94.500000000000014 9.9394336746564438 10.835188264433123 -0.70688395170678076 119.50000000000001 1.0000000180025095e-35 7.2902926497970748 0.033908045977011504 133.50000000000003 166.96291676411738 2.3541757980523781 0.036375661375661381 5.2704288588135384 -0.71929357792026261 120.50000000000001 126.50000000000001 118.50000000000001 249.16666666666671 2.602003343538398 125.14398496240602 0.039230769230769243 216.70833333333334
decision_type=2 2 2 2 2 2 2 2 2 2 2 2 2 2 2 2 2 2 2 2 2 2 2 2 2 2 2 2 2 2
left_child=4 2 3 -2 11 -6 -7 8 -5 -4 -3 21 -13 -14 25 16 -9 18 -17 -20 -18 -1 -23 24 27 -10 -26 28 -21 -8
right_child=1 10 9 7 5 6 29 15 14 -11 -12 12 13 -15 -16 17 20 -19 19 23 -22 22 -24 -25 26 -27 -28 -29 -30 -31
leaf_value=-0.053577842554026825 -0.053752585984523517 -0.053639857192950648 -0.053651812615615684 -0.053577614381360529 -0.053585630764321636 0.12927540941636301 -0.055074079437997886 -0.053725707557563729 0.12940723471539398 0.12934494163695531 0.12967779384146921 -0.053577613085860121 -0.05359159564756371 0.1314213028811293 0.091572980594594233 0.1424768142181311 0.12963965235723884 0.10100265542633054 0.13979533552902632 0.12817983730269131 0.11821562335111963 -0.05357761254391278 -0.026474729330518972 0.12539448949360976 0.13050911196011836 0.13190095720728776 0.13300797423271735 0.1306264890411557 0.12933785543562115 -0.053588972198275166
leaf_weight=1144.9778937585652 13.456539288163183 81.746144328266382 25.824944857507948 25.175516169518232 54.964828111231327 35.576852038502693 2.368788160383704 3.0815693922340861 58.560970515012741 3.7941136360168448 1.2871586978435505 44.680296055972576 16.941371142864231 6.1204261481761923 6.0691164284944525 6.330426111817359 35.539547830820084 5.0538419485092154 8.2169044166803342 5.709734007716178 5.3158075027167788 4.985248550772666 1.7996997684240339 5.8432635366916648 6.1440624892711622 5.178103193640708 5.8609411418437958 5.4302110821008673 364.00451111793518 21.666375249624252
leaf_count=18373 211 1301 409 404 881 150 33 48 247 16 8 717 271 26 36 28 150 26 36 24 26 80 25 25 26 22 25 23 1535 347
internal_value=-0.00183777 0.0886897 0.108169 0.115424 -0.0478196 0.0031625 0.0554867 0.119551 0.0786254 -0.0302105 -0.0507981 -0.0526096 -0.0368667 -0.00449058 0.126303 0.128066 0.115397 0.129415 0.129768 0.129567 0.128153 -0.0535355 -0.0463886 0.129353 0.129413 0.12961 0.131729 0.129339 0.12932 -0.0537353
internal_weight=2011.71 677.623 594.59 564.971 1334.08 114.577 59.612 551.515 94.9837 29.6191 83.0333 1219.5 67.7421 23.0618 69.8082 456.531 43.9369 412.594 407.54 401.21 40.8554 1151.76 6.78495 392.993 387.149 63.7391 12.005 375.144 369.714 24.0352
internal_count=25529 4626 3317 2892 20903 1411 530 2681 709 425 1309 19492 1014 297 305 1972 224 1748 1722 1694 176 18478 105 1658 1633 269 51 1582 1559 380
is_linear=0
shrinkage=0.05


Tree=8
num_leaves=31
num_cat=0
split_feature=9 7 8 0 9 7 0 9 7 3 4 9 7 15 5 11 7 3 8 2 5 11 9 7 5 7 7 6 8 4
split_gain=3064.28 650.776 206.43 140.072 117.341 122.865 163.437 61.8133 209.306 46.9233 8.21049 7.01067 13.7499 55.6283 4.18377 1.88975 21.1126 3.91395 1.87111 0.994514 0.312285 0.183647 0.146655 0.369129 0.0812517 0.0441514 0.0250074 0.0135905 0.0135316 0.00527983
threshold=-0.3516209517534778 199.50000000000003 270.04000000000002 3.3190240918789269 -0.57764105235288132 119.50000000000001 0.11812552495011401 -0.12453542817161221 94.500000000000014 13.809467489881166 14.34351978438416 -0.70688395170678076 119.50000000000001 1.0000000180025095e-35 6.532229361742492 0.033908045977011504 140.50000000000003 4.4942230200312032 152.05000000000004 2.524928003624769 6.9335082737100722 0.036375661375661381 -0.71929357792026261 120.50000000000001 8.3124704395808298 126.50000000000001 114.50000000000001 3.0802481087182549 120.00996677740865 5.5114085413964808
decision_type=2 2 2 2 2 2 2 2 2 2 2 2 2 2 2 2 2 2 2 2 2 2 2 2 2 2 2 2 2 2
left_child=4 2 3 7 11 -6 -7 8 -2 -4 -3 22 -13 -14 -9 16 17 -16 20 27 -17 -22 -1 -24 -18 26 -23 -10 -28 -29
right_child=1 10 9 -5 5 6 -8 14 19 -11 -12 12 13 -15 15 18 24 -19 -20 -21 21 25 23 -25 -26 -27 28 29 -30 -31
leaf_value=-0.053391195888744573 -0.053390981688576658 -0.05345675573630651 -0.053455492740447808 -0.053426133321380812 -0.053398513631387118 0.11965855498633277 -0.053544749738519498 -0.054606980218129798 0.11714696972524025 0.11971808515722127 0.059289982551321521 -0.053390979561596913 -0.053406581601880714 0.121396168100475 -0.053493388826324761 0.13228915493262974 0.1140513851232188 0.051000540331831518 0.090117198116010322 0.096933739096941085 0.1277075671535865 0.11969631274244033 -0.053390978725673222 -0.026825683036391313 0.12013764851580067 0.11537887475353048 0.12037624390943985 0.11972194496049374 0.12304210732264438 0.1213388969046338
leaf_weight=1085.1152202896774 23.969816382974386 78.042698934674263 25.479811836034063 13.226615469902752 52.819288205355406 35.028292566537857 22.285108476877213 0.34876625612378021 4.9506657272577277 4.6211443543434134 1.6488508284091938 41.932283859699965 16.477741949260238 6.2882091403007498 2.0060158446431156 5.1171434819698325 6.5466303303837767 1.6196853443980215 5.2995731905102721 5.2017428800463668 7.3286359757184973 386.49218925833702 4.5798375122249118 1.8302074223756788 33.773014068603516 5.7685434371232978 10.925002485513689 53.750668093562126 8.4353833794593793 5.5718781352043143
leaf_count=18243 403 1301 423 221 887 144 369 5 21 19 16 705 276 26 33 22 29 14 27 28 31 1589 77 26 139 24 45 221 35 23
internal_value=-0.00150776 0.0832561 0.100799 0.107421 -0.0477014 0.00161362 0.0523121 0.111173 0.0740076 -0.0268696 -0.051124 -0.0523988 -0.0364069 -0.00512412 0.118505 0.118632 0.108757 -0.00681351 0.119643 0.117962 0.120012 0.119862 -0.0533467 -0.045806 0.119149 0.119722 0.119784 0.119664 0.121538 0.119874
internal_weight=1956.48 690.124 610.433 580.332 1266.36 110.133 57.3134 567.105 93.4448 30.101 79.6915 1156.22 64.6982 22.766 473.661 473.312 43.9453 3.6257 429.366 69.475 424.067 418.95 1091.53 6.41004 40.3196 411.621 405.853 64.2732 19.3604 59.3225
internal_count=25422 4669 3352 2910 20753 1400 513 2689 696 442 1317 19353 1007 302 1993 1988 215 47 1773 293 1746 1724 18346 103 168 1693 1669 265 80 244
is_linear=0
shrinkage=0.05


Tree=9
num_leaves=31
num_cat=0
split_feature=9 7 8 0 9 7 0 9 7 1 4 9 7 14 11 8 4 8 11 7 3 5 9 7 4 8 8 1 1 8
split_gain=2817.67 583.924 192.156 128.368 82.7775 87.9271 110.105 73.6393 186.171 41.5064 11.9085 7.8279 15.3845 52.5769 6.22013 65.7039 6.10639 2.6694 0.182031 0.556183 0.266818 0.250046 0.155214 0.441177 0.0851505 0.0530345 0.0205009 0.0188548 0.00553758 0.00463809
threshold=-0.40546510810816411 199.50000000000003 270.04000000000002 3.3190240918789269 -0.57764105235288132 119.50000000000001 0.11812552495011401 -0.19294029418538369 94.500000000000014 9.9394336746564438 14.836867121650442 -0.70688395170678076 120.50000000000001 1.0000000180025095e-35 0.033908045977011504 147.01898734177217 5.5587548463575329 177.27179487179492 0.039230769230769243 126.50000000000001 7.4544301786633325 6.9335082737100722 -0.71929357792026261 120.50000000000001 5.3729582179059152 114.08333333333336 128.09459459459461 2.602003343538398 10.392348981615788 251.04347826086959
decision_type=2 2 2 2 2 2 2 2 2 2 2 2 2 2 2 2 2 2 2 2 2 2 2 2 2 2 2 2 2 2
left_child=4 2 3 7 11 -6 -7 8 -2 -4 28 22 -13 -14 15 -9 29 18 20 21 25 -20 -1 -24 -17 -16 -23 -28 -3 -10
right_child=1 10 9 -5 5 6 -8 14 16 -11 -12 12 13 -15 17 24 -18 -19 19 -21 -22 26 23 -25 -26 -27 27 -29 -30 -31
leaf_value=-0.05321492056073867 -0.053214651885166477 -0.053260732545115257 -0.053281460379231385 -0.05324323634214282 -0.05322271534043338 0.11180555688728749 -0.05324513453197554 -0.053338078755030917 0.11184228669749802 0.11185183492839075 0.1094408291706641 -0.053214680596831002 0.11313161724181364 -0.053229034357891537 0.11046991837465024 0.11222751960116187 0.055626985755748509 0.076720074620422823 0.12346787735629011 0.095651429332657245 0.12561624992337253 0.11187559044886118 -0.053214679950465131 -0.022537538308089029 0.1062418125712505 0.11666569120565436 0.11205911215917359 0.11638588478381706 -0.056709261871743771 0.11329645885286495
leaf_weight=1038.6575837954879 25.712226245552301 77.265027843415737 26.282653335481886 13.57974950969219 40.692073699086905 26.698936760425568 16.257062572985888 6.6939990632235995 49.686567574739456 4.4494760334491721 1.1402623876929272 40.867434363812208 6.8938363343477258 15.26759447529912 8.4220381528139132 55.08591128885746 5.2552681788802138 5.40207365900278 4.7527468353509894 5.2263398543000212 5.9464170187711707 395.48540748655796 4.4840649440884581 1.586699344217777 6.6598191410303107 5.8550435751676551 5.1879617273807508 4.892194926738739 1.1819122955203045 6.1635761857032767
leaf_count=18298 453 1352 457 238 716 108 285 115 201 18 9 720 28 268 34 223 30 29 20 24 25 1600 79 23 29 24 21 20 12 25
internal_value=-0.00131493 0.0767519 0.0926178 0.0987637 -0.0485143 -0.000553063 0.0493407 0.102225 0.0596588 -0.029373 -0.0509809 -0.052136 -0.0350239 -0.00147863 0.109476 0.0954513 0.107154 0.111652 0.112085 0.11186 0.116717 0.112066 -0.0531683 -0.0451967 0.111582 0.113011 0.111932 0.114159 -0.0533127 0.112003
internal_weight=1911.73 720.327 640.739 610.007 1191.41 83.6481 42.956 596.428 86.8176 30.7321 79.5872 1107.76 63.0289 22.1614 509.61 68.4397 61.1054 441.17 435.768 415.545 20.2235 410.318 1044.73 6.07076 61.7457 14.2771 405.566 10.0802 78.4469 55.8501
internal_count=25484 4959 3586 3111 20525 1109 393 2873 709 475 1373 19416 1016 296 2164 367 256 1797 1768 1685 83 1661 18400 102 252 58 1641 41 1364 226
is_linear=0
shrinkage=0.05


Tree=10
num_leaves=31
num_cat=0
split_feature=9 7 8 9 6 7 0 9 7 1 1 9 7 15 3 9 3 4 8 9 7 6 3 7 0 14 7 8 9 6
split_gain=2587.45 510.287 155.885 107.699 107.298 100.151 124.777 44.1083 163.237 33.9975 16.9736 8.26572 16.1626 47.3608 3.05274 1.37664 9.83947 7.92342 0.979107 0.291334 0.700533 1.67015 0.172645 0.150245 0.376015 0.162551 0.245292 0.0199863 0.020621 0.0179879
threshold=-0.3516209517534778 199.50000000000003 270.04000000000002 -0.56139784187848674 2.1376109762125082 119.50000000000001 0.1538913039458861 -0.12453542817161221 94.500000000000014 9.9394336746564438 11.005600194808995 -0.69397300885068869 119.50000000000001 1.0000000180025095e-35 7.1176108538148393 -0.032921913680208796 4.9732735209982879 4.6001450180613412 188.03448275862073 -0.71929357792026261 120.50000000000001 3.5085660361039923 7.1176108538148393 174.50000000000003 0.069396530627187744 1.0000000180025095e-35 123.50000000000001 120.00996677740865 0.048349875593902254 3.1144831092540808
decision_type=2 2 2 2 2 2 2 2 2 2 2 2 2 2 2 2 2 2 2 2 2 2 2 2 2 2 2 2 2 2
left_child=3 2 4 11 -2 -5 -7 8 -6 -4 -3 19 -13 -14 -10 16 17 -9 23 -1 -21 -22 29 25 -25 -17 27 28 -27 -18
right_child=1 10 9 5 7 6 -8 15 14 -11 -12 12 13 -15 -16 18 22 -19 -20 20 21 -23 -24 24 -26 26 -28 -29 -30 -31
leaf_value=-0.053048307487874272 -0.053304310519083853 -0.053131351031280853 -0.053113230938070626 -0.053055490605821487 -0.053048014001909373 0.10528629554662544 -0.053213288885608556 -0.05309844515067267 0.1055574545960641 0.1053064680603647 0.13621148294689439 -0.053048076369857936 -0.053047692041367958 0.10511694731759863 0.068583898520629932 0.098123009405133563 0.10913998720561742 0.097206786868637249 0.084084162067008389 -0.053048082987698822 -0.053441433104106977 0.019057099595080382 0.096477379089745741 0.10546398008101016 0.089802406562397838 0.10281392970676016 0.11342627605281662 0.10757154495834963 0.10532633327634733 0.10572587679857499
leaf_weight=993.9505882114172 11.942725874483584 71.855004575103521 22.400342479348186 44.087020367383957 21.824985153973103 34.662162229418755 19.34816637635231 1.920740958303216 68.057472437620163 3.9898431301116934 1.2034546434879292 38.289153784513474 13.700249038636686 7.2312177568674079 6.0816027969121924 7.5771867409348479 5.169782027602202 1.6132445037364957 5.5615008547902098 8.0152837559580785 2.0897906273603435 1.2815583385527132 5.320337899029254 12.715644091367723 5.4858380556106559 8.3397182486951333 9.5680732503533346 9.69615291059017 394.71488021314144 15.204917728900908
leaf_count=18352 213 1310 408 813 403 139 351 35 273 16 6 707 253 29 34 34 21 8 26 148 35 17 25 51 24 35 40 39 1583 61
internal_value=-0.0017428 0.0749411 0.0897323 -0.0472684 0.0950432 0.00286259 0.0485069 0.0981039 0.0671429 -0.0291623 -0.0500124 -0.0518879 -0.033735 0.00159363 0.102525 0.104257 0.0937392 0.015515 0.104934 -0.0529572 -0.0450049 -0.0258824 0.104498 0.105193 0.100744 0.105382 0.105512 0.105328 0.105274 0.106592
internal_weight=1852.9 690.243 617.185 1162.66 590.795 98.0973 54.0103 578.852 95.9641 26.3902 73.0585 1064.56 59.2206 20.9315 74.1391 482.888 29.229 3.53399 453.659 1005.34 11.3866 3.37135 25.695 448.097 18.2015 429.896 422.319 412.751 403.055 20.3747
internal_count=25489 4645 3329 20844 2905 1303 490 2692 710 424 1316 19541 989 282 307 1982 150 43 1832 18552 200 52 107 1806 75 1731 1697 1657 1618 82
is_linear=0
shrinkage=0.05


Tree=11
num_leaves=31
num_cat=0
split_feature=9 7 8 6 9 7 0 9 7 1 1 9 7 14 11 8 6 8 3 9 7 8 0 3 13 4 9 7 1 1
split_gain=2410.44 459.761 149.61 103.523 73.8756 76.7681 86.8791 54.7665 147.728 35.3262 17.4029 8.0629 14.7428 45.5146 5.03978 54.4814 4.16448 1.33776 0.444037 0.164214 0.376469 0.156788 0.227139 0.132097 0.121876 0.0981171 0.0520594 0.0368209 0.00572669 0.00389509
threshold=-0.40546510810816411 199.50000000000003 270.04000000000002 2.1376109762125082 -0.57764105235288132 119.50000000000001 0.11812552495011401 -0.19294029418538369 94.500000000000014 9.9394336746564438 11.655418162737622 -0.70688395170678076 119.50000000000001 1.0000000180025095e-35 0.033908045977011504 147.01898734177217 3.0468376628753213 172.25000000000003 5.2548844000372066 -0.71929357792026261 120.50000000000001 99.083333333333357 1.2349869032859482 7.4544301786633325 0.088932806324110686 5.3729582179059152 -0.12453542817161221 116.50000000000001 2.4414009612931857 10.392348981615788
decision_type=2 2 2 2 2 2 2 2 2 2 2 2 2 2 2 2 2 2 2 2 2 2 2 2 2 2 2 2 2 2
left_child=4 2 3 -2 11 -6 -7 8 -5 -4 29 19 -13 -14 15 -9 -10 21 -18 -1 -21 24 23 26 27 -17 -23 -16 -28 -3
right_child=1 10 9 7 5 6 -8 14 16 -11 -12 12 13 -15 17 25 18 -19 -20 20 -22 22 -24 -25 -26 -27 28 -29 -30 -31
leaf_value=-0.052890754331731515 -0.053146404807117735 -0.052930131897668764 -0.052956468898941136 -0.052890569000037746 -0.052897725518257555 0.099743023816906473 -0.052916495977894773 -0.053089356847025475 0.040929411777014368 0.099778514004746827 0.14476298901349779 -0.052890604901439001 0.10147194298502038 -0.052910128694472008 0.099757808936800141 0.10016884173598484 0.099851251461424664 0.075295648544290494 0.084973641681318851 -0.052890604365298445 -0.024855659292322307 0.10530592339066835 0.11055730674480049 0.10908100753422455 0.092308744867433679 0.093692162829471265 0.10110112128326557 0.10409723489933936 0.099613861382940053 -0.055872655475732648
leaf_weight=947.01536495238543 12.588135629892347 69.510615009814501 23.854873437434438 23.249283213168383 37.660112462937832 26.4997818171978 14.375657644122837 6.451361406594514 3.3328258097171775 4.4999777376651755 1.1304820328950871 36.527574799954891 7.224208891391755 14.077122613787651 371.74659280478954 56.246821776032448 51.998671337962151 5.5130926370620719 5.5506140217185012 3.9265845268964759 1.722917668521404 4.9757529497146598 7.5712627023458472 4.9204545170068732 5.4866266548633567 6.526107318699359 7.9946182072162619 4.9535719305276862 33.994743481278419 1.143145017325877
leaf_count=18329 235 1336 455 450 728 106 277 120 20 18 5 707 29 271 1487 225 208 26 25 76 26 20 31 20 22 28 32 20 136 13
internal_value=-0.00131339 0.070138 0.0835672 0.0887601 -0.0481091 -0.00139651 0.0460535 0.0917348 0.0543261 -0.0287171 -0.0498637 -0.0517396 -0.0336118 -0.000552447 0.0978296 0.0852753 0.0952693 0.0997731 0.0984163 -0.0528401 -0.0443408 0.100079 0.102467 0.101287 0.0997071 0.0994955 0.10047 0.0998149 0.099897 -0.0529777
internal_weight=1802.27 713.24 641.455 613.101 1089.03 78.5356 40.8754 600.512 84.1314 28.3549 71.7842 1010.49 57.8289 21.3013 516.381 69.2243 60.8821 447.157 57.5493 952.665 5.6495 441.644 59.4568 51.8856 382.187 62.7729 46.9651 376.7 41.9894 70.6538
internal_count=25481 4932 3578 3105 20549 1111 383 2870 703 473 1354 19438 1007 300 2167 373 253 1794 233 18431 102 1768 239 208 1529 253 188 1507 168 1349
is_linear=0
shrinkage=0.05


Tree=12
num_leaves=31
num_cat=0
split_feature=9 7 8 6 9 7 0 9 7 1 9 7 14 4 11 8 4 8 9 7 6 6 0 4 11 7 9 1 11 6
split_gain=2209.51 423.504 137.624 91.6468 74.582 71.331 79.9754 48.5348 135.746 29.7132 6.97788 12.7584 36.2367 6.5504 4.68696 49.5836 3.99364 1.0751 0.303138 0.705869 1.56945 0.136775 0.278807 0.100351 0.0566036 0.0689305 0.0098326 0.00300212 0.0021061 0.00194443
threshold=-0.40546510810816411 199.50000000000003 270.04000000000002 2.1376109762125082 -0.57764105235288132 119.50000000000001 0.11812552495011401 -0.19294029418538369 94.500000000000014 10.070801030819768 -0.69397300885068869 119.50000000000001 1.0000000180025095e-35 14.836867121650442 0.033908045977011504 147.01898734177217 5.5471267646873921 166.96291676411738 -0.71929357792026261 120.50000000000001 3.5085660361039923 2.5588598922654513 1.199365564352278 5.3729582179059152 0.036375661375661381 125.50000000000001 -0.089033504231811098 10.392348981615788 0.014185110663983905 2.4577381012080517
decision_type=2 2 2 2 2 2 2 2 2 2 2 2 2 2 2 2 2 2 2 2 2 2 2 2 2 2 2 2 2 2
left_child=4 2 3 28 10 -6 -7 8 -5 -4 18 -12 -13 27 15 -9 -10 21 -1 -20 -21 22 29 -17 -23 26 -26 -3 -2 -16
right_child=1 13 9 7 5 6 -8 14 16 -11 11 12 -14 -15 17 23 -18 -19 19 20 -22 24 -24 -25 25 -27 -28 -29 -30 -31
leaf_value=-0.052741831230961073 -0.052739521538277406 -0.052768739680150667 -0.052793114556725224 -0.052741658650338898 -0.052748701657878552 0.095023621483267762 -0.05276794564435866 -0.05294036173860231 0.095141067377018093 0.095051441744679069 -0.05274169010286596 0.094816676905495612 -0.052741364821536234 0.074852001972354962 0.094402823975068939 0.095421803028423985 0.055841363619784916 0.072972329404420694 -0.052741687404189143 -0.053150403960361331 0.018222408302823869 0.099347612596965978 0.10848683345720322 0.088859200397017446 0.097053406424524202 0.089441328644475571 0.095052267356727393 -0.055532478362303239 -0.055145529050898728 0.095706372487073033
leaf_weight=902.07604752108455 10.883400082588192 66.784499201923609 22.949344821274284 22.570509251207113 34.690245892852545 26.92590606212616 13.868405617773531 6.2796699330210677 54.605806618928909 3.9891581535339347 31.096365589648485 6.4785744547843942 11.629103969782591 1.0199414417147625 5.4789393991231936 53.622019931674004 7.3324713483452788 5.4754893854260436 7.3921565636992437 1.9300630986690523 1.2817366681993005 7.6532073765993109 5.8643124699592581 6.5350844860076895 6.2334672808647147 5.487323358654975 402.40183579921722 0.9972677156329145 0.99249299988150674 5.9864760786294937
leaf_count=18304 221 1348 460 458 703 108 280 122 219 16 631 26 236 8 22 215 39 25 150 35 17 31 24 28 25 22 1614 12 13 24
internal_value=-0.00151807 0.0669085 0.079688 0.0845927 -0.0478986 -4.07447e-05 0.0447805 0.0873353 0.0522349 -0.0308997 -0.0516542 -0.033313 5.20269e-05 -0.0509169 0.09314 0.0807529 0.0904886 0.0949911 -0.052643 -0.0442384 -0.0246676 0.0952657 0.0996191 0.0947089 0.0950868 0.095008 0.0950828 -0.0528094 -0.0529406 0.0950835
internal_weight=1740.51 703.143 634.341 607.403 1037.37 75.4846 40.7943 595.527 84.5088 26.9385 961.884 49.204 18.1077 68.8017 511.018 66.4368 61.9383 444.581 912.68 10.604 3.2118 439.106 17.3297 60.1571 421.776 414.123 408.635 67.7818 11.8759 11.4654
internal_count=25436 4946 3578 3102 20490 1091 388 2868 716 476 19399 893 262 1368 2152 365 258 1787 18506 202 52 1762 70 243 1692 1661 1639 1360 234 46
is_linear=0
shrinkage=0.05


Tree=13
num_leaves=31
num_cat=0
split_feature=9 7 8 6 9 7 0 9 7 1 1 9 7 17 14 11 8 8 6 11 3 7 4 8 8 4 1 11 3 7
split_gain=2066.78 379.295 118.779 86.4439 73.6533 69.658 73.431 43.2234 121.823 32.0845 15.019 7.55548 13.7144 43.6098 6.46842 4.12881 47.14 1.68572 0.117265 0.0664091 0.102048 0.0872311 0.0422967 0.0214941 0.0131362 0.0100028 0.00346922 0.00172307 0.00155968 0.00134643
threshold=-0.40546510810816411 199.50000000000003 270.04000000000002 2.1376109762125082 -0.57764105235288132 119.50000000000001 0.11812552495011401 -0.19294029418538369 94.500000000000014 9.9394336746564438 11.655418162737622 -0.71929357792026261 120.50000000000001 1.0000000180025095e-35 1.0000000180025095e-35 0.033908045977011504 147.01898734177217 185.16972477064223 2.3320951611866234 0.039230769230769243 7.4662273925763296 126.50000000000001 5.3729582179059152 114.08333333333336 128.09459459459461 5.5353618778730294 10.392348981615788 0.011050061050061052 7.5898413843865926 120.50000000000001
decision_type=2 2 2 2 2 2 2 2 2 2 2 2 2 2 2 2 2 2 2 2 2 2 2 2 2 2 2 2 2 2
left_child=4 2 3 27 11 -6 -7 8 -5 -4 26 -1 -13 -14 25 16 -9 18 -17 20 23 24 -18 -20 29 -10 28 -2 -3 -21
right_child=1 10 9 7 5 6 -8 15 14 -11 -12 12 13 -15 -16 17 22 -19 19 21 -22 -23 -24 -25 -26 -27 -28 -29 -30 -31
leaf_value=-0.052601000247293077 -0.052598785431325068 -0.054254157664305115 -0.052658391921714759 -0.052600808259216626 -0.052606966579827032 0.090937531028774776 -0.052625867513164254 -0.052791062481457554 0.091014098202966409 0.09131301993768956 0.12607836533105829 -0.052600836336674388 -0.052733012609472933 0.097581089009027497 0.03121315199615542 0.098674504455023043 0.091276559342713268 0.0616122736350063 0.090152149033096651 0.090961506089309849 0.099372028659697631 0.084510389023402022 0.086828027802193647 0.093948683323699614 0.092838034246640083 0.093314198141789151 -0.055508617401594344 -0.054788599238960733 -0.05261065494462417 0.091704658572338768
leaf_weight=859.20019736886024 10.849280249327418 1.4778625965118397 21.788688767701391 21.384786371141672 33.973902300000191 27.474350452423096 13.179835740476845 6.2896783091127864 50.006825521588326 4.7054568380117408 1.1965202540159214 36.84797752648592 14.434254452586176 7.2484243661165229 4.8864062502980223 5.1371495872735968 56.226981937885284 4.878984607756137 9.3820696771144885 393.07724450528622 5.9224140942096701 5.2166210114955893 5.9044536873698226 6.1862559318542472 9.6703726351261121 5.2202628105878821 1.0784260369837273 0.97941212356090623 62.192414440214634 6.1908950805664054
leaf_count=18280 231 23 457 455 722 111 279 128 202 19 5 784 297 30 29 21 227 23 38 1588 24 21 25 25 39 21 13 14 1320 25
internal_value=-0.00112824 0.0646712 0.0765435 0.0810637 -0.0475325 0.00023564 0.0443952 0.083722 0.049892 -0.0270885 -0.0494527 -0.0514169 -0.0340349 -0.00248367 0.0863528 0.0890851 0.0776491 0.0908408 0.0911644 0.0910758 0.0937858 0.0909352 0.0908538 0.0916607 0.0910171 0.0912315 -0.0526964 -0.0527801 -0.0526488 0.090973
internal_weight=1692.21 699.849 633.904 607.41 992.359 74.6281 40.6542 595.581 81.4983 26.4941 65.9452 917.731 58.5307 21.6827 60.1135 514.083 68.4211 445.662 440.783 435.646 21.4907 414.155 62.1314 15.5683 408.939 55.2271 64.7487 11.8287 63.6703 399.268
internal_count=25476 4973 3612 3136 20503 1112 390 2891 707 476 1361 19391 1111 327 252 2184 380 1804 1781 1760 87 1673 252 63 1652 223 1356 245 1343 1613
is_linear=0
shrinkage=0.05


Tree=14
num_leaves=31
num_cat=0
split_feature=9 7 8 6 9 7 0 9 7 1 1 9 7 15 14 11 8 8 6 0 6 4 7 7 4 8 9 2 11 11
split_gain=1918.57 347.216 108.5 78.9174 62.903 59.9508 66.2041 34.749 111.419 28.6112 13.8049 6.61109 12.1345 38.7925 5.86599 3.62489 42.2713 1.13021 0.0851064 0.173892 0.110333 0.0491903 0.0468396 0.0320742 0.00738764 0.00646131 0.00471679 0.00333586 0.00188978 0.00179111
threshold=-0.40546510810816411 199.50000000000003 270.04000000000002 2.1376109762125082 -0.57764105235288132 119.50000000000001 0.11812552495011401 -0.19294029418538369 94.500000000000014 9.9394336746564438 11.655418162737622 -0.71929357792026261 119.50000000000001 1.0000000180025095e-35 1.0000000180025095e-35 0.033908045977011504 147.01898734177217 182.12500000000003 2.8223751534973576 1.199365564352278 2.8837659467480177 5.3729582179059152 121.50000000000001 122.50000000000001 5.5353618778730294 120.00996677740865 -0.089033504231811098 9.7957348419155554 0.039230769230769243 0.019803921568627456
decision_type=2 2 2 2 2 2 2 2 2 2 2 2 2 2 2 2 2 2 2 2 2 2 2 2 2 2 2 2 2 2
left_child=4 2 3 29 11 -6 -7 8 -5 -4 27 -1 -13 -14 24 16 -9 18 19 23 -20 -18 25 26 -10 28 -17 -3 -22 -2
right_child=1 10 9 7 5 6 -8 15 14 -11 -12 12 13 -15 -16 17 21 -19 20 -21 22 -23 -24 -25 -26 -27 -28 -29 -30 -31
leaf_value=-0.052467695217119636 -0.052465572337574456 -0.052494790209394293 -0.052513213710514012 -0.052467539451924942 -0.052473464780967607 0.08738105037508001 -0.052487184163449233 -0.052668081113169389 0.087433261633334938 0.087727387279067814 0.11706655859133426 -0.052467566955889659 -0.052588654573587662 0.094660121240779063 0.03047153981050027 0.08897691851776586 0.08766179489138326 0.064326949287759588 0.080583571587372629 0.0975891251295498 0.086574696884668401 0.082938394825515738 0.092207194679720619 0.091957703977624497 0.089412544711558531 0.08885509671681048 0.087283447187711583 -0.055508675154066982 0.087399791050229075 -0.054809268843340676
leaf_weight=817.83447797223926 10.435045618563887 61.0180937461555 20.739255949854854 19.89919788390398 31.993825156241655 25.212928801774979 12.732917442917822 5.9278155192732802 53.128494620323181 4.4102630615234366 1.2234333902597416 34.689482666552067 13.47044610604644 6.6963684633374205 4.8670021668076506 5.1559303402900758 54.886286422610283 5.2855987325310698 5.8918526023626319 6.1154239028692237 7.0743445307016364 6.1273553669452658 5.1654392182826987 5.1365645229816428 5.1735196560621253 7.6180015206336966 20.303801894187927 0.93213395774364372 364.75722081959248 0.8842695280909546
leaf_count=18247 233 1353 457 444 713 103 283 126 217 18 5 774 291 28 28 21 224 24 24 25 29 26 21 21 21 31 83 11 1490 12
internal_value=-0.00146394 0.0624049 0.073801 0.078109 -0.0476841 -0.00205906 0.0404476 0.0806499 0.0507055 -0.0279204 -0.0492555 -0.0513406 -0.0345373 -0.00369486 0.0832066 0.0856302 0.0748029 0.0873061 0.0875904 0.089892 0.087374 0.0871874 0.087478 0.0883535 0.0876089 0.0874136 0.0876264 -0.0525401 0.0873841 -0.0526487
internal_weight=1624.79 682.156 618.983 593.833 942.63 69.9397 37.9458 582.514 83.0682 25.1495 63.1737 872.691 54.8563 20.1668 63.169 499.446 66.9415 432.504 427.219 36.7117 390.507 61.0136 384.615 30.5963 58.302 379.45 25.4597 61.9502 371.832 11.3193
internal_count=25383 4944 3575 3100 20439 1099 386 2855 710 475 1369 19340 1093 319 266 2145 376 1769 1745 150 1595 250 1571 125 238 1550 104 1364 1519 245
is_linear=0
shrinkage=0.05


Tree=15
num_leaves=31
num_cat=0
split_feature=9 7 8 6 9 7 0 9 7 1 1 9 7 0 14 11 8 8 5 5 11 7 8 6 8 6 1 11 8 13
split_gain=1766.19 321.466 99.0533 72.042 65.4277 60.0073 60.3637 34.7886 103.458 25.5113 12.7692 6.73183 12.1456 36.8308 5.09898 3.07191 37.5092 1.7774 0.0967343 0.0778128 0.0626316 0.0698999 0.0231944 0.0162292 0.00546948 0.0051216 0.00268092 0.00152175 0.00149648 0.000970962
threshold=-0.40546510810816411 199.50000000000003 270.04000000000002 2.1376109762125082 -0.57764105235288132 119.50000000000001 0.11812552495011401 -0.19294029418538369 94.500000000000014 9.9394336746564438 11.655418162737622 -0.71929357792026261 119.50000000000001 0.21268076983716125 1.0000000180025095e-35 0.033908045977011504 147.01898734177217 182.12500000000003 8.2387700627096638 6.9335082737100722 0.036375661375661381 126.50000000000001 133.16666666666671 4.5907837571402705 251.04347826086959 2.5411638322220855 10.392348981615788 0.033908045977011504 214.08333333333334 0.093073593073593086
decision_type=2 2 2 2 2 2 2 2 2 2 2 2 2 2 2 2 2 2 2 2 2 2 2 2 2 2 2 2 2 2
left_child=4 2 3 27 11 -6 -7 8 -5 -4 26 -1 -13 -14 24 16 -9 19 -18 -17 -21 22 25 28 -10 -22 -3 -2 -20 -27
right_child=1 10 9 7 5 6 -8 15 14 -11 -12 12 13 -15 -16 17 18 -19 23 20 21 -23 -24 -25 -26 29 -28 -29 -30 -31
leaf_value=-0.052341582902226319 -0.052339374523782414 -0.052380755789925973 -0.052388618906700025 -0.052341405440825751 -0.05234734161363739 0.084250326512171625 -0.052363719570932166 -0.052550363132113267 0.084291428440297189 0.084578736645694819 0.10965744221106766 -0.052341437600809275 0.090834716214590591 -0.052457361073516097 0.030764230325399024 0.090763349812002903 0.07680675084711952 0.054281990072458611 0.084511777322949094 0.088628161813123357 0.085521062240606571 0.078966774462352674 0.086981349791193208 0.081610392124071285 0.085857535390186562 0.084266282836038542 -0.055074379969753541 -0.054543131435606129 0.085362632091508892 0.084807702778425864
leaf_weight=781.66237733140588 9.991448856890198 59.072359569370747 19.741742841899399 19.742326237261295 30.594044174998999 26.056390285491943 11.724046342074869 5.4981140345334998 47.297628059983253 4.1069368720054618 1.2403047829866398 33.502490200102329 6.8498831614851978 12.985979724675415 4.8154329881072035 4.8112391531467429 4.6001921817660323 4.9427204504609099 45.90004950761795 8.4515437930822355 8.472223296761511 6.0986709892749777 8.2663246244192106 4.9487438797950736 6.3199032545089713 375.43177954852581 0.93841493129730125 0.84999165683984834 5.8233710676431647 8.4675928950309736
leaf_count=18291 234 1371 456 462 715 108 273 122 196 17 5 784 29 294 28 20 20 23 190 35 35 25 34 21 26 1556 12 12 24 35
internal_value=-0.00177804 0.0600095 0.0710678 0.0751691 -0.0473183 -0.000295025 0.0418562 0.0775981 0.0466157 -0.0288017 -0.0491408 -0.0511688 -0.0339825 -0.00297456 0.0800497 0.0825238 0.0725539 0.0840904 0.0837798 0.0844412 0.0843679 0.0842794 0.0843603 0.0843459 0.084476 0.0843051 -0.0524229 -0.0525122 0.0846076 0.0842782
internal_weight=1569.2 665.829 604.578 580.729 903.375 68.3745 37.7804 569.888 78.1753 23.8487 61.2511 835.001 53.3384 19.8359 58.433 491.713 66.7705 424.942 61.2724 419.999 415.188 406.737 400.638 56.6722 53.6175 392.372 60.0108 10.8414 51.7234 383.899
internal_count=25453 4959 3571 3098 20494 1096 381 2852 712 473 1388 19398 1107 323 250 2140 377 1763 255 1740 1720 1685 1660 235 222 1626 1383 246 214 1591
is_linear=0
shrinkage=0.05


Tree=16
num_leaves=31
num_cat=0
split_feature=9 7 8 6 9 7 3 9 7 0 9 6 11 8 7 4 9 0 0 7 9 13 8 7 7 0 11 9 2 0
split_gain=1670.76 296.26 104.058 81.2404 61.0655 155.435 27.0841 12.0682 19.1267 44.7621 11.8745 4.25608 4.1107 43.1931 2.29862 0.948557 0.208663 0.505193 0.203948 0.0984989 0.0886707 0.0422905 0.053275 0.0066456 0.00505976 0.00708073 0.00215273 0.00151878 0.00125363 0.00113088
threshold=-0.53134802822849891 199.50000000000003 270.04000000000002 2.1376109762125082 -0.21171336248670511 94.500000000000014 13.809467489881166 -0.70688395170678076 119.50000000000001 0.11812552495011401 4.1796846060151642 3.0110625668810327 0.033908045977011504 147.01898734177217 127.50000000000001 5.5471267646873921 -0.71929357792026261 0.045254963079300485 0.08715175671995333 124.50000000000001 -0.12453542817161221 0.10263157894736843 166.96291676411738 128.50000000000003 114.50000000000001 1.095480498998229 0.039230769230769243 0.048349875593902254 9.426839661574741 4.3630799041925341
decision_type=2 2 2 2 2 2 2 2 2 2 2 2 2 2 2 2 2 2 2 2 2 2 2 2 2 2 2 2 2 2
left_child=7 2 3 29 5 -5 -4 16 -9 23 28 -7 13 -6 19 -13 -1 -18 -15 20 -14 22 24 -10 26 27 -22 -26 -3 -2
right_child=1 10 6 4 12 11 -8 8 9 -11 -12 15 14 18 -16 -17 17 -19 -20 -21 21 -23 -24 -25 25 -27 -28 -29 -30 -31
leaf_value=-0.052222197244371805 -0.054129660360248445 -0.05226452788206945 -0.052262312547648765 -0.052221934412735718 -0.052406148647970656 0.010729280823091721 0.081744255366489355 -0.052221995150727701 0.08355934016129607 -0.052237031713467302 0.10346149246862893 0.081530516732561023 0.087854403136294168 0.081791715934763587 0.04577172737066057 0.060971133412011838 -0.016106799076122967 -0.052581729750407494 0.071180167432193714 0.088046925059734701 0.080746353086741218 0.077869377655739147 0.086548107956592207 0.081048138910208706 0.08244303480213569 0.08397986995417954 0.081493614944582793 0.081323075620098578 -0.05385338992008868 -0.052220478910809914
leaf_weight=748.58496551588178 0.82643603160977264 59.906633350998163 22.96506663039327 33.160390719771385 6.7104020155966273 2.3001686222851268 4.5112025737762442 37.031434651464224 4.7552014887332934 14.782958336174486 1.2486007809638966 66.880760565400124 5.5813526064157477 58.682746574282646 4.5028837323188773 6.1239672973752013 1.3703280091285694 3.0898173078894615 4.9065393060445777 6.0026532411575309 9.9004482775926572 7.8272375762462607 5.3252070844173423 5.9076854735612869 4.7701547145843533 4.7900528609752646 363.47773134708405 8.2844056338071805 1.2677413374185551 12.621076587587593
leaf_count=18374 13 1457 557 814 157 17 19 909 20 361 5 282 23 247 21 33 32 68 22 25 42 33 22 25 20 20 1533 35 22 310
internal_value=-0.00171984 0.0547933 0.0649322 0.0692013 0.0719288 0.037977 -0.0302604 -0.050406 -0.0292894 0.00408438 -0.0491819 0.077696 0.0794326 0.0682413 0.0813037 0.0798059 -0.052158 -0.0413752 0.0809729 0.0816884 0.0815953 0.0815089 0.0815807 0.082168 0.0815131 0.0823356 0.0814738 0.0817323 -0.0522975 -0.0523378
internal_weight=1518.1 702.574 640.151 612.675 599.227 108.465 27.4763 815.522 62.4773 25.4458 62.423 75.3049 490.762 70.2997 420.462 73.0047 753.045 4.46015 63.5893 415.959 409.957 404.375 396.548 10.6629 391.223 17.8446 373.378 13.0546 61.1744 13.4475
internal_count=25518 5729 4245 3669 3346 1146 576 19789 1315 406 1484 332 2200 426 1774 315 18474 100 269 1753 1728 1705 1672 45 1650 75 1575 55 1479 323
is_linear=0
shrinkage=0.05


Tree=17
num_leaves=31
num_cat=0
split_feature=9 3 9 9 8 6 3 9 8 15 8 1 9 3 8 5 1 1 9 3 3 6 3 9 3 1 8 6 6 11
split_gain=1561.21 248.398 204.978 56.6183 119.048 16.1643 11.8051 10.6801 14.5725 47.7542 9.29789 12.8503 6.54471 45.0151 4.21799 2.99792 0.555901 0.372514 0.342914 5.13163 5.38215 0.195493 0.168833 0.0895547 0.0808369 0.0407333 0.0392977 0.0264418 0.0157029 0.00931901
threshold=-0.53134802822849891 7.4874537278250921 4.1796846060151642 -0.26634925049910491 158.15699658703076 3.0304079172532492 7.5735311307123743 -0.71929357792026261 206.05555555555557 1.0000000180025095e-35 236.12500000000003 1.2424533248940004 -0.12453542817161221 4.6478001079635041 120.00996677740865 6.532229361742492 1.8688348091416842 2.524928003624769 -1.0000000180025095e-35 4.9732735209982879 4.886575525404063 3.1496219042332614 7.4154760425143449 -0.6200513779316873 5.2012518591713119 11.585036802220095 166.96291676411738 2.3541757980523781 2.5018183597364749 0.095454545454545472
decision_type=2 2 2 2 2 2 2 2 2 2 2 2 2 2 2 2 2 2 2 2 2 2 2 2 2 2 2 2 2 2
left_child=7 3 6 4 16 -6 14 -1 -9 -10 12 -12 13 -5 -3 -14 -2 21 19 20 -17 -15 27 -11 -7 26 -4 -20 -29 -13
right_child=1 2 25 10 5 24 -8 8 9 23 11 29 15 17 -16 18 -18 -19 22 -21 -22 -23 -24 -25 -26 -27 -28 28 -30 -31
leaf_value=-0.052109106410222331 -0.05210983951511497 0.089166435707328448 0.078955871433075475 -0.052107849869048997 -0.053217551917174283 0.079070237534355423 -0.052282577309697466 -0.052111719873620746 -0.052178553692280041 0.088195673140505748 0.079675151584337356 -0.052446806973869935 -0.053683423505866849 0.067845407825561102 -0.0073524247251591408 -0.052324725689253754 -0.010398616134681354 0.092225070420338451 0.082902723927215011 0.079645043889520775 0.081728392975057004 0.079181865496492643 0.069611226442309562 0.078763855039895178 0.072550618041309328 0.084500477968738941 0.082842529146925636 0.076092803592119687 0.07906026661390024 -0.058467940291917736
leaf_weight=707.40172142535448 28.357223708182577 1.7643403485417355 33.209794133901596 7.685439344495534 2.4331227801740161 50.215215191245079 89.79048977047205 35.57438550516963 18.339879058301449 4.7668923065066338 3.9723684936761847 2.4016707427799706 0.42939749732613464 4.3139115162193766 3.1579696573317051 1.5781832784414283 0.82194147258996864 5.1342474371194831 4.4460815489292136 31.906720504164696 1.4246966391801834 32.104433625936508 4.7790616899728766 5.3316279202699679 5.251752194017171 4.9879911392927161 8.0874102562665922 4.5146159976720801 356.115747615695 0.87738090008497227
leaf_count=18215 730 8 143 198 56 216 2258 915 462 21 17 57 7 20 34 38 7 21 19 137 6 138 21 23 29 21 34 20 1532 16
internal_value=-0.001468 0.0531887 -0.00600576 0.068398 0.0314176 0.0729198 -0.0481495 -0.0503393 -0.0307818 -0.00409972 0.0753729 0.0192018 0.0762692 0.059056 0.0272436 0.0783609 -0.0509349 0.0796166 0.078501 0.073764 0.0112759 0.077839 0.0789481 0.083216 0.0784529 0.0802325 0.079717 0.0790704 0.0790231 -0.0540579
internal_weight=1461.18 689.761 140.998 548.763 87.0793 57.9001 94.7128 771.415 64.0128 28.4384 461.684 7.25142 454.433 49.238 4.92231 405.195 29.1792 41.5526 404.765 34.9096 3.00288 36.4183 369.856 10.0985 55.467 46.2852 41.2972 365.076 360.63 3.27905
internal_count=25419 5783 2498 3285 1038 301 2300 19636 1421 506 2247 90 2157 377 42 1780 737 179 1773 181 44 158 1592 44 245 198 177 1571 1552 73
is_linear=0
shrinkage=0.05


Tree=18
num_leaves=31
num_cat=0
split_feature=9 7 8 6 9 8 1 9 7 14 1 11 8 4 7 7 4 9 7 7 8 6 8 8 11 1 6 3 7 11
split_gain=1482.79 253.959 87.6965 68.6391 51.3094 113.087 24.0313 11.2469 17.9876 42.3856 10.4379 5.89184 53.6947 1.57463 0.8838 0.506635 0.500635 0.222559 0.0904128 0.072225 0.0441978 0.017806 0.00782171 0.00123944 0.000926409 0.000911771 0.00085531 0.000826893 0.000666405 0.00170603
threshold=-0.53134802822849891 199.50000000000003 259.0384615384616 2.1376109762125082 -0.26634925049910491 158.15699658703076 9.9394336746564438 -0.71929357792026261 119.50000000000001 1.0000000180025095e-35 11.655418162737622 0.033908045977011504 147.01898734177217 5.5471267646873921 127.50000000000001 95.500000000000014 5.4574533147509312 -0.16900152081477324 128.50000000000003 124.50000000000001 161.2448979591837 2.3541757980523781 133.16666666666671 300.12765957446817 0.03509852216748769 10.234798784779278 3.1496219042332614 7.5424785042809779 116.50000000000001 0.039230769230769243
decision_type=2 2 2 2 2 2 2 2 2 2 2 2 2 2 2 2 2 2 2 2 2 2 2 2 2 2 2 2 2 2
left_child=7 2 3 24 5 15 23 -1 -9 18 25 12 -6 -7 17 -5 26 -13 -10 20 21 -19 28 -4 -2 27 -14 -3 29 -23
right_child=1 10 6 4 11 13 -8 8 9 -11 -12 14 16 -15 -16 -17 -18 19 -20 -21 -22 22 -24 -25 -26 -27 -28 -29 -30 -31
leaf_value=-0.052002036894949623 -0.052000270735609366 -0.053172478712433149 -0.053801380548928517 -0.052001785231141566 -0.052123317891825408 0.076876035442219548 0.077326699049305503 -0.052004217904968911 0.085759682774112583 -0.052077767460999562 0.094300659137602438 0.088296935348096253 0.07761179661971318 0.047681914367316072 0.054736427495577888 -0.011207685392596704 0.061335535469177943 0.079778739123618964 0.076359671983070213 0.082445985138247205 0.072009231644402719 0.076132075248052211 0.078680674648442001 -0.052047006821196486 -0.053832485269666913 -0.053669684519547747 0.076997022626253048 -0.052009977675932476 0.077169880656311723 0.076828605788037907
leaf_weight=678.36621456220746 11.354903098195788 1.5752844773232926 1.0611085668206275 26.797207556664947 9.1483004838228208 47.748204499483109 4.3345623612403861 36.311726056039333 4.674419067800045 14.428348697721958 1.2454340606927861 4.3415353298187247 6.1878689527511588 5.1134114228188983 4.4921107143163672 0.7833465039730062 5.4511066898703566 5.2679362893104544 5.6500815004110336 5.816596880555152 4.6912605762481681 9.0136865079402906 5.7596084028482428 19.651541765779257 0.73453578352928239 0.87596814334392448 66.021219298243523 52.847508512437344 13.442324876785277 356.11199535429478
leaf_count=18326 307 32 23 724 239 210 19 980 21 380 5 18 27 33 20 5 28 23 25 25 20 40 25 523 12 15 290 1424 59 1567
internal_value=-0.00133676 0.0525476 0.0618953 0.0657966 0.0682705 0.0312302 -0.0297325 -0.0501519 -0.0295989 0.00326907 -0.0488455 0.0742808 0.0624501 0.074052 0.0767922 -0.0508431 0.0759467 0.0770372 0.0806155 0.076915 0.0768334 0.0768915 0.076852 -0.0521369 -0.0521116 -0.0520694 0.0770497 -0.0520436 0.0768241 0.0768114
internal_weight=1409.3 669.869 613.324 588.277 576.188 80.4422 25.0472 739.431 61.0646 24.7528 56.5442 495.746 86.8085 52.8616 408.937 27.5806 77.6602 404.445 10.3245 400.103 394.287 389.596 384.328 20.7127 12.0894 55.2988 72.2091 54.4228 378.568 365.126
internal_count=25445 5713 4237 3672 3353 972 565 19732 1406 426 1476 2381 584 243 1797 729 345 1777 46 1759 1734 1714 1691 546 319 1471 317 1456 1666 1607
is_linear=0
shrinkage=0.05


Tree=19
num_leaves=31
num_cat=0
split_feature=9 7 8 6 9 7 1 9 7 14 1 3 11 8 8 0 7 9 3 8 7 6 2 11 0 7 11 3 8 8
split_gain=1380.27 237.115 81.3053 65.5944 47.3174 130.287 20.2449 11.1589 17.3109 36.2815 7.85839 7.13179 2.24446 28.3003 1.91925 0.20936 0.0897957 0.0205155 0.0109754 0.00705542 0.00246803 0.00220745 0.00152366 0.00113104 0.00111014 0.000943747 0.00104101 0.000775675 0.00070507 0.000669606
threshold=-0.53134802822849891 199.50000000000003 270.04000000000002 2.1644667998552864 -0.19294029418538369 94.500000000000014 10.070801030819768 -0.70688395170678076 119.50000000000001 1.0000000180025095e-35 11.655418162737622 7.1049651112344003 0.033908045977011504 147.01898734177217 188.03448275862073 0.08715175671995333 126.50000000000001 -0.12453542817161221 5.2012518591713119 133.16666666666671 128.50000000000003 2.3541757980523781 9.7957348419155554 0.04083333333333334 0.060075048538125293 119.50000000000001 0.039230769230769243 7.5424785042809779 214.08333333333334 251.04347826086959
decision_type=2 2 2 2 2 2 2 2 2 2 2 2 2 2 2 2 2 2 2 2 2 2 2 2 2 2 2 2 2 2
left_child=7 2 3 23 5 -5 -4 -1 -9 20 22 18 13 -6 16 28 17 -14 29 21 -10 -19 27 -2 -20 26 -23 -3 -15 -7
right_child=1 10 6 4 12 11 -8 8 9 -11 -12 -13 14 15 -16 -17 -18 19 24 -21 -22 25 -24 -25 -26 -27 -28 -29 -30 -31
leaf_value=-0.051901772844708018 -0.051916683631909599 -0.053149597721890353 -0.051940670566853121 -0.05190185845552351 -0.052050258346105521 0.074846140955405066 0.074710316013508901 -0.051900392448601319 0.075989649914682711 -0.051911824750581148 0.090314004101001433 0.011352734124747327 0.078100097569978946 0.07501475273912607 0.041282288896279072 0.063760194259743594 0.081076355354361154 0.075907037442242892 0.07620412243941864 0.076458796500388185 0.074426920343325709 0.074357770439486645 -0.054215994231848912 -0.053974910006026201 0.077298551000183166 0.075341505331196948 0.074842420965009676 -0.051909288255347547 0.075630362074901508 0.075454599308417289
leaf_weight=648.83122185245156 11.256920225918289 1.2925252132117737 19.537330295890573 30.072812020778656 4.8110300786793223 56.549454033374786 3.7630161046981803 32.488683357834816 4.6652142107486725 12.545703761279583 0.98849785327911277 4.6718795523047438 5.02302262187004 47.7803885191679 4.2613476365804663 4.4307241439819327 6.027537688612937 4.909450650215148 4.7302001416683179 6.9765352457761756 5.5112058818340302 11.447298288345335 0.74581354856490989 0.70954043045640069 4.5419896841049194 9.1364236325025541 345.26443058252335 50.953085917979479 5.1527593582868567 4.9146274328231803
leaf_count=18384 318 27 546 852 130 255 17 921 21 354 4 34 22 215 20 21 26 22 21 31 25 52 11 11 20 41 1557 1440 23 22
internal_value=-0.00156081 0.0509808 0.0600698 0.063795 0.0662671 0.0360927 -0.0314865 -0.0500655 -0.0284864 0.0049916 -0.0493664 0.071185 0.0732589 0.0644316 0.0746553 0.0742008 0.0750211 0.0749257 0.0751367 0.0748835 0.0751433 0.0748539 -0.051972 -0.0520387 0.0767402 0.0748397 0.0748269 -0.05194 0.0750747 0.0748948
internal_weight=1353.99 649.949 595.969 572.668 560.702 105.481 23.3003 704.042 55.2108 22.7221 53.9799 75.4082 455.221 62.1749 393.046 57.3639 388.785 382.757 70.7363 377.734 10.1764 370.758 52.9914 11.9665 9.27219 365.848 356.712 52.2456 52.9331 61.4641
internal_count=25443 5738 4256 3693 3364 1204 563 19705 1321 400 1482 352 2160 389 1771 259 1751 1725 318 1703 46 1672 1478 329 41 1650 1609 1467 238 277
is_linear=0
shrinkage=0.05


Tree=20
num_leaves=31
num_cat=0
split_feature=9 3 9 9 3 11 9 8 0 6 8 4 9 8 9 4 3 3 9 3 4 5 3 9 8 2 5 6 4 0
split_gain=1302.73 191.075 176.518 45.8716 114.642 19.3182 10.5852 13.5747 40.0176 8.71854 2.46147 3.9811 1.97197 1.73195 1.69592 13.1568 0.545685 0.458003 0.373298 4.56245 4.61647 0.139481 0.126548 0.0892345 0.0394459 0.0144582 0.0142077 0.0100886 0.00768733 0.00720851
threshold=-0.53134802822849891 7.5598199805147646 4.1796846060151642 -0.19294029418538369 4.6478001079635041 0.04083333333333334 -0.71929357792026261 206.05555555555557 0.11812552495011401 2.1376109762125082 218.0588235294118 5.4701654074033046 -0.089033504231811098 164.08333333333334 -0.12453542817161221 5.0005792898547883 7.6214400807672282 5.2548844000372066 0.023891963637538541 4.9732735209982879 5.0005792898547883 9.2955401643581279 7.4410270485534395 -0.6200513779316873 172.25000000000003 7.3392124926928526 7.0282751920169764 2.5411638322220855 7.3808759299945494 0.08715175671995333
decision_type=2 2 2 2 2 2 2 2 2 2 2 2 2 2 2 2 2 2 2 2 2 2 2 2 2 2 2 2 2 2
left_child=6 3 16 4 -2 17 -1 -8 23 -5 14 -12 -13 -7 15 -11 -3 -6 19 20 -16 28 26 -9 25 -4 -20 -28 -21 -17
right_child=1 2 24 9 5 13 7 8 -10 10 11 12 -14 -15 18 29 -18 -19 22 21 -22 -23 -24 -25 -26 -27 27 -29 -30 -31
leaf_value=-0.051804440234279707 -0.05180420713499341 -0.015332989048348511 0.073000591640836873 -0.052428039154291298 0.073146176859520448 0.015696887646835415 -0.05180681536943043 0.082422858255174952 -0.051859708220053091 -0.051801494159102339 0.073699002301068559 0.032720465212420335 -0.056912152676581153 -0.05277117664812362 -0.052030010240481032 0.073017134734765315 -0.05198102647557902 0.05969100149774529 0.075791910658309147 0.073179757977895707 0.075116789748227442 0.063996431001971846 0.064711602661442658 0.072798948895562557 0.077228588597124573 0.076122323043352466 0.070682399343338906 0.073080855720840734 0.075360598725415257 0.075346798726389441
leaf_weight=614.30544513463974 28.505055401474237 1.0293271988630284 31.289749696850777 1.4296913482248772 65.528870671987534 1.2786613404750813 29.922033421695232 4.231149286031723 15.61763523519039 2.4168545901775387 3.4904330968856803 1.3085855506360533 1.1554623804986475 3.3265178166329861 1.5344346538186067 10.361169517040251 76.924271013587713 7.0001726783812037 4.7884267121553412 30.49948351085186 1.335034132003784 4.3693953007459632 4.5702832117676726 5.5918572247028369 8.1461255848407728 4.2078336328268042 4.4436637461185446 328.63009923696518 4.6579206883907309 4.886431172490119
leaf_count=18273 848 18 145 35 303 9 889 20 455 72 16 16 27 86 42 48 2233 39 22 141 6 20 21 26 36 19 21 1521 21 22
internal_value=-0.00122338 0.0499586 -0.00642112 0.0632572 0.0338783 0.0655424 -0.0499173 -0.0289774 -0.00212657 0.0708291 0.0712605 0.0393484 -0.00931083 -0.0337605 0.0717326 0.0565839 -0.0514971 0.0718475 0.072428 0.0680022 0.00712565 0.0724216 0.0729759 0.0769443 0.0740907 0.0733706 0.0730877 0.0730489 0.0734687 0.0737637
internal_weight=1306.78 637.114 121.597 515.517 105.639 77.1342 669.668 55.3627 25.4406 409.877 408.448 5.95448 2.46405 4.60518 402.493 17.6645 77.9536 72.529 384.829 42.3963 2.86947 39.5268 342.432 9.82301 43.6437 35.4976 337.862 333.074 35.1574 15.2476
internal_count=25450 5787 2451 3336 1285 437 19663 1390 501 2051 2016 59 43 95 1957 142 2251 342 1815 230 48 182 1585 46 200 164 1564 1542 162 70
is_linear=0
shrinkage=0.05


Tree=21
num_leaves=31
num_cat=0
split_feature=11 8 7 4 6 1 3 1 7 11 0 6 4 8 8 7 3 4 2 7 3 6 7 7 11 5 7 8 1 7
split_gain=921.742 303.654 414.815 175.518 11.1386 7.00995 1.40838 2.47632 0.180862 0.1152 0.235266 0.0496247 0.0427577 0.0422706 0.0408911 0.0608024 0.0361814 0.0192647 0.00327575 0.00563553 0.00487572 0.00223512 0.00210944 0.00130883 0.00121551 0.00120836 0.000614368 0.00054244 0.000495552 0.000494377
threshold=0.26666666666666672 259.0384615384616 94.500000000000014 7.6133230286147189 2.1376109762125082 11.655418162737622 7.4662273925763296 2.740319461670996 97.500000000000014 0.051315789473684217 0.89055109256481035 2.4577381012080517 7.8270413409112187 172.25000000000003 247.02307692307696 151.50000000000003 7.5598199805147646 7.3808759299945494 4.1971736807086968 199.50000000000003 7.6214400807672282 2.5762826488000714 179.50000000000003 196.50000000000003 0.033908045977011504 10.152477901672553 179.50000000000003 236.12500000000003 10.234798784779278 144.50000000000003
decision_type=2 2 2 2 2 2 2 2 2 2 2 2 2 2 2 2 2 2 2 2 2 2 2 2 2 2 2 2 2 2
left_child=1 2 24 4 -4 12 8 -8 -6 11 -11 -10 16 -2 17 -16 -5 21 19 20 -14 -13 -17 25 -1 26 27 -23 -20 -29
right_child=13 -3 3 5 6 -7 7 -9 9 10 -12 14 18 -15 15 22 -18 -19 28 -21 -22 23 -24 -25 -26 -27 -28 29 -30 -31
leaf_value=-0.051714190833862507 0.071422246616761317 -0.051721590763205275 -0.052481715567674093 -0.065682721175846878 0.081020475830684724 0.084132931524099938 0.013989757060888465 0.076380542547159452 0.066328191536474873 0.056196729115427495 0.07255530213357525 0.072508673532988621 -0.051713084904608547 0.075022958490782651 0.07928703779046424 0.071769799004224588 -0.051766618427050506 0.07476216219810404 -0.051747056746498182 -0.051738354003259518 -0.055769971895910125 0.071495200450157281 0.073192290198728666 0.072427301555099716 -0.053615397620244677 0.072368298865718439 0.07174643447451215 0.070688092433305136 -0.053059801318464828 0.071425567585770081
leaf_weight=175.28792488947511 313.28191046416759 525.91319141164422 1.8442450538277615 1.092594027519225 5.1722797751426688 0.96443182229995628 2.9206522293388835 3.4917996525764465 3.9964554458856574 3.6360234841704351 5.5569826886057854 6.5898152589797965 1.0889977812767022 8.368548318743704 4.5352597758173934 6.1243458390235883 0.81585073098540295 5.0131853371858588 25.967506833374504 4.2248907834291458 2.3150714971125126 96.897829756140709 4.5368576049804688 4.2736798822879782 0.84475196525454421 4.245918631553649 22.81001877784729 4.1387242525815946 0.73936991021037002 5.0397162586450577
leaf_count=5470 1492 16387 45 15 23 4 29 18 21 19 27 31 34 38 22 29 25 23 804 131 36 461 21 20 22 20 108 20 15 24
internal_value=-0.00144449 -0.0266765 0.00591299 0.0504314 0.0698018 -0.0489092 0.0709951 0.0479637 0.0718041 0.0715353 0.0660851 0.0718332 -0.0524493 0.0715159 0.0719672 0.0744379 -0.0597337 0.0717152 -0.0520444 -0.0529582 -0.0544721 0.0716092 0.0723751 0.071566 -0.0517233 0.0715384 0.071511 0.0714604 -0.0517834 0.071093
internal_weight=1251.73 930.078 404.165 228.033 190.824 37.2087 188.98 6.41245 182.567 177.395 9.19301 168.202 36.2443 321.65 164.205 15.1965 1.90844 149.009 34.3358 7.62896 3.40407 143.996 10.6612 137.406 176.133 133.132 128.886 106.076 26.7069 9.17844
internal_count=25434 23904 7517 2025 961 1064 916 47 869 846 46 800 1060 1530 779 72 40 707 1020 201 70 684 50 653 5492 633 613 505 819 44
is_linear=0
shrinkage=0.05


Tree=22
num_leaves=31
num_cat=0
split_feature=9 7 8 6 9 7 1 9 7 0 3 1 9 8 8 7 5 7 3 9 7 7 4 0 2 8 5 4 9 3
split_gain=1158.22 193.87 64.6214 50.6732 36.346 106.737 18.7395 10.3284 15.9166 33.401 9.16702 8.18342 1.2869 18.5097 1.33794 0.153402 0.469621 0.0781628 0.0727601 0.0501129 0.0422692 0.0440786 0.0413188 0.015431 0.00749399 0.00703604 0.00643429 0.00130538 0.00140655 0.000925876
threshold=-0.53134802822849891 199.50000000000003 270.04000000000002 2.1376109762125082 -0.19294029418538369 94.500000000000014 9.9394336746564438 -0.71929357792026261 119.50000000000001 0.18981894877374797 7.1812115718282117 11.655418162737622 -0.032921913680208796 106.02212750282844 194.13802816901412 174.50000000000003 8.4644952187933971 128.50000000000003 7.2460110654613823 1.0000000180025095e-35 123.50000000000001 153.50000000000003 5.5471267646873921 0.95526928740649397 7.1880343794159778 128.09459459459461 7.3566648119392637 5.3729582179059152 -0.15093364397138662 7.5424785042809779
decision_type=2 2 2 2 2 2 2 2 2 2 2 2 2 2 2 2 2 2 2 2 2 2 2 2 2 2 2 2 2 2
left_child=7 2 3 -2 5 -5 -4 -1 -9 17 22 29 13 -6 15 19 -17 -10 26 -14 24 23 -7 -22 25 -21 -15 28 -28 -3
right_child=1 11 6 4 12 10 -8 8 9 -11 -12 -13 14 18 -16 16 -18 -19 -20 20 21 -23 -24 -25 -26 -27 27 -29 -30 -31
leaf_value=-0.05162702645333736 -0.05172756678587706 -0.052973916603329486 -0.051671905927213796 -0.051628067248483615 -0.051654681683809711 0.069993878996181522 0.070053932694982862 -0.05162897236247746 0.078643393779761969 -0.051690439679612211 -0.0077239829746486846 0.081378710862132997 0.065808585456055405 0.072297416012908844 0.041994561019547225 0.049639890778010613 0.070019746213322673 0.069578965099766327 0.063493428471739222 0.069959744211252242 0.072635487021575407 0.068788239247459665 0.074909987686426649 0.076778604953361557 0.067984924292817328 0.07196814371263785 0.069308811543585092 0.070665251824065023 0.070183725468694197 -0.051661558603824209
leaf_weight=557.93023302406073 9.9621969796717149 1.3851306475698937 17.201175581663851 26.231145961210132 3.400265008211135 64.069280937314034 3.8738430738449088 30.340801140293479 4.2147131562232989 11.849122166633604 3.9805969931185237 1.1845503002405156 7.0429933033883563 3.9104509949684134 4.3840749114751807 3.8014336340129367 11.024604544043539 5.4581695646047592 4.276581708341836 328.2363510876894 4.247011184692381 4.5421318039298049 4.5796095728874198 4.773262158036232 4.7434017695486537 4.4195334017276755 6.1413001045584634 9.0930155217647535 18.229345917701728 45.22290532104671
leaf_count=18280 318 32 553 859 110 314 19 993 21 378 30 5 39 19 22 20 54 27 22 1610 20 23 21 22 25 21 31 44 89 1467
internal_value=-0.00111574 0.0482072 0.0565693 0.0599767 0.0621121 0.0348218 -0.0292972 -0.0496431 -0.0283 0.00458818 0.0660444 -0.0484022 0.0685013 0.0605142 0.0694552 0.0697781 0.0647943 0.0735286 0.0696714 0.0699845 0.0700683 0.0728052 0.0703218 0.0748279 0.0699583 0.0699864 0.0703783 0.070154 0.0699633 -0.0517006
internal_weight=1209.75 599.956 552.164 531.089 521.126 98.8606 21.075 609.793 51.8628 21.522 72.6295 47.7926 422.266 45.051 377.215 372.831 14.826 9.67288 41.6507 358.005 350.962 13.5624 68.6489 9.02027 337.399 332.656 37.3741 33.4637 24.3706 46.608
internal_count=25488 5789 4285 3713 3395 1224 572 19699 1419 426 365 1504 2171 315 1856 1834 74 48 205 1760 1721 65 335 42 1656 1631 183 164 120 1499
is_linear=0
shrinkage=0.05


Tree=23
num_leaves=31
num_cat=0
split_feature=11 8 7 4 6 1 3 7 7 4 11 0 8 7 8 4 13 7 3 8 6 1 7 11 1 7 7 8 5 4
split_gain=810.754 273.829 361.764 147.498 9.6454 7.71347 2.11019 2.00826 0.173373 0.544957 0.103585 0.243431 0.0348092 0.0683168 0.0326932 0.0314496 0.00259897 0.0045251 0.00434717 0.00230576 0.00190113 0.00198907 0.00127555 0.00125099 0.000775929 0.000512907 0.000474918 0.00257006 0.000402282 0.000331784
threshold=0.26666666666666672 259.0384615384616 94.500000000000014 7.6133230286147189 2.1376109762125082 11.655418162737622 7.4662273925763296 126.50000000000001 97.500000000000014 7.3808759299945494 0.051315789473684217 0.84205295977527805 247.02307692307696 150.50000000000003 172.25000000000003 7.8270413409112187 0.013840996168582377 205.50000000000003 7.6214400807672282 254.08333333333334 2.5762826488000714 2.524928003624769 179.50000000000003 0.033908045977011504 10.392348981615788 196.50000000000003 126.50000000000001 152.05000000000004 8.4737664683516929 5.4315338162543414
decision_type=2 2 2 2 2 2 2 2 2 2 2 2 2 2 2 2 2 2 2 2 2 2 2 2 2 2 2 2 2 2
left_child=1 2 23 4 -4 15 8 -8 -6 10 12 -12 20 -14 -2 -5 24 18 -18 -15 21 -10 26 -1 -17 28 29 -28 -24 -22
right_child=14 -3 3 5 6 -7 7 -9 9 -11 11 -13 13 19 -16 16 17 -19 -20 -21 22 -23 25 -25 -26 -27 27 -29 -30 -31
leaf_value=-0.05154751645593756 0.068598892587978674 -0.051553657048608571 -0.052221640483274316 -0.059061292509051545 0.077480695184851733 0.078926293010248741 0.070467599724999816 0.012079892175582722 0.068651415247269365 0.052038566947064616 0.05366917563737892 0.070740727781279711 0.077009386724938428 0.06872919481368657 0.072072999095777232 -0.051577761607273204 -0.051544841072371173 -0.051566758803617191 -0.055353062966431582 0.070171896341602036 0.068774559840516974 0.070110611371355908 0.069365642525260396 -0.05351461079098923 -0.053271067466691649 0.06951581527893827 0.069878570832246009 0.068613917629176083 0.068811736546918176 0.068360558590212728
leaf_weight=157.74867813102901 294.84159775078297 481.60387019254267 1.6996739767491806 1.6050539351999749 5.1838977038860312 1.1608854681253422 2.6651277840137473 3.2916093245148659 4.3400798887014371 5.0601336583495131 3.6894489265978319 4.8113946318626404 3.867062270641326 6.7389011681079847 6.9311066418886176 22.909863986074932 1.1338291652500623 3.9803096763789654 2.2100964747369289 4.7018004357814789 6.1449487209320095 5.0561353117227554 4.0241305530071321 0.81240919232368369 0.69712284952402015 4.2381433844566336 4.2672883868217459 68.593751952052116 17.677121564745903 22.778219133615494
leaf_count=5420 1492 16530 46 39 24 5 13 35 22 27 20 24 20 34 33 781 39 136 39 23 31 25 20 23 13 21 21 347 89 116
internal_value=-0.00175496 -0.0266819 0.00559722 0.0482392 0.0663207 -0.0477185 0.0674582 0.0382034 0.0684763 0.0681951 0.0687031 0.0633315 0.0690027 0.0712641 0.0686787 -0.0522372 -0.0518831 -0.0527059 -0.0540618 0.0693221 0.0687502 0.0694366 0.0686997 -0.0515576 -0.0516278 0.0690127 0.0686199 0.068688 0.0689144 0.0684485
internal_weight=1154.46 852.691 371.087 212.526 178.829 33.6972 177.129 5.95674 171.172 165.989 160.928 8.50084 152.428 15.3078 301.773 32.5363 30.9312 7.32424 3.34393 11.4407 137.12 9.39622 127.724 158.561 23.607 25.9394 101.784 72.861 21.7013 28.9232
internal_count=25508 23983 7453 2010 958 1052 912 48 864 840 813 44 769 77 1525 1047 1008 214 78 57 692 47 645 5443 794 130 515 368 109 147
is_linear=0
shrinkage=0.05


Tree=24
num_leaves=31
num_cat=0
split_feature=9 7 8 0 9 7 1 9 7 0 4 1 6 11 8 8 4 8 13 0 3 8 7 5 4 8 0 7 3 1
split_gain=1018.8 166.587 59.5085 43.4265 31.348 92.3155 16.0881 8.3604 12.7792 25.4686 7.68423 5.84849 1.94578 1.08786 17.8332 2.38906 0.0835623 0.0308491 0.182127 0.0362562 0.0279751 0.00887022 0.00870263 0.00548816 0.00435993 0.00158869 0.00112154 0.00092694 0.000838488 0.000703568
threshold=-0.53134802822849891 199.50000000000003 265.04409317803669 3.3190240918789269 -0.19294029418538369 94.500000000000014 9.9394336746564438 -0.70688395170678076 119.50000000000001 0.11812552495011401 7.3808759299945494 11.655418162737622 2.1376109762125082 0.033908045977011504 147.01898734177217 188.03448275862073 5.3867833963027953 99.083333333333357 0.088932806324110686 1.2349869032859482 7.4544301786633325 166.96291676411738 115.50000000000001 8.268791329989158 5.5471267646873921 133.16666666666671 0.68887421115247383 129.50000000000003 7.5424785042809779 10.392348981615788
decision_type=2 2 2 2 2 2 2 2 2 2 2 2 2 2 2 2 2 2 2 2 2 2 2 2 2 2 2 2 2 2
left_child=7 2 3 4 5 -2 -4 -1 -9 27 21 28 -6 14 -14 17 -16 18 22 20 25 -7 -15 -23 -25 26 -19 -10 -3 -30
right_child=1 11 6 -5 12 10 -8 8 9 -11 -12 -13 13 15 16 -17 -18 19 -20 -21 -22 23 -24 24 -26 -27 -28 -29 29 -31
leaf_value=-0.051468549954239586 -0.051468771414140413 -0.05282066857155937 -0.051551871375443238 -0.051547873192375276 -0.052641837196179798 0.069773108728190869 0.067419377902377342 -0.051467329143459729 0.068019075126145342 -0.051477552784651097 -0.0060310097024524351 0.076731020863793589 -0.051641557983349608 0.06736311537665883 0.067585340173241429 0.029105383276866022 0.060324617756060531 0.068253705051603927 0.05701885751504944 0.071911903756595466 0.072035034747279167 0.06557935753351922 0.069735539991894011 0.067399927846752597 0.069155891449241044 0.068448612884659657 0.067347377970219197 0.066962690117670406 -0.05147579233154595 -0.053224969254359371
leaf_weight=510.19880690984428 23.755218621343374 1.2408320903778065 16.31851092167199 8.9356094934046251 0.34628044441342254 4.1947502344846717 3.4407317489385596 25.509000442922115 3.8284271061420458 9.7468885388225299 3.7610400393605223 0.90803706645965476 3.3920527063310137 279.51062801480293 44.260137006640434 4.1155124381184569 4.3523736596107474 3.9086709618568447 4.2923370003700247 7.120006024837493 3.9364681690931311 3.894207537174224 3.9197067767381659 50.747291430830956 3.7996698766946784 4.7046504169702521 26.938295975327492 4.5380517244338989 39.766825795173645 0.58331475034356017
leaf_count=18410 857 31 575 315 8 21 18 921 20 350 29 4 115 1461 230 21 23 20 22 35 19 21 20 265 19 24 141 24 1430 11
internal_value=-0.00175578 0.0463063 0.0542372 0.0576685 0.0596976 0.0331202 -0.0308351 -0.0496722 -0.0286628 0.00345271 0.0633841 -0.0487998 0.0658287 0.0659338 0.059201 0.0669683 0.0669353 0.0674344 0.0672411 0.0686278 0.0680356 0.0675522 0.0673959 0.0673928 0.0675222 0.0675928 0.0674622 0.0674461 -0.0515404 -0.0515011
internal_weight=1105.96 552.143 509.644 489.885 480.949 90.1522 19.7592 553.821 43.6224 18.1134 66.397 42.499 390.797 390.451 52.0046 338.446 48.6125 334.331 287.723 46.6081 39.4881 62.6359 283.43 58.4412 54.547 35.5516 30.847 8.36648 41.591 40.3501
internal_count=25460 5735 4259 3666 3351 1212 593 19725 1315 394 355 1476 2139 2131 368 1763 253 1742 1503 239 204 326 1481 305 284 185 161 44 1472 1441
is_linear=0
shrinkage=0.05


Tree=25
num_leaves=31
num_cat=0
split_feature=9 7 6 9 7 3 9 7 14 1 16 1 11 7 6 5 0 1 4 7 3 11 1 9 0 7 5 1 16 4
split_gain=966.32 160.665 51.3386 37.2626 79.201 32.0518 8.44855 13.0813 26.8627 6.87156 6.24424 39.1122 1.15867 16.4023 0.954072 0.170473 0.163334 0.160719 0.149554 0.0653481 0.0369709 0.0229595 0.0227539 0.0126778 0.0124325 0.00735997 0.00647392 0.00465971 0.00212323 0.00104015
threshold=-0.53134802822849891 199.50000000000003 2.1376109762125082 -0.19294029418538369 94.500000000000014 7.3346551887924436 -0.71929357792026261 119.50000000000001 1.0000000180025095e-35 11.655418162737622 1.0000000180025095e-35 9.8481593370555434 0.033908045977011504 130.50000000000003 2.8071697798334694 8.105272220662707 0.08715175671995333 2.524928003624769 7.8270413409112187 128.50000000000003 5.2548844000372066 0.99674223813641738 2.740319461670996 -0.089033504231811098 1.199365564352278 126.50000000000001 7.3566648119392637 2.8029010331479989 1.0000000180025095e-35 7.1944365692869114
decision_type=2 2 2 2 2 2 2 2 2 2 2 2 2 2 2 2 2 2 2 2 2 2 2 2 2 2 2 2 2 2
left_child=6 2 -2 4 -4 14 -1 -8 19 -3 12 17 13 -5 -6 -16 -15 -12 -7 -9 -17 -13 23 26 25 -25 -14 -19 -20 -29
right_child=1 9 3 10 5 18 7 8 -10 -11 11 21 22 16 15 20 -18 27 28 -21 -22 -23 -24 24 -26 -27 -28 29 -30 -31
leaf_value=-0.051393902725857712 -0.051480715000819938 -0.051465131584208228 -0.051396897459827645 -0.051447607463747304 0.025511146779880828 -0.072995907494307635 -0.051395511701051493 0.074712706798845951 -0.051447314382793312 0.074756638711611922 -0.076829240110970393 0.066175846542079794 0.069740579199557881 0.066443095928338344 0.078487793985210497 0.066270592066416334 0.055591199781482317 -0.055190093770645876 -0.054390840509861677 0.065833846852356576 0.061204662677925417 0.069261230581864425 0.069242563288809275 0.066252018759794154 0.063382978526182188 0.068250150428500425 0.066830282890640011 -0.05355159766981088 -0.051804083330559636 -0.051524765145475528
leaf_weight=483.7027602288872 11.33214179985225 40.891805708408356 23.62842152826488 3.1963450014591208 1.4523621108382929 1.0677518248558033 26.097074991092086 3.7952309250831604 10.047951437532902 1.107470467686652 0.73598206974565794 30.472257182002068 3.8891767114400855 43.564119935035706 2.8360515832900992 53.711656391620636 3.767254263162612 1.1823790129274128 0.99758854880928982 4.5649498552083969 3.8603335097432128 7.5168880820274344 6.7304183095693579 273.22782388329506 3.7383770123124114 4.6876520961523047 3.7566343396902084 0.71683318354189385 3.8733383379876614 5.4122093599289656
leaf_count=18332 418 1518 894 118 15 11 988 21 371 5 11 165 20 234 13 290 23 27 16 25 26 38 35 1476 20 24 20 22 137 201
internal_value=-0.00145064 0.0457572 0.0537181 0.0561811 0.0274331 0.0549058 -0.0494758 -0.0286288 0.0036473 -0.0481368 0.0628759 0.0455748 0.0651742 0.0581763 0.0655576 0.0665204 0.0655794 -0.0545581 -0.0560488 0.0698645 0.0659309 0.0667863 0.0663686 0.0663017 0.0662472 0.0662857 0.0683107 -0.0523162 -0.0523339 -0.0517618
internal_weight=1065.56 537.353 495.354 484.022 91.4275 67.7991 528.208 44.5052 18.4081 41.9993 392.594 46.0365 346.558 50.5277 61.8604 60.408 47.3314 8.0474 5.93868 8.36018 57.572 37.9891 296.03 289.3 281.654 277.915 7.64581 7.31142 4.87093 6.12904
internal_count=25514 5777 4254 3836 1402 508 19737 1405 417 1523 2434 464 1970 375 344 329 257 261 164 46 316 203 1595 1560 1520 1500 40 250 153 223
is_linear=0
shrinkage=0.05


Tree=26
num_leaves=31
num_cat=0
split_feature=9 7 8 0 9 8 1 9 7 0 1 11 8 7 3 1 4 8 9 7 0 9 7 0 8 0 3 1 7 11
split_gain=916.869 149.017 51.2255 38.833 26.9199 67.0173 13.6281 7.14636 10.8415 21.9742 6.49062 2.76324 30.4672 4.07522 0.840015 0.672311 0.515989 0.261852 0.14372 0.0294456 0.0144115 0.0080456 0.00199486 0.00169302 0.000675294 0.00061928 0.000554773 0.000466678 0.000436733 0.000346522
threshold=-0.53134802822849891 199.50000000000003 270.04000000000002 3.3190240918789269 -0.26634925049910491 158.15699658703076 9.9394336746564438 -0.70688395170678076 119.50000000000001 0.18981894877374797 11.655418162737622 0.033908045977011504 147.01898734177217 127.50000000000001 5.2012518591713119 2.4414009612931857 5.4701654074033046 177.27179487179492 -0.16900152081477324 124.50000000000001 0.075758540264110816 -0.089033504231811098 114.50000000000001 1.1295405309638331 120.00996677740865 0.08715175671995333 7.5424785042809779 10.392348981615788 129.50000000000003 0.039230769230769243
decision_type=2 2 2 2 2 2 2 2 2 2 2 2 2 2 2 2 2 2 2 2 2 2 2 2 2 2 2 2 2 2
left_child=7 2 3 4 5 15 -4 -1 -9 28 26 12 -6 17 -7 20 25 18 -13 21 -2 -20 29 24 -24 -14 -3 -28 -10 -23
right_child=1 10 6 -5 11 14 -8 8 9 -11 -12 13 16 -15 -16 -17 -18 -19 19 -21 -22 22 23 -25 -26 -27 27 -29 -30 -31
leaf_value=-0.051325083112925211 -0.051323892960870005 -0.052497382767242598 -0.051359911674408648 -0.051398638633612437 -0.051471303666778767 0.065223052212382948 0.065215409827204543 -0.051323888258104161 0.06565900049579905 -0.051332327642349435 0.072973402577550542 0.075082165754394498 0.065314110987913482 0.01655611942196436 0.042498281766258861 0.0049391402034544545 0.046156056964706899 0.053004045889328139 0.067141058062296075 0.069062800062942839 -0.059697864915952949 0.064837743747960461 0.065172019086563338 0.06670668816937092 0.065974192061359266 0.065970269083840419 -0.051331648236316335 -0.052748790093512313 0.06489379889522788 0.065196925877943013
leaf_weight=462.42276146821678 18.244011212140329 1.0916748866438855 14.469257095828654 8.2698634844273311 6.2706099674105635 37.032870635390282 3.0324831604957572 22.76720792427659 3.7467861920595196 8.8137768059968931 1.0785396397113789 3.8116943687200537 54.19448633491993 4.3519801814109078 4.5682014580816022 0.54173360578715701 3.7231008969247332 4.2958624474704257 5.5352619439363471 5.1535718739032736 0.5286802388727655 6.8790059238672248 6.9589195102453214 3.7143715023994437 4.2113086581230164 3.8514721095561972 36.91642988473177 0.59022780880331893 3.7120960056781769 281.52378182113171
leaf_count=18390 726 30 565 321 239 207 17 906 21 349 5 18 302 27 35 4 23 25 30 27 12 39 39 20 23 21 1463 13 21 1575
internal_value=-0.00133306 0.0451293 0.0528093 0.0559789 0.0579289 0.0269931 -0.0311612 -0.0495908 -0.029048 0.00211831 -0.0480058 0.062706 0.0535399 0.0646165 0.0627277 -0.049975 0.0642003 0.0652659 0.0654317 0.0653145 -0.0515597 0.065252 0.0652175 0.0657819 0.0654744 0.0653576 -0.0513863 -0.0513539 0.0652782 0.0651884
internal_weight=1022.3 520.839 481.163 463.661 455.391 60.9155 17.5017 501.463 39.0399 16.2727 39.6769 394.475 68.0397 326.436 41.6011 19.3144 61.7691 322.084 317.788 313.976 18.7727 308.823 303.287 14.8846 11.1702 58.046 38.5983 37.5067 7.45888 288.403
internal_count=25493 5806 4295 3713 3392 984 582 19687 1297 391 1511 2408 585 1823 242 742 346 1796 1771 1753 738 1726 1696 82 62 323 1506 1476 42 1614
is_linear=0
shrinkage=0.05


Tree=27
num_leaves=31
num_cat=0
split_feature=9 7 8 0 9 7 1 9 7 0 1 3 5 11 8 8 4 0 7 5 4 8 8 7 8 3 1 11 5 13
split_gain=853.713 138.96 47.678 36.5008 24.4822 75.9833 12.7071 8.558 12.4576 24.8074 6.13647 5.02075 1.22431 0.923617 14.5853 1.8704 0.0946014 0.0749859 0.0374121 0.0172902 0.00922591 0.00446815 0.00247562 0.000846294 0.000554325 0.000550048 0.000428589 0.000326261 0.000315701 0.000174795
threshold=-0.53134802822849891 199.50000000000003 259.0384615384616 3.3190240918789269 -0.19294029418538369 94.500000000000014 9.9394336746564438 -0.71929357792026261 119.50000000000001 0.18981894877374797 11.655418162737622 7.1176108538148393 6.532229361742492 0.033908045977011504 147.01898734177217 172.25000000000003 5.3729582179059152 0.046284659044738656 126.50000000000001 6.9335082737100722 5.5471267646873921 133.16666666666671 300.12765957446817 183.50000000000003 125.14398496240602 7.5424785042809779 10.392348981615788 0.036375661375661381 8.4424337751181024 0.093073593073593086
decision_type=2 2 2 2 2 2 2 2 2 2 2 2 2 2 2 2 2 2 2 2 2 2 2 2 2 2 2 2 2 2
left_child=7 2 3 4 5 -2 22 -1 -9 17 25 20 -6 14 -14 18 28 -10 19 -15 23 24 -4 -7 27 -3 -27 -21 -16 -29
right_child=1 10 6 -5 12 11 -8 8 9 -11 -12 -13 13 15 16 -17 -18 -19 -20 21 -22 -23 -24 -25 -26 26 -28 29 -30 -31
leaf_value=-0.051257780148621951 -0.051259063302629609 -0.052498841194506721 -0.054095350140595147 -0.051328556726746168 -0.052276024164235685 0.064230890449570588 0.065110056700422136 -0.0512592145836855 0.073594342515030178 -0.051303265747259831 0.071356663199963685 0.0030443543720773433 -0.051428643049149562 0.067770439054747611 0.064657009310613259 0.027274039876088653 0.056481490880298607 0.063940255181611533 0.060053506886013443 0.063769500484934516 0.066931756751805668 0.065747331883148782 -0.05129463722974012 0.064918060583052592 0.064709159816389514 -0.051265265189913103 -0.052603343431625385 0.064234411207959974 0.064317897342655181 0.06448217608942261
leaf_weight=438.62605966068804 20.360101740807295 0.96348994597792526 0.84084174968302505 7.900899112224578 0.23114211112260719 46.91038516163826 2.8208502829074851 23.242335012182593 3.579225495457651 9.2791230138391239 1.0485865920782078 3.5397153794765464 2.9447121750563374 3.5718676298856726 8.9362267404794675 3.4611446112394324 4.185240074992179 4.5918457508087158 5.2467922717332831 3.7195401340723029 3.5485707968473426 5.0352870374917975 12.801961362361906 4.9537066072225562 6.2927903681993476 35.021883664652705 0.6088399812579145 272.35709090530872 29.586016312241554 7.3095699697732917
leaf_count=18325 850 27 22 322 6 272 16 970 21 378 5 28 115 20 51 19 24 27 27 22 19 28 524 28 36 1457 14 1579 171 42
internal_value=-0.00167918 0.0444331 0.0520461 0.0551713 0.0571183 0.0320168 -0.0314931 -0.0492228 -0.027288 0.00463979 -0.0479027 0.0607773 0.06276 0.0628354 0.0561998 0.0638222 0.0636209 0.0681691 0.064239 0.0643126 0.0644653 0.0642707 -0.0514673 0.0642965 0.064245 -0.05132 -0.0512881 0.0642347 0.0643966 0.0642409
internal_weight=973.516 494.197 456.554 440.091 432.19 79.3125 16.4637 479.319 40.6925 17.4502 37.6428 58.9524 352.877 352.646 45.6522 306.994 42.7075 8.17107 303.533 298.286 55.4127 294.714 13.6428 51.8641 289.679 36.5942 35.6307 283.386 38.5222 279.667
internal_count=25445 5724 4221 3659 3337 1197 562 19721 1396 426 1503 347 2140 2134 361 1773 246 48 1754 1727 319 1707 546 300 1679 1498 1471 1643 222 1621
is_linear=0
shrinkage=0.05


Tree=28
num_leaves=31
num_cat=0
split_feature=9 7 8 6 9 7 1 3 9 7 0 1 7 7 3 5 8 5 8 0 4 9 8 7 9 8 0 0 13 3
split_gain=813.099 129.797 43.3931 34.971 24.0326 69.7732 13.5164 8.87453 7.85406 11.8782 22.6308 4.66934 0.917374 14.2653 2.51026 2.28395 0.112379 0.0725483 0.0378264 0.0278617 0.021358 0.00185724 0.000803815 0.000674934 0.000636889 0.00055161 0.00068205 0.000800664 0.000479427 0.000458401
threshold=-0.53134802822849891 199.50000000000003 262.0263157894737 2.1376109762125082 -0.19294029418538369 94.500000000000014 9.9394336746564438 7.14005668953304 -0.71929357792026261 120.50000000000001 0.11812552495011401 11.655418162737622 74.500000000000014 94.500000000000014 7.4662273925763296 7.6806174235043256 218.0588235294118 8.9796387473789832 158.15699658703076 1.199365564352278 5.5471267646873921 -0.064281490419500806 312.1153846153847 183.50000000000003 0.2690303217762185 120.00996677740865 0.08715175671995333 0.79384982111808344 0.085144927536231887 7.5898413843865926
decision_type=2 2 2 2 2 2 2 2 2 2 2 2 2 2 2 2 2 2 2 2 2 2 2 2 2 2 2 2 2 2
left_child=8 2 3 28 5 -5 22 20 -1 -10 17 29 18 21 16 -16 19 -11 -6 24 23 -14 -4 -7 25 -15 -27 -28 -2 -3
right_child=1 11 6 4 12 7 -8 -9 9 10 -12 -13 13 14 15 -17 -18 -19 -20 -21 -22 -23 -24 -25 -26 26 27 -29 -30 -31
leaf_value=-0.051195011137781077 -0.051195749160031029 -0.052349134863850066 -0.052989212991356775 -0.051196170110973965 0.063347870985487928 0.063344765848321785 0.063619827895239775 -0.016702484481730687 -0.051196319913507975 0.062887409965607488 -0.051237261723557637 0.069885824442939712 -0.051211185220210287 0.06329029941057622 0.062767520269681992 0.0015824104360649691 0.054827633040225136 0.072661602879417808 0.068319500222745064 0.06767456066567 0.067175126104912011 -0.054469766874513575 -0.051227935728742569 0.06399068641677455 0.064082147869759354 0.063480306791823787 0.064279062084209249 0.063551439419236092 -0.052842077875173116 -0.051222155015014217
leaf_weight=417.31962765194476 7.2282270453870288 0.92730877548456092 0.68347055837512272 19.344883425161242 248.63180635869503 45.395301088690758 3.1786094307899466 3.6667555328458539 22.363913534209132 4.233768135309222 8.4784349147230369 0.81432050466537376 2.3483021650463347 19.892732709646225 2.86781371384859 3.2579429857432842 3.6692078858613959 3.441849872469902 3.8857270628213874 4.335287705063819 4.0565354079008094 0.53732564300298591 12.41206970065832 4.4398487806320182 5.2907713502645484 35.280892565846443 6.8998024165630332 8.3635624796152097 0.47102714516222466 33.463305672630668
leaf_count=18306 317 28 22 848 1495 273 19 32 980 26 363 4 102 120 19 21 21 21 20 24 22 15 534 26 31 211 40 50 10 1452
internal_value=-0.00134334 0.0439785 0.0512721 0.0543062 0.0562322 0.0309549 -0.0288702 0.0585651 -0.0492011 -0.0275981 0.00507175 -0.0484505 0.0618624 0.0576096 0.0611237 0.0302266 0.0633841 0.0672703 0.0634244 0.0637762 0.0636863 -0.051818 -0.0513199 0.0634023 0.0635531 0.0635133 0.0636011 0.0638804 -0.0512965 -0.0512525
internal_weight=937.18 481.343 446.138 429.864 422.164 76.9033 16.2741 57.5584 455.838 38.518 16.1541 35.2049 345.261 92.7436 89.858 6.12576 83.7323 7.67562 252.518 80.063 53.8917 2.88563 13.0955 49.8351 75.7278 70.437 50.5443 15.2634 7.69925 34.3906
internal_count=25452 5756 4272 3697 3370 1201 575 353 19696 1390 410 1484 2169 654 537 40 497 47 1515 476 321 117 556 299 452 421 301 90 327 1480
is_linear=0
shrinkage=0.05


Tree=29
num_leaves=31
num_cat=0
split_feature=9 7 8 6 9 7 13 3 9 7 0 1 11 8 8 0 7 4 5 8 4 8 4 7 11 3 2 7 9 4
split_gain=766.532 121.958 41.4175 32.9393 21.711 65.8026 11.9403 7.96992 5.5593 8.71669 20.045 5.49477 0.875677 13.6877 1.93907 0.133876 0.0458406 0.0186374 0.0175423 0.00281716 0.0022799 0.00202722 0.000631529 0.000607291 0.000519888 0.000457718 0.000323285 0.000288626 0.000206048 0.000155146
threshold=-0.53134802822849891 199.50000000000003 259.0384615384616 2.1376109762125082 -0.19294029418538369 94.500000000000014 0.010282844303462862 7.14005668953304 -0.71929357792026261 119.50000000000001 0.11812552495011401 11.655418162737622 0.033908045977011504 147.01898734177217 188.03448275862073 0.08715175671995333 126.50000000000001 5.5471267646873921 6.9335082737100722 120.00996677740865 7.3808759299945494 300.12765957446817 5.3729582179059152 183.50000000000003 0.04083333333333334 7.5424785042809779 9.7957348419155554 121.50000000000001 -0.032921913680208796 5.0466405620843924
decision_type=2 2 2 2 2 2 2 2 2 2 2 2 2 2 2 2 2 2 2 2 2 2 2 2 2 2 2 2 2 2
left_child=8 2 3 24 5 -5 -4 17 -1 -10 -11 25 13 -6 16 22 18 23 -14 27 28 -8 29 -7 -2 -3 -27 -20 -21 -15
right_child=1 11 6 4 12 7 21 -9 9 10 -12 -13 14 15 -16 -17 -18 -19 19 20 -22 -23 -24 -25 -26 26 -28 -29 -30 -31
leaf_value=-0.051135370396088523 -0.051137104724568998 -0.052237781452550508 0.063239198201157518 -0.051136835762967063 -0.051327033378271172 0.062528729271577738 -0.053810426370120283 -0.014707701269503723 -0.051136552575282428 0.067528394212603163 -0.051172968351838558 0.068543531106332656 0.066278701907151127 0.062954104387997728 0.024688980803867625 0.052185576086329705 0.057922511436240824 0.06632182493090337 0.062528676709675587 0.062448687723030277 0.063920744260509046 -0.051164233934580007 0.063349379634579331 0.063122253948850335 -0.052791534929668982 -0.051141811220522117 -0.05252438040176774 0.063002171674264473 0.062957665999378964 0.062606726641141294
leaf_weight=397.0917489323765 6.8448031973093739 1.016887493431567 2.7830019742250434 18.318423161283135 2.857372047379612 44.379589200019836 0.77162726037204166 3.5353750791400662 20.948705108836293 6.1816973388195029 8.3751764539629203 0.98673269152641196 3.2319463938474646 3.5921705961227408 3.4270291924476615 3.2863075435161582 5.3008403033018103 3.582540050148963 254.25373435020447 4.4658665657043448 6.7606145292520514 11.668325139209626 3.4903592169284812 4.7733767926692954 0.51024311780929554 31.631322475150228 0.42854533717036147 3.2596993744373313 3.5843613892793647 30.548818275332451
leaf_count=18291 315 32 17 843 121 277 22 31 964 39 377 5 19 22 18 20 29 20 1587 28 40 528 21 29 11 1451 10 20 22 190
internal_value=-0.00167858 0.0433075 0.0505999 0.0536067 0.0555221 0.0311729 -0.0303836 0.057968 -0.0494405 -0.030485 -0.000765449 -0.0477249 0.0610583 0.0544752 0.062072 0.0618636 0.0625281 0.0628401 0.0626167 0.0625732 0.0632438 -0.0513284 0.0627088 0.0625864 -0.0512519 -0.0511934 -0.0511603 0.0625347 0.0626753 0.0626433
internal_weight=891.887 459.29 425.226 410.003 402.648 74.5893 15.223 56.2709 432.597 35.5056 14.5569 34.0635 328.059 43.775 284.284 40.9177 280.857 52.7355 275.556 272.324 14.8108 12.44 37.6313 49.153 7.35505 33.0768 32.0599 257.513 8.05023 34.141
internal_count=25399 5728 4230 3663 3337 1200 567 357 19671 1380 416 1498 2137 374 1763 253 1745 326 1716 1697 90 550 233 306 326 1493 1461 1607 50 212
is_linear=0
shrinkage=0.05


Tree=30
num_leaves=31
num_cat=0
split_feature=9 3 9 9 8 3 6 9 8 0 8 1 9 3 6 11 0 1 6 9 8 0 3 6 8 0 0 6 2 3
split_gain=730.733 95.9546 95.6865 20.6491 49.7059 6.55766 6.50584 6.36312 7.62142 19.5707 3.35479 6.44331 2.07162 17.9321 1.54869 0.803938 0.593803 0.173701 0.192847 0.139977 1.63991 2.92002 0.0473173 0.0351493 0.0180401 0.012877 0.00767219 0.0106896 0.00305368 0.0024018
threshold=-0.53134802822849891 7.4874537278250921 4.1796846060151642 -0.26634925049910491 158.15699658703076 7.5735311307123743 3.0304079172532492 -0.70688395170678076 206.05555555555557 0.11812552495011401 236.12500000000003 1.2424533248940004 -0.12453542817161221 4.6478001079635041 2.1376109762125082 0.039230769230769243 0.94482440273645751 2.602003343538398 3.0955375855306788 -1.0000000180025095e-35 114.08333333333336 0.69726065388354419 5.2012518591713119 3.391690558166172 177.27179487179492 0.075758540264110816 1.1871030079692064 2.523192219258847 7.3702304435315638 8.0287811093669958
decision_type=2 2 2 2 2 2 2 2 2 2 2 2 2 2 2 2 2 2 2 2 2 2 2 2 2 2 2 2 2 2
left_child=7 3 5 4 15 16 -6 -1 -9 -10 12 -12 13 -5 -14 25 -3 18 -15 20 21 -16 -8 -13 28 -2 27 -21 -4 -7
right_child=1 2 24 10 6 29 22 8 9 -11 11 23 14 17 19 -17 -18 -19 -20 26 -22 -23 -24 -25 -26 -27 -28 -29 -30 -31
leaf_value=-0.051079635551282691 -0.051078598574538087 -0.0044158872603659418 0.061734911140799154 -0.051078285093167225 -0.052443492526572558 -0.052343804915153648 0.061787914421692451 -0.051078549003604895 0.061742631773782121 -0.051085696920092238 0.062689901856982408 -0.051409596205218844 -0.051895288905165239 0.048527588896781465 -0.051265543187540841 0.015870287378550823 0.034862456747243462 0.072120652624429918 0.061867866314239378 0.058957790759766517 0.06221462279126172 0.061521751909514921 0.055629230535402856 -0.067104314506682056 0.064954083583480343 -0.059826358396282565 0.064270561878093699 0.061806968791382359 0.063403701272897184 -0.051259164231563237
leaf_weight=380.61623729206622 14.758744642138476 1.8237542007118457 23.553008839488033 4.0086483769118777 1.3064060937613238 5.7919719927012911 31.799376726150513 17.321128260344267 6.6988522112369528 9.0162678491324169 3.0645784288644782 1.3654515389353035 0.30173180438578029 3.0777270551770988 0.92147798277437987 0.45852270349860269 2.0369127467274666 3.515156000852584 22.618295565247536 3.3378538191318503 21.422761738300323 1.5211999863386152 3.4579150397330514 0.48290173895657051 6.0469863563776007 0.433032141998411 3.1012952029705039 239.77309197187424 3.1024136394262305 42.964701823890209
leaf_count=18401 714 19 153 194 52 235 206 838 44 434 19 58 9 20 40 5 22 18 146 22 137 10 28 12 35 12 19 1552 19 2012
internal_value=-0.0013843 0.0430077 -0.00467684 0.0542861 0.0252074 -0.046421 0.057124 -0.0492526 -0.0282034 -0.0029906 0.0592075 0.0182205 0.0598708 0.0480876 0.0613185 -0.0493592 0.0163076 0.0616961 0.06027 0.061445 0.0577888 0.0189738 0.0611839 -0.05551 0.0624885 -0.0513279 0.0617994 0.0617679 0.0619291 -0.051388
internal_weight=859.698 446.046 85.3197 360.726 52.214 52.6173 36.5637 413.652 33.0362 15.7151 308.512 4.91293 303.599 33.2198 270.379 15.6503 3.86067 29.2112 25.696 270.078 23.8654 2.44268 35.2573 1.84835 32.7024 15.1918 246.212 243.111 26.6554 48.7567
internal_count=25485 5768 2495 3273 1017 2288 286 19717 1316 478 2256 89 2167 378 1789 731 41 184 166 1780 187 50 234 70 207 726 1593 1574 172 2247
is_linear=0
shrinkage=0.05


Tree=31
num_leaves=31
num_cat=0
split_feature=8 8 3 4 13 1 6 3 0 2 8 5 13 0 4 8 7 4 1 8 2 1 1 7 3 7 3 8 7 6
split_gain=510.287 136.634 214.781 78.5745 43.3382 15.3956 5.7629 1.79557 2.10581 0.434298 0.387489 0.175498 0.174103 0.277856 0.0560935 0.03636 0.0829057 0.0321582 0.0325566 0.0132403 0.00271849 0.00333953 0.00146012 0.00143998 0.00235326 0.00134237 0.000766624 0.000568235 0.000470545 0.000218427
threshold=259.0384615384616 54.152830188679253 4.6478001079635041 7.6133230286147189 5.0199571647247921e-05 9.9394336746564438 2.1376109762125082 7.4662273925763296 0.94482440273645751 2.6735537653587347 60.010968921389399 8.8127224240781619 0.10263157894736843 0.93370578023516837 7.3808759299945494 247.02307692307696 151.50000000000003 7.8270413409112187 2.4414009612931857 141.03601694915258 4.1971736807086968 3.7012257604091228 2.6735537653587347 199.50000000000003 7.6214400807672282 102.50000000000001 5.2012518591713119 101.7823969465649 179.50000000000003 3.2493258900699948
decision_type=2 2 2 2 2 2 2 2 2 2 2 2 2 2 2 2 2 2 2 2 2 2 2 2 2 2 2 2 2 2
left_child=1 11 -3 6 10 -2 -4 9 -9 12 -5 -1 14 -14 15 22 -17 18 -6 -12 21 23 25 24 -19 -8 -18 -27 -29 -30
right_child=5 2 3 4 17 -7 7 8 -10 -11 19 -13 13 -15 -16 16 26 20 -20 -21 -22 -23 -24 -25 -26 27 -28 28 29 -31
leaf_value=0.04736672864817762 -0.051031138500247646 -0.051026514363133796 -0.051565781478099218 0.041320806295580388 -0.052789472238832597 0.061822229576930225 0.062021678046417672 -0.0057628499598614234 0.059105455293211186 0.044962997141684904 0.061010678058643998 0.06106641523997014 0.041886953336845695 0.06255657196091341 0.067682911651602784 0.071409856589685627 0.06115955311173369 -0.051024207602219457 -0.067627382315330373 0.064782234291723612 -0.051050168510607397 -0.055777825027423206 0.060241427335025188 -0.051039338905231837 -0.054153301299525058 0.061749720135718771 0.062139083619680124 0.061102286700808653 0.06175255207030958 0.061303593569632421
leaf_weight=2.3641042727977029 323.99368760734797 100.12973730452359 1.1760731060057867 2.7917950712144366 0.92717919498682266 3.0505426675081244 5.069698527455329 2.24449967034161 2.8267795816063881 4.2352813202887765 6.507310286164282 209.36215914785862 2.940491806715726 3.6368425190448761 3.7570378649979821 2.9337642341852179 4.4728638529777509 1.1015201006084709 0.61483460105955601 3.622343048453331 22.888267118483782 0.60730790719389904 3.8890714086592189 2.6152705065906048 1.3219696339219806 4.2897553741931906 3.6093849390745163 72.926371783018112 3.2343912720680263 16.68293884396553
leaf_count=24 16425 5082 46 31 37 20 33 23 23 28 44 1411 22 24 22 20 30 56 12 21 1152 16 27 132 31 28 23 491 21 111
internal_value=-0.00155679 0.0305794 0.00772776 0.0402446 -0.0187704 -0.0499785 0.0586424 0.0595902 0.0303954 0.0607146 0.0578138 0.0609134 0.061238 0.0533159 0.0616691 0.0614762 0.0642103 -0.0516726 -0.0587057 0.0623594 -0.0512926 -0.0522752 0.0611923 -0.051853 -0.0527311 0.0612285 0.061597 0.0611871 0.0611611 0.0613765
internal_weight=819.823 492.779 281.053 180.923 42.9978 327.044 137.925 136.749 5.07128 131.678 12.9214 211.726 127.443 6.57733 120.865 117.108 11.016 30.0763 1.54201 10.1297 28.5343 5.64607 106.092 5.03876 2.42349 102.203 8.08225 97.1335 92.8437 19.9173
internal_count=25466 9021 7586 2504 1532 16445 972 926 46 880 96 1435 852 46 806 784 73 1436 49 65 1387 235 711 219 87 684 53 651 623 132
is_linear=0
shrinkage=0.05


Tree=32
num_leaves=31
num_cat=0
split_feature=9 7 6 8 9 7 13 3 9 7 0 9 11 7 3 9 4 8 0 3 0 8 11 3 2 8 3 8 0 3
split_gain=646.604 99.7708 33.195 27.4117 17.5102 55.3926 10.3697 9.19985 6.4184 9.41963 18.4277 4.77569 0.919141 11.6288 2.99414 0.135993 0.0743573 0.0216001 0.0180566 0.0119785 0.00184806 0.000465681 0.000507788 0.000418876 0.000329366 0.000272552 0.000522781 0.000162703 0.000157931 0.000148316
threshold=-0.53134802822849891 199.50000000000003 2.1376109762125082 265.04409317803669 -0.19294029418538369 94.500000000000014 0.010282844303462862 7.2060045817342084 -0.71929357792026261 119.50000000000001 0.18981894877374797 4.1796846060151642 0.26666666666666672 94.500000000000014 7.4662273925763296 0.32400281177755735 5.4951148343168761 158.15699658703076 1.199365564352278 5.2548844000372066 0.070411732533779359 214.08333333333334 0.051315789473684217 7.4154760425143449 9.7957348419155554 123.02727272727275 7.1914290465227273 251.04347826086959 1.7248057093776128 7.6214400807672282
decision_type=2 2 2 2 2 2 2 2 2 2 2 2 2 2 2 2 2 2 2 2 2 2 2 2 2 2 2 2 2 2
left_child=8 2 29 4 5 -4 -5 19 -1 -10 16 23 13 20 15 18 -11 -14 21 27 -6 22 25 -3 -25 -15 -27 -7 -8 -2
right_child=1 11 3 6 12 7 28 -9 9 10 -12 -13 17 14 -16 -17 -18 -19 -20 -21 -22 -23 -24 24 -26 26 -28 -29 -30 -31
leaf_value=-0.050974096790750982 -0.051572651383925971 -0.052391197257065238 -0.050975830026384165 0.06057788058352731 -0.051027556995106221 0.060414972823576808 -0.051015734498357591 -0.037271460105829678 -0.05097510323850734 0.060205741496033263 -0.051012360705817453 0.065593480867548945 0.06041101820981265 0.060332714200594495 0.021037461229122867 0.049579304179182104 0.070991902065676238 0.064508196931427855 0.0644142028433113 0.063257261241801546 -0.054592963617542414 0.061109276526514891 0.061007650907836802 -0.050985613535574605 -0.052406452704144492 0.060498962017604407 0.061076769111252427 0.060736631645575648 -0.052045341648684462 -0.050976049334826981
leaf_weight=342.52131530828774 1.2267550304532031 0.55761289410293713 15.929840203374622 2.7209171056747428 2.0732006635516878 39.946552991867065 8.4416288528591359 2.5215586684644213 18.443298390135169 3.6395426839590055 7.2615037858486176 0.90607002377509971 209.81614956259727 18.585658416152 5.2092837300151578 2.8398789018392554 2.8482738882303238 3.26690649986267 3.1966466754674903 4.1455302983522406 0.44070340692996968 3.7157552391290656 5.1620106101036063 27.111547367647294 0.41410616040229697 33.547963738441467 4.4317983388900748 4.3605359345674506 0.38963829725980836 6.9071176238358021
leaf_count=18274 50 19 849 19 107 280 438 28 983 26 377 5 1471 131 38 18 20 19 20 25 15 25 35 1435 10 234 30 30 17 368
internal_value=-0.001551 0.0420119 0.0488523 0.0510445 0.0534827 0.0304082 -0.0247665 0.0558413 -0.0489679 -0.0276228 0.00370195 -0.0473892 0.0587644 0.0541654 0.0576342 0.0603013 0.0649411 0.0604738 0.0607449 0.0606871 -0.0516526 0.0605657 0.0605329 -0.0510345 -0.051007 0.0604896 0.0605664 0.0604466 -0.0510612 -0.051066
internal_weight=782.579 407.865 378.876 370.742 359.19 66.904 11.5522 50.9742 374.714 32.1926 13.7493 28.9893 292.286 79.2029 76.689 71.4797 6.48782 213.083 68.6398 48.4526 2.5139 65.4432 61.7274 28.0833 27.5257 56.5654 37.9798 44.3071 8.83127 8.13387
internal_count=25396 5716 4247 3829 3355 1212 474 363 19680 1406 423 1469 2143 653 531 493 46 1490 475 335 122 455 430 1464 1445 395 264 310 455 418
is_linear=0
shrinkage=0.05


Tree=33
num_leaves=31
num_cat=0
split_feature=9 7 8 6 9 8 13 9 7 0 1 11 8 7 3 1 0 9 0 8 7 0 6 7 3 3 8 8 7 9
split_gain=614.057 96.0529 32.2779 25.79 16.2057 43.127 10.2958 6.59115 9.48678 17.5942 4.52979 2.01386 20.7095 3.61373 0.603735 0.46173 0.381177 0.121265 0.0674897 0.0639626 0.0209997 0.0170048 0.00262957 0.000980362 0.00151266 0.000484064 0.00047451 0.000409792 0.000408159 0.000334643
threshold=-0.53134802822849891 199.50000000000003 262.0263157894737 2.1376109762125082 -0.26634925049910491 158.15699658703076 0.010282844303462862 -0.71929357792026261 119.50000000000001 0.11812552495011401 11.655418162737622 0.033908045977011504 147.01898734177217 128.50000000000003 5.2012518591713119 2.4414009612931857 0.08715175671995333 -0.16900152081477324 0.046284659044738656 172.25000000000003 124.50000000000001 0.075758540264110816 2.3320951611866234 114.50000000000001 7.4154760425143449 7.5424785042809779 306.03030303030306 233.12500000000003 96.500000000000014 -0.089033504231811098
decision_type=2 2 2 2 2 2 2 2 2 2 2 2 2 2 2 2 2 2 2 2 2 2 2 2 2 2 2 2 2 2
left_child=7 2 3 -2 5 15 -4 -1 -9 18 25 12 28 17 -7 21 27 -13 -10 20 22 -5 -19 29 -25 -3 -8 -14 -6 -24
right_child=1 10 6 4 11 14 26 8 9 -11 -12 13 16 -15 -16 -17 -18 19 -20 -21 -22 -23 23 24 -26 -27 -28 -29 -30 -31
leaf_value=-0.050925665666591971 -0.051016766238961786 -0.052147641387099743 0.059958028697009336 -0.05092550178559048 -0.050954531235190663 0.059811955172051616 -0.052455425375687773 -0.05092654326373202 0.069874949295034725 -0.05096071985791531 0.064603477983869798 0.069470999444677162 0.059878891715870776 0.0041584059049839311 0.038895675823337819 -0.0056608427503510609 0.043752717542777105 0.061360299935900191 0.059593603511711501 0.052732996172965396 0.063234669190989468 -0.061625362017547106 0.060300851688112903 0.059953162134509935 0.06128326352164986 -0.050952759440613088 -0.050957138130598836 0.060459980140616758 -0.052593588508842264 0.059799417528635879
leaf_weight=327.00451151095331 6.0371726043522349 0.87579230591655388 2.6142933070659629 12.597402676939959 4.3284885901957741 27.834853351116184 0.55841621570289035 17.486910181120042 2.8509639352560026 6.816496167331934 0.87475106120109458 3.3006606400012961 39.387489154934883 2.9368868097662917 3.9380964264273635 0.58046792820096094 3.9843957163393489 2.8439101353287688 3.6265548765659332 3.1405811458826056 4.671518772840499 0.38260452821850854 3.379122093319892 8.6985134035348874 2.8339200615882865 26.334030451253057 9.8440629355609399 3.2872412204742423 0.41635822691023339 217.02301496267319
leaf_count=18324 326 31 19 706 238 203 22 979 21 372 5 18 286 17 34 6 30 20 27 18 30 11 24 63 19 1456 539 23 10 1584
internal_value=-0.00146048 0.0417094 0.0485723 0.0514346 0.0532245 0.0253596 -0.0287452 -0.0488436 -0.0267241 0.00511184 -0.0473908 0.057432 0.0484223 0.0592932 0.0572195 -0.0492898 0.0585428 0.0599517 0.0641188 0.0598222 0.0599152 -0.0512409 0.0598491 0.0598306 0.06028 -0.0509912 -0.0510376 0.0599237 -0.0510984 0.0598071
internal_weight=750.489 392.704 364.619 351.603 345.566 45.3334 13.0168 357.785 30.7809 13.294 28.0846 300.232 51.404 248.828 31.7729 13.5605 46.6591 245.891 6.47752 242.591 239.45 12.98 234.778 231.935 11.5324 27.2098 10.4025 42.6747 4.74485 220.402
internal_count=25461 5738 4246 3666 3340 960 580 19723 1399 420 1492 2380 587 1793 237 723 339 1776 48 1758 1740 717 1710 1690 82 1487 561 309 248 1608
is_linear=0
shrinkage=0.05


Tree=34
num_leaves=31
num_cat=0
split_feature=9 7 8 6 9 7 1 4 9 7 0 1 7 4 9 4 4 8 4 0 9 8 8 7 11 11 1 4 7 0
split_gain=576.145 90.4633 30.2321 23.9393 16.9764 48.1574 8.91906 7.31787 5.59384 8.07834 16.4728 3.45755 0.8369 9.01996 1.68449 1.10289 0.0678719 0.0152318 0.00392244 0.00339292 0.00165276 0.000377327 0.000370295 0.00032685 0.000276998 0.000250274 0.000234262 0.000220735 0.000170947 0.000341155
threshold=-0.53134802822849891 199.50000000000003 262.0263157894737 2.1376109762125082 -0.19294029418538369 94.500000000000014 9.9394336746564438 7.3808759299945494 -0.71929357792026261 119.50000000000001 0.11812552495011401 11.655418162737622 74.500000000000014 5.0005792898547883 0.32400281177755735 7.3808759299945494 5.4951148343168761 152.05000000000004 5.5471267646873921 1.199365564352278 0.23487976962819526 306.03030303030306 214.08333333333334 183.50000000000003 0.051315789473684217 0.04083333333333334 10.501588724961538 7.1944365692869114 117.50000000000001 0.08715175671995333
decision_type=2 2 2 2 2 2 2 2 2 2 2 2 2 2 2 2 2 2 2 2 2 2 2 2 2 2 2 2 2 2
left_child=8 2 3 25 5 -5 21 18 -1 -10 16 26 17 -14 15 19 -11 -6 23 20 22 -4 24 -7 28 -2 27 -3 -15 -30
right_child=1 11 6 4 12 7 -8 -9 9 10 -12 -13 13 14 -16 -17 -18 -19 -20 -21 -22 -23 -24 -25 -26 -27 -28 -29 29 -31
leaf_value=-0.050879712667940349 -0.050881916834347479 -0.051773847507434391 -0.052274934685849532 -0.050882495007398457 0.059231513931194801 0.059230334273416001 0.059424160375171814 -0.017008539448845502 -0.050880640443680181 0.058993719861807986 -0.050915997825017059 0.063689868401590397 -0.05093513172422405 0.059168960285523667 0.022077032558386556 0.034213675062407058 0.06984661894670284 0.062799209369993877 0.061211327987505393 0.061207081334151529 0.060392139565531217 -0.050910810612821322 0.059887853833777663 0.05973395098386422 0.059749628323860882 -0.052262682484128492 -0.052227586945626861 -0.050898474559402745 0.059310243296424814 0.059722995620278045
leaf_weight=311.58689952455461 5.3615525532513848 0.74171072989703191 0.53647173754870792 14.56973467953503 195.50205801427364 35.385650590062141 2.2518776059150687 3.3873336873948565 16.599467093124989 3.2096169516444188 6.7481003068387508 0.6749764084815969 2.0290162358432999 12.567267015576361 3.4749834593385449 4.6145219951868048 2.6136975064873695 3.0381760448217383 2.8074550032615653 2.9639980196952811 4.5160003751516333 9.206547783687709 3.580853506922721 3.544426664710044 4.2176461368799201 0.34958140738308419 0.34931151941418548 24.776307184249163 27.647884786128998 6.1131794974207869
leaf_count=18339 315 32 23 856 1486 269 17 32 976 25 386 4 115 96 23 36 20 19 19 21 33 529 26 26 31 9 9 1444 209 45
internal_value=-0.00188392 0.0409472 0.0477398 0.050527 0.0522837 0.0281519 -0.0302579 0.0536702 -0.0489196 -0.0279824 0.00225264 -0.0480264 0.0576138 0.0529846 0.05601 0.0577906 0.0638649 0.0592861 0.0594064 0.0595566 0.0594732 -0.0509859 0.0593965 0.0592762 0.0593617 -0.0509664 -0.0509415 -0.0509239 0.0593264 0.059385
internal_weight=714.966 374.209 347.666 335.671 329.96 59.6946 11.9949 45.1249 340.758 29.1709 12.5714 26.5423 270.266 71.7254 69.6963 66.2214 5.82331 198.54 41.7375 61.6068 58.6428 9.74302 54.1268 38.9301 50.546 5.71113 25.8673 25.518 46.3283 33.7611
internal_count=25470 5724 4235 3666 3342 1202 569 346 19746 1407 431 1489 2140 635 520 497 45 1505 314 461 440 552 407 295 381 324 1485 1476 350 254
is_linear=0
shrinkage=0.05


Tree=35
num_leaves=31
num_cat=0
split_feature=9 7 6 9 7 3 9 7 0 1 16 13 3 9 3 6 1 3 7 5 0 9 11 16 13 0 2 3 2 7
split_gain=550.164 85.1851 28.1032 19.3527 43.553 19.902 4.91395 7.5243 14.8084 4.07335 3.80019 23.8651 0.866747 0.405648 7.69586 0.353709 0.231854 0.138343 0.0656796 0.0171413 0.0175611 0.0118089 0.00895811 0.00517307 0.00286938 0.00267372 0.00177421 0.00451574 0.00190645 0.00086966
threshold=-0.53134802822849891 199.50000000000003 2.1376109762125082 -0.19294029418538369 94.500000000000014 7.3346551887924436 -0.71929357792026261 120.50000000000001 0.18981894877374797 11.655418162737622 1.0000000180025095e-35 0.010282844303462862 7.4662273925763296 -0.032921913680208796 4.6478001079635041 2.9540502528375958 2.524928003624769 7.4985928023719568 129.50000000000003 8.1425301610472296 0.08715175671995333 -1.0000000180025095e-35 0.99674223813641738 1.0000000180025095e-35 0.10263157894736843 1.0740434421729554 1.7005986908310777 7.8963665166760242 2.9700856263602158 183.50000000000003
decision_type=2 2 2 2 2 2 2 2 2 2 2 2 2 2 2 2 2 2 2 2 2 2 2 2 2 2 2 2 2 2
left_child=6 2 -2 4 -4 15 -1 -8 18 -3 12 22 13 14 -5 -6 -13 -7 -9 -17 29 -15 -12 -19 -23 -16 -18 -28 -29 -21
right_child=1 9 3 10 5 17 7 8 -10 -11 11 16 -14 21 25 19 26 23 -20 20 -22 24 -24 -25 -26 -27 27 28 -30 -31
leaf_value=-0.050836059505248436 -0.050913780763726095 -0.050890371859091767 -0.050840970423081867 -0.050847197727775531 0.036806041022368577 -0.076368424588053402 -0.050837033461204731 0.06933665968971317 -0.050864096854649959 0.062845149204153503 0.058673405089537792 -0.083842075815856718 0.035287245169102179 0.056083573291356603 0.058892030461698268 0.062922770337107303 -0.05086757479274423 -0.055199117142769344 0.058189176374491058 0.058703376074748397 0.054844637108540976 0.05872692100564935 0.060955979421434971 -0.051044210139499419 0.060147788019623429 0.060588973419333447 -0.056326549041057786 -0.050834128709055508 -0.054873452484719733 0.059495952351601593
leaf_weight=296.61818228475749 7.1159893348813048 24.754023856483403 14.693160014227031 1.6987489145249153 1.926090545952319 0.72702845744788547 15.950301110744478 2.5200721770524961 6.0795526579022408 0.81308439373969932 20.279847502708442 0.64383084140717883 4.3027978315949431 4.2318168710917226 22.910383157432083 2.2982591688632956 2.2225444912910461 1.0997780431061985 2.777862124145031 32.071598067879677 3.0624004881829014 196.89498220384121 5.4545007348060599 2.3497349880635738 3.6185190677642813 2.5829522907733908 0.67093537747859988 1.5978180821985004 0.3574628997594117 3.8797335624694815
leaf_count=18338 424 1493 905 104 21 9 985 20 367 5 161 11 35 36 179 16 134 19 23 254 28 1557 38 138 27 19 16 99 11 29
internal_value=-0.00162318 0.0407135 0.0473949 0.0495175 0.024374 0.0476822 -0.0489669 -0.0286786 0.00238576 -0.0472734 0.055356 0.0389634 0.0575229 0.0579354 0.0521976 0.05775 -0.0556506 -0.0565466 0.0634917 0.0587265 0.0584793 0.0586974 0.0591572 -0.0523689 0.0587526 0.059064 -0.0519072 -0.0527871 -0.0515726 0.0587889
internal_weight=686.204 362.258 336.691 329.575 62.1078 47.4146 323.946 27.3278 11.3775 25.5671 267.467 31.2269 236.24 231.937 27.1921 43.2381 5.49259 4.17654 5.29793 41.312 39.0137 204.745 25.7343 3.44951 200.514 25.4933 4.84876 2.62622 1.95528 35.9513
internal_count=25501 5768 4270 3846 1419 514 19733 1395 410 1498 2427 470 1957 1922 302 348 271 166 43 327 311 1620 199 157 1584 198 260 126 110 283
is_linear=0
shrinkage=0.05


Tree=36
num_leaves=31
num_cat=0
split_feature=9 7 6 8 9 7 1 9 7 0 2 1 11 7 3 8 7 8 0 3 9 3 3 11 1 8 0 5 0 1
split_gain=523.858 81.3416 26.4259 21.8569 14.0143 43.8235 8.371 5.74155 8.3898 14.657 4.96673 3.86511 0.706223 8.1466 2.56749 0.164776 0.064965 0.0136644 0.00951347 0.00312791 0.000744276 0.000310485 0.000246076 0.00018934 0.000183079 0.000162763 0.000330898 0.000238761 9.30084e-05 8.01104e-05
threshold=-0.53134802822849891 199.50000000000003 2.1376109762125082 265.04409317803669 -0.19294029418538369 94.500000000000014 9.9394336746564438 -0.71929357792026261 119.50000000000001 0.11812552495011401 2.602003343538398 11.655418162737622 0.26666666666666672 94.500000000000014 7.4662273925763296 218.0588235294118 128.50000000000003 158.15699658703076 1.199365564352278 5.2548844000372066 0.2690303217762185 7.5424785042809779 5.2012518591713119 0.051315789473684217 10.501588724961538 123.02727272727275 0.08715175671995333 7.9221755808362913 1.7248057093776128 2.524928003624769
decision_type=2 2 2 2 2 2 2 2 2 2 2 2 2 2 2 2 2 2 2 2 2 2 2 2 2 2 2 2 2 2
left_child=7 2 29 4 5 -4 28 -1 -9 16 19 21 13 -6 15 18 -10 -14 20 22 23 -3 -7 25 -23 -15 -27 -28 -5 -2
right_child=1 11 3 6 12 10 -8 8 9 -11 -12 -13 17 14 -16 -17 -18 -19 -20 -21 -22 24 -24 -25 -26 26 27 -29 -30 -31
leaf_value=-0.05079459050899552 -0.051386795956662595 -0.051816675112625471 -0.050796771673578427 -0.050830077225792226 -0.050866094194844981 0.058212888706802468 0.058319265617034578 -0.050795549147844114 0.06848205337475162 -0.050825241974748692 -0.013458464790701428 0.062062734010668676 0.058204371288096982 0.058158102700896025 0.02123420065953139 0.045766447114184039 0.05775675089137209 0.061677815966649542 0.061255855845096477 0.06004481418952208 0.059025608947955346 -0.050801589191688125 0.058693294757779194 0.058640911700789437 -0.052010228539823899 0.058277672913386862 0.058404623335265686 0.058991954836208872 -0.051720354613223066 -0.050808182393566659
leaf_weight=282.23342976160347 0.66385334078222413 0.80631759855896845 13.154259570874272 7.0308227408677322 1.8607570715248574 33.442175485193729 2.3074950873851776 15.215376789681615 2.568763040006159 5.6915188813582063 2.5651114527136079 0.78293196856975455 181.51019497960806 14.583619490265844 5.1448990181088439 2.6436779499053946 3.1350088715553284 2.8763307705521575 3.0219258815050116 2.6049157232046118 4.1000326648354521 22.55641575623304 2.8964479714632025 4.3819130286574355 0.31773104332387347 26.678382195532322 3.9260677844285956 3.0939894840121269 0.30614126101136196 6.0494359899312258
leaf_count=18329 32 33 853 444 115 276 19 987 21 360 26 5 1499 121 39 20 27 19 22 19 32 1456 23 35 9 219 32 24 16 389
internal_value=-0.00126092 0.0406842 0.0473055 0.0493772 0.0516945 0.02873 -0.0247437 -0.0487013 -0.0264993 0.00594186 0.0539323 -0.0472386 0.0566401 0.0523422 0.0551842 0.0579821 0.062587 0.0582586 0.0585223 0.0583712 0.0583767 -0.0508524 0.0582512 0.0583262 -0.0508184 0.0582977 0.058358 0.0586635 -0.0508672 -0.0508654
internal_weight=658.15 349.306 324.842 318.129 308.485 54.6629 9.64446 308.844 26.6107 11.3953 41.5087 24.4634 253.822 69.4353 67.5745 62.4296 5.70377 184.387 59.7859 38.9435 56.764 23.6805 36.3386 52.664 22.8741 48.2821 33.6984 7.02006 7.33696 6.71329
internal_count=25501 5777 4274 3853 3374 1197 479 19724 1395 408 344 1503 2177 659 544 505 48 1518 485 318 463 1498 299 431 1465 396 275 56 460 421
is_linear=0
shrinkage=0.05


Tree=37
num_leaves=31
num_cat=0
split_feature=9 7 8 0 9 7 13 9 7 0 3 1 6 8 0 11 8 7 7 7 8 7 8 0 11 7 7 3 8 6
split_gain=488.936 76.3393 25.0728 20.4902 12.6099 41.6268 7.45838 5.22597 7.41325 14.231 4.25379 2.95229 1.20801 0.888988 2.9658 0.649778 8.21128 0.23905 0.0665492 0.0101476 0.00621823 0.00439827 0.00314107 0.00335352 0.000885348 0.000720177 0.000390913 0.000268824 0.000169329 0.000147636
threshold=-0.53134802822849891 199.50000000000003 270.04000000000002 3.7405637270949712 -0.19294029418538369 94.500000000000014 0.010282844303462862 -0.71929357792026261 119.50000000000001 0.11812552495011401 7.1546150517377898 11.655418162737622 2.1376109762125082 194.13802816901412 0.11812552495011401 0.033908045977011504 147.01898734177217 127.50000000000001 127.50000000000001 124.50000000000001 166.96291676411738 126.50000000000001 114.08333333333336 1.2349869032859482 0.039230769230769243 183.50000000000003 115.50000000000001 7.5424785042809779 214.08333333333334 2.1376109762125082
decision_type=2 2 2 2 2 2 2 2 2 2 2 2 2 2 2 2 2 2 2 2 2 2 2 2 2 2 2 2 2 2
left_child=7 2 3 4 5 -2 -4 -1 -9 18 20 27 -6 15 28 16 -14 19 -10 22 -7 -22 26 24 -24 -23 -17 -3 -15 -5
right_child=1 11 6 29 12 10 -8 8 9 -11 -12 -13 13 14 -16 17 -18 -19 -20 -21 21 25 23 -25 -26 -27 -28 -29 -30 -31
leaf_value=-0.050755291748768062 -0.05075789346265052 -0.051727489570055407 0.057692752813606432 -0.050754910442637094 -0.051696200253233918 0.06012656371894496 -0.050784830429742134 -0.050755989467508623 0.068486486354300088 -0.050785319316302972 -0.0067710572404562535 0.0613368488024226 -0.050958881742450141 0.057892530327327135 -0.0011982965376319836 0.057740330390946171 0.057822358386311168 0.041573545678823896 0.057269233276743839 0.06058115352126775 0.055559916770072673 0.057753431015674796 0.058785080135730187 0.059883691454449085 0.057827027429539629 0.058446400662492654 0.058181813753172329 -0.050775724067339406 0.058366823621594656 -0.051718811613486237
leaf_weight=269.21099187061191 12.499819592572747 0.76828206609935179 1.9572240710258473 4.585431261919438 0.26013666205108066 2.8494772389531127 8.3216401468962413 14.452102691866459 2.373389430344103 5.7989695202559233 2.7268299441784611 0.60266977548599143 1.892526240088048 4.5887847617268545 2.8944948837161064 177.00606796890497 20.811879768967628 2.2795478403568259 2.9854736030101776 3.3608695566654196 2.2512320876121512 28.587275378406048 3.3819935172796241 3.403718374669551 8.4028213545680028 4.315262258052825 5.1602596864104262 21.608296642079949 3.1900142282247543 0.43493144959211338
leaf_count=18365 851 33 17 313 9 22 553 985 20 385 25 4 117 39 19 1525 178 15 27 25 20 246 27 26 72 35 43 1455 26 15
internal_value=-0.00196984 0.0400171 0.0466349 0.0493107 0.0510453 0.0290571 -0.0301293 -0.0487021 -0.0271189 0.00349695 0.0535518 -0.0478672 0.0559914 0.0561099 0.0420094 0.0567768 0.0487549 0.057674 0.0622372 0.0578568 0.0578801 0.057698 0.0578104 0.0585012 0.058102 0.0578443 0.0577528 -0.0508084 0.058087 -0.0508384
internal_weight=622.962 328.141 305.162 294.883 289.863 53.2299 10.2789 294.821 25.6099 11.1578 40.7301 22.9792 236.633 236.373 10.6733 225.7 22.7044 202.995 5.35886 200.716 38.0032 35.1538 197.355 15.1885 11.7848 32.9025 182.166 22.3766 7.7788 5.02036
internal_count=25492 5710 4218 3648 3320 1199 570 19782 1417 432 348 1492 2121 2112 84 2028 295 1733 47 1718 323 301 1693 125 99 281 1568 1488 65 328
is_linear=0
shrinkage=0.05


Tree=38
num_leaves=31
num_cat=0
split_feature=9 7 8 0 19 9 7 1 9 7 0 1 8 11 7 4 8 9 7 7 11 9 0 5 7 7 0 3 1 3
split_gain=469.892 71.6216 24.3241 19.3926 13.2832 10.6496 36.8147 6.75134 5.00157 7.11766 13.4223 3.47911 0.989638 0.788816 11.074 0.42413 0.183992 0.0621809 0.057514 0.0286245 0.00694296 0.00165911 0.00176009 0.00141178 0.000466136 0.000346711 0.000243411 0.000223818 0.000132976 0.000122604
threshold=-0.53134802822849891 199.50000000000003 270.04000000000002 3.3190240918789269 1.0000000180025095e-35 -0.2304377450747763 95.500000000000014 9.9394336746564438 -0.71929357792026261 119.50000000000001 0.11812552495011401 11.655418162737622 236.12500000000003 0.033908045977011504 122.50000000000001 5.5471267646873921 161.2448979591837 -0.16900152081477324 128.50000000000003 124.50000000000001 0.042572463768115944 0.023891963637538541 1.1295405309638331 10.194108289278152 111.50000000000001 115.50000000000001 0.08715175671995333 7.2320092860153666 10.501588724961538 5.2012518591713119
decision_type=2 2 2 2 2 2 2 2 2 2 2 2 2 2 2 2 2 2 2 2 2 2 2 2 2 2 2 2 2 2
left_child=8 2 3 4 5 6 -2 -4 -1 -10 18 27 13 14 23 29 17 -15 -11 21 -21 22 24 -7 -19 -23 -16 -3 -29 -8
right_child=1 11 7 -5 -6 12 15 -9 9 10 -12 -13 -14 16 26 -17 -18 19 -20 20 -22 25 -24 -25 -26 -27 -28 28 -30 -31
leaf_value=-0.05071791493842738 -0.050719959636372935 -0.052048658001491145 -0.050743527123176306 -0.050797341890749553 -0.072096610577753129 -0.05075635968814271 0.057301348656973033 0.057271860417049007 -0.050718674341731211 0.067547871343684493 -0.050744128238318011 0.06066237697116901 0.026532906460714933 0.065759362022122736 0.057380876294555953 0.038227218439593577 0.043669933847557726 0.057369517095604165 0.056932155339288908 0.062727755054738349 0.059231412190087276 0.057306553215369864 0.059137530974165187 -0.054475762249124406 0.058170929589436683 0.057662970375423131 0.057922157828073154 -0.050734342578731398 -0.051814605321800614 0.057657956860053428
leaf_weight=254.67503849975765 10.872595166787503 0.33674749825150385 7.989283034577964 4.7791511584073296 2.1830608509480944 2.2557348590344186 26.905548468232158 1.7664964869618414 13.772857411764564 2.3608090281486493 5.4680668786168098 0.72436131536960502 2.8406783863902083 2.2828454971313468 28.232541844248775 3.2212718222290269 2.4147791750729075 5.9233907833695394 2.7763904631137848 2.8051447197794905 2.8753091841936111 174.29764713346958 2.4407954066991797 0.28766440041363228 2.6156436428427696 7.1012292951345435 2.24192090332508 20.606995227746669 0.28886830620467563 2.6474080309271804
leaf_count=18251 778 14 559 328 27 157 242 16 986 21 382 5 25 15 252 28 19 53 26 19 23 1567 20 12 22 62 19 1459 9 23
internal_value=-0.00119391 0.0400662 0.0464672 0.0490865 0.0507647 0.0517149 0.0290067 -0.031185 -0.0486469 -0.0270111 0.00377748 -0.0470937 0.0558686 0.0562221 0.0490553 0.0554554 0.0573891 0.0575545 0.0618106 0.0574599 0.060958 0.0573566 0.0579535 -0.051177 0.057615 0.0573205 0.0574207 -0.0507699 -0.0507493 0.0573333
internal_weight=599.99 320.937 298.98 289.224 284.445 282.262 43.6468 9.75578 279.053 24.3781 10.6053 21.957 238.615 235.775 33.0179 32.7742 202.757 200.342 5.1372 198.059 5.68045 192.379 10.9798 2.5434 8.53903 181.399 30.4745 21.2326 20.8959 29.553
internal_count=25419 5753 4266 3691 3363 3336 1071 575 19666 1415 429 1487 2265 2240 440 293 1800 1781 47 1766 42 1724 95 169 75 1629 271 1482 1468 265
is_linear=0
shrinkage=0.05


Tree=39
num_leaves=31
num_cat=0
split_feature=9 7 8 6 9 7 1 3 9 7 0 1 8 11 8 7 5 8 6 7 8 9 3 9 7 3 11 3 8 2
split_gain=443.496 68.0817 23.3353 18.5691 11.7825 36.1062 6.42615 5.75847 4.35452 6.41983 12.1956 2.65944 0.784215 0.55548 8.02355 1.19373 0.0655661 0.058873 0.0539835 0.0109737 0.00455182 0.00243889 0.00415984 0.00185852 0.000843276 0.00112731 0.000176228 0.000171325 0.000165912 0.000112356
threshold=-0.53134802822849891 199.50000000000003 270.04000000000002 2.1376109762125082 -0.19294029418538369 94.500000000000014 9.9394336746564438 7.2060045817342084 -0.71929357792026261 119.50000000000001 0.11812552495011401 11.655418162737622 223.16666666666671 0.033908045977011504 147.01898734177217 127.50000000000001 8.2387700627096638 244.08333333333334 3.0802481087182549 124.50000000000001 141.03601694915258 -0.50460896297969515 5.2548844000372066 -0.089033504231811098 114.50000000000001 7.4154760425143449 0.04083333333333334 7.5424785042809779 251.04347826086959 9.7957348419155554
decision_type=2 2 2 2 2 2 2 2 2 2 2 2 2 2 2 2 2 2 2 2 2 2 2 2 2 2 2 2 2 2
left_child=8 2 3 26 5 -5 -4 18 -1 -10 17 27 13 14 -6 19 -16 -11 -7 20 23 -20 28 -15 -25 -26 -2 -3 -23 -29
right_child=1 11 6 4 12 7 -8 -9 9 10 -12 -13 -14 15 16 -17 -18 -19 21 -21 -22 22 -24 24 25 -27 -28 29 -30 -31
leaf_value=-0.050682406206012887 -0.050684809361655737 -0.051559975576423993 -0.050707542353790526 -0.050684602922168503 -0.050855691215363631 0.050339049992851354 0.056867639267749397 -0.023714618226045384 -0.050683138491019956 0.05670029499239701 -0.050709724109566291 0.060034802026744674 0.028337813990871555 0.058016173430267118 0.048115276819035213 0.024090296947463813 0.056986793919268169 0.068056623747015862 0.055553098762999589 0.059888539064730489 0.059090824386925395 0.056905837402494677 0.059052849888507702 0.056898775625360866 0.057074148842467601 0.058346785232390501 -0.051857297557138166 -0.050687764895338952 0.057356029581432655 -0.051672523684569788
leaf_weight=243.41401566099375 4.2743173111230126 0.60035658720881357 7.7332883533090335 11.20428500138223 1.8766473140567566 3.3631928116083136 1.691984675824642 2.3943830691277972 13.030429666861894 2.5735574811696988 5.0389316882938147 0.55684280395507713 2.6737007796764365 3.9864396601915351 2.2837940678000477 2.7915924265980712 23.650805033743382 2.0505864694714546 2.6967377848923162 3.2957112044095984 2.5136630460619918 25.056458786129962 2.5539479702711096 168.42450127750635 7.1359907239675504 2.3012535944581032 0.34645476005971421 19.340711069293324 2.2285768315196028 0.29405555129051109
leaf_count=18326 321 29 568 842 127 26 16 26 980 25 369 4 21 35 20 19 220 19 26 26 20 235 21 1581 66 19 11 1448 20 10
internal_value=-0.0015485 0.0395797 0.0459634 0.0486143 0.0503124 0.0282629 -0.0313961 0.0513622 -0.0487295 -0.0277819 0.00309991 -0.0477615 0.0552524 0.0555821 0.0489813 0.056546 0.0562056 0.0617363 0.0563697 0.0570288 0.0569777 0.0569931 0.0571232 0.0569485 0.0569245 0.0573845 -0.0507727 -0.050728 0.0569426 -0.0507025
internal_weight=571.377 305.27 284.478 275.052 270.432 49.4976 9.42527 38.2933 266.108 22.6935 9.66308 20.792 220.934 218.26 27.8112 190.449 25.9346 4.62414 35.8989 187.658 184.362 32.5357 29.839 181.848 177.862 9.43724 4.62077 20.2351 27.285 19.6348
internal_count=25476 5757 4266 3682 3350 1196 584 354 19719 1393 413 1491 2154 2133 367 1766 240 44 328 1747 1721 302 276 1701 1666 85 332 1487 255 1458
is_linear=0
shrinkage=0.05


Tree=40
num_leaves=31
num_cat=0
split_feature=9 7 8 6 19 9 7 1 9 7 0 1 8 11 7 8 4 7 9 9 4 9 0 7 7 7 6 11 1 4
split_gain=419.838 64.5269 22.3413 17.1859 11.665 9.35795 34.3895 5.03444 3.99387 5.52772 10.1928 2.52535 0.917422 0.582482 9.06297 0.930045 0.527418 0.0197962 0.00763807 0.00239482 0.00162242 0.00105863 0.000830889 0.000419542 0.000339194 0.000201967 0.000160528 0.000151127 9.3991e-05 9.22883e-05
threshold=-0.53134802822849891 199.50000000000003 270.04000000000002 2.1376109762125082 1.0000000180025095e-35 -0.21171336248670511 94.500000000000014 10.070801030819768 -0.70688395170678076 119.50000000000001 0.11812552495011401 11.655418162737622 236.12500000000003 0.033908045977011504 126.50000000000001 172.25000000000003 7.2902926497970748 124.50000000000001 -0.12453542817161221 0.12787877785352644 8.3384252484805028 0.023891963637538541 1.1183036491098768 183.50000000000003 109.50000000000001 115.50000000000001 3.1496219042332614 0.04083333333333334 10.501588724961538 7.6133230286147189
decision_type=2 2 2 2 2 2 2 2 2 2 2 2 2 2 2 2 2 2 2 2 2 2 2 2 2 2 2 2 2 2
left_child=8 2 3 27 5 6 -5 -4 -1 -10 -11 28 13 14 20 17 23 18 -15 26 -7 22 24 -8 -20 -23 -16 -2 29 -3
right_child=1 11 7 4 -6 12 16 -9 9 10 -12 -13 -14 15 19 -17 -18 -19 21 -21 -22 25 -24 -25 -26 -27 -28 -29 -30 -31
leaf_value=-0.050649148537222188 -0.050650790899052167 -0.05109163526043338 -0.050667473640520634 -0.050650880164993209 -0.073731073817120948 -0.050693548746273631 0.056539381137466829 0.056337111366796089 -0.050648529628598588 0.056276666922849355 -0.050654697225917138 0.059450088532702262 0.023619532211693519 0.059344448441026501 0.057036572322311518 0.023911674755012616 0.031553992019620745 0.059822392492231306 0.056499935389962244 0.054978283020773948 -0.054860318814717306 0.056514956572989355 0.0579445659226333 0.057167857473202272 0.057291188881505743 0.056799330053184695 0.056595089258785952 -0.051763933206255858 -0.051636816191406289 -0.050654142484434186
leaf_weight=232.31522512901574 3.9914458543062201 1.2930686138570404 7.1833248687908036 10.222555954009293 1.897065233439206 1.8382655596360593 26.479775868356235 1.2978232428431509 11.351227344013752 4.3869883492588979 4.5294878277927637 0.53476250171661277 2.3169734701514235 2.4851951152086249 2.2692646458745065 2.1916524916887274 2.2631216067820779 4.8730060756206504 3.5612509027123442 2.3914115428924552 0.2676289528608321 160.31703045964241 2.1944110617041588 2.9514233544468871 2.1857099160552025 6.4967102929949752 22.224837891757488 0.33013736829161633 0.26226894930004974 17.787279153242707
leaf_count=18366 315 80 557 807 19 140 259 13 898 45 356 4 18 21 21 15 19 39 35 24 7 1572 20 27 20 62 216 11 9 1400
internal_value=-0.0015852 0.0392342 0.0455843 0.0481529 0.0498002 0.0507101 0.0290934 -0.0342932 -0.0487921 -0.0275057 0.00195652 -0.0477334 0.0549126 0.0552525 0.0486645 0.0562888 0.0548138 0.0566785 0.056592 0.0564885 -0.0512231 0.0565529 0.0571169 0.0566024 0.0568009 0.056526 0.056636 -0.0507358 -0.0506967 -0.0506838
internal_weight=544.69 292.107 272.23 263.749 259.427 257.53 41.9169 8.48115 252.583 20.2677 8.91648 19.8774 215.613 213.296 28.9914 184.305 31.6943 182.113 177.24 26.8855 2.10589 174.755 7.94137 29.4312 5.74696 166.814 24.4941 4.32158 19.3426 19.0803
internal_count=25395 5730 4237 3667 3341 3322 1112 570 19665 1299 401 1493 2210 2192 408 1784 305 1769 1730 261 147 1709 75 286 55 1634 237 326 1489 1480
is_linear=0
shrinkage=0.05


Tree=41
num_leaves=31
num_cat=0
split_feature=9 7 8 0 19 9 7 1 9 7 0 1 9 7 8 2 4 7 14 7 4 7 7 7 8 8 13 7 1 7
split_gain=398.741 60.4917 21.2611 16.265 10.63 8.93501 26.5644 6.50691 4.22781 6.22417 11.0384 2.97686 1.1556 11.3196 1.52351 0.13423 0.264598 0.0776679 0.0772409 0.688504 1.05525 0.285519 0.0610071 0.0178908 0.00230141 0.00222561 0.000704341 0.000459983 0.0006896 0.000406583
threshold=-0.53134802822849891 199.50000000000003 259.0384615384616 3.3190240918789269 1.0000000180025095e-35 -0.28250174681150492 119.50000000000001 9.9394336746564438 -0.71929357792026261 120.50000000000001 0.11812552495011401 11.655418162737622 -0.12453542817161221 94.500000000000014 203.16666666666671 2.524928003624769 5.5471267646873921 176.50000000000003 1.0000000180025095e-35 148.50000000000003 5.0271592211193568 88.500000000000014 128.50000000000003 124.50000000000001 135.64166666666668 294.20000000000005 0.10263157894736843 114.50000000000001 2.6735537653587347 191.50000000000003
decision_type=2 2 2 2 2 2 2 2 2 2 2 2 2 2 2 2 2 2 2 2 2 2 2 2 2 2 2 2 2 2
left_child=8 2 3 4 5 6 -2 25 -1 -10 22 -3 13 -7 18 16 29 -8 19 20 21 -14 -11 24 26 -4 27 -20 -29 -15
right_child=1 11 7 -5 -6 12 17 -9 9 10 -12 -13 14 15 -16 -17 -18 -19 23 -21 -22 -23 -24 -25 -26 -27 -28 28 -30 -31
leaf_value=-0.050616645263710437 -0.050665547176697218 -0.050661418632578059 -0.054257982297734021 -0.050700989194073058 -0.071559530802554408 -0.05062271509711113 0.056174826432252647 0.056801723615282698 -0.050617269912052537 0.067692203892916233 -0.050644021274290144 0.058904656577807649 -0.050685340802402404 0.056215238087683389 0.019956423210422 0.065882770734775803 0.037698075097064694 0.045957545621690278 0.056158229989953859 0.056237131479090208 0.056486387752920912 0.01102979080383747 0.055825635652299643 0.059381974587766201 0.057617299676658566 -0.050639998493185456 0.056895800792441102 0.056194266513579921 0.05726138406596263 0.056950275435284387
leaf_weight=219.98748886119574 8.354457354173066 18.367317087017003 0.45335198659449627 4.096764361485838 1.7929544271901239 2.8073301045224097 18.390256464481357 1.7391634583473203 11.889041447080674 1.9565756767988185 4.4543098695576191 0.6415904313325872 0.39836510736495512 15.725061796605596 2.9804817214608184 2.8659673333168021 2.1399560645222655 2.0692793224006882 154.8388921096921 14.881133317947386 1.0151811987161634 0.35390181373804808 2.4261494576931 4.5817336067557326 2.8763136193156233 6.8128048917278647 3.4671496152877799 4.1097798794507971 2.3969314470887184 2.1370283216238013
leaf_count=18281 688 1487 15 324 25 232 188 17 987 20 359 5 31 160 27 19 20 22 1586 151 10 11 26 38 26 552 34 42 22 20
internal_value=-0.00138187 0.0391538 0.045419 0.0481138 0.0497449 0.0506276 0.0244633 -0.0300723 -0.0485827 -0.0269944 0.00478691 -0.0469633 0.0540926 0.0441306 0.0554255 0.0557627 0.0543127 0.0551414 0.0559851 0.0527329 0.023229 -0.0216516 0.0611232 0.0562994 0.0562152 -0.0508657 0.0561907 0.0561755 0.0565874 0.0563032
internal_weight=521.007 280.293 261.284 252.279 248.182 246.389 28.814 9.00532 240.714 20.7261 8.83704 19.0089 217.575 25.6753 191.9 22.868 20.002 20.4595 188.919 16.6486 1.76745 0.752267 4.38273 172.271 167.689 7.26616 164.813 161.346 6.50671 17.8621
internal_count=25425 5752 4260 3676 3352 3327 898 584 19673 1392 405 1492 2429 451 1978 219 200 210 1951 203 52 42 46 1748 1710 567 1684 1650 64 180
is_linear=0
shrinkage=0.05


Tree=42
num_leaves=31
num_cat=0
split_feature=9 7 8 0 19 9 7 13 9 7 0 1 8 9 4 4 8 9 7 14 7 7 3 4 8 11 8 3 7 7
split_gain=379.285 57.1578 18.9851 15.3511 11.0667 8.51991 31.4212 6.66858 4.64409 6.44391 11.0096 2.27588 0.709119 0.424537 4.84999 0.35683 0.243592 0.0765475 1.02429 1.29239 0.0632562 0.00613947 0.0160278 0.00499369 0.00196438 0.00191136 0.00175513 0.000428238 0.000279931 0.000253161
threshold=-0.53134802822849891 199.50000000000003 259.0384615384616 3.3190240918789269 1.0000000180025095e-35 -0.21171336248670511 94.500000000000014 0.010282844303462862 -0.71929357792026261 119.50000000000001 0.11812552495011401 11.655418162737622 223.16666666666671 -0.12453542817161221 5.0005792898547883 5.5587548463575329 203.16666666666671 -1.0000000180025095e-35 97.500000000000014 1.0000000180025095e-35 127.50000000000001 124.50000000000001 7.4154760425143449 7.1944365692869114 133.16666666666671 0.042572463768115944 294.20000000000005 7.294377068532035 183.50000000000003 116.50000000000001
decision_type=2 2 2 2 2 2 2 2 2 2 2 2 2 2 2 2 2 2 2 2 2 2 2 2 2 2 2 2 2 2
left_child=8 2 3 4 5 6 -2 -4 -1 -10 20 -3 13 14 -7 28 17 18 19 -15 -11 24 25 -16 29 -23 -9 -20 -8 -19
right_child=1 11 7 -5 -6 12 15 26 9 10 -12 -13 -14 16 23 -17 -18 21 27 -21 -22 22 -24 -25 -26 -27 -28 -29 -30 -31
leaf_value=-0.050586206352241904 -0.050588106844333375 -0.050619241934413056 0.056353534665613193 -0.050650292623255058 -0.070333139601834252 -0.050585307094424228 0.055833799517459072 -0.053777006098059535 -0.050586764829992949 0.067325347328677052 -0.050608190565170269 0.058395277439304144 0.029499063390179062 -0.050732489489533641 0.05594118008665603 0.035628339899345864 0.038856853343598258 0.055823751186906759 0.055898235638942799 0.058940928267461647 0.055418911097832514 0.055892606504913359 0.061056740059325293 0.058776975821731296 0.057390726649473603 0.057525728937980941 -0.050610571212381078 0.056649303107681626 0.056370345417683855 0.056162875306189158
leaf_weight=210.22899966966361 9.4203992141410691 17.298508390784267 1.8476492986083011 3.90197077859193 1.9166149469092477 1.1778077278286208 24.511159189045436 0.4703473588451742 11.303653122857215 1.9324278309941272 4.3596970168873668 0.49239051342010398 2.7948194257915011 0.52669138833880424 8.5210054740309698 2.3623043280094853 2.1853278670459977 146.86929870396852 10.366591416299341 0.54820071905851253 2.6388420537114143 8.670164726674555 2.0412243977189055 1.898272082209586 2.0603419765830031 2.2582655921578398 6.2917409669607878 2.3231950029730788 2.6985969468951216 5.7174860760569564
leaf_count=18355 821 1480 19 327 27 103 262 18 986 20 371 4 27 40 90 18 20 1572 110 5 30 92 15 17 19 21 534 23 27 59
internal_value=-0.00130386 0.0390063 0.0451359 0.0477235 0.0493305 0.0502984 0.0289358 -0.0278291 -0.0483842 -0.0255062 0.00623748 -0.0476021 0.0545063 0.0548644 0.0455865 0.0542687 0.0554505 0.0556504 0.0520661 0.00520154 0.0604522 0.0559448 0.0569897 0.0564578 0.0558572 0.0562301 -0.0508308 0.0560357 0.055887 0.0558365
internal_weight=499.634 269.17 251.379 242.77 238.868 236.951 38.9925 8.60974 230.464 20.2346 8.93097 17.7909 197.959 195.164 11.5971 29.5721 183.567 181.381 13.7647 1.07489 4.57127 167.617 12.9697 10.4193 154.647 10.9284 6.76209 12.6898 27.2098 152.587
internal_count=25512 5750 4266 3695 3368 3341 1128 571 19762 1407 421 1484 2213 2186 210 307 1976 1956 178 45 50 1778 128 107 1650 113 552 133 289 1631
is_linear=0
shrinkage=0.05


Tree=43
num_leaves=31
num_cat=0
split_feature=9 7 6 8 9 7 3 1 9 7 0 1 8 0 11 8 7 2 7 8 0 3 3 7 7 3 2 6 8 1
split_gain=355 55.7184 17.5667 14.4882 9.66633 29.0477 6.88137 5.88281 3.88653 5.25759 9.09009 1.09655 0.963594 2.79104 0.517392 6.39628 0.303097 0.0743686 0.00537934 0.00119664 0.00183219 0.00042876 0.000197618 0.000182572 0.000129251 0.000112673 0.000101274 8.12835e-05 6.99896e-05 6.35786e-05
threshold=-0.53134802822849891 199.50000000000003 2.1376109762125082 265.04409317803669 -0.19294029418538369 94.500000000000014 7.2060045817342084 9.9394336746564438 -0.70688395170678076 119.50000000000001 0.11812552495011401 11.655418162737622 194.13802816901412 0.11812552495011401 0.033908045977011504 147.01898734177217 127.50000000000001 2.3502401828962087 124.50000000000001 114.08333333333336 1.2349869032859482 5.2548844000372066 7.3460100017967047 191.50000000000003 115.50000000000001 7.5424785042809779 3.0677824455408698 3.1798109220366286 251.04347826086959 10.501588724961538
decision_type=2 2 2 2 2 2 2 2 2 2 2 2 2 2 2 2 2 2 2 2 2 2 2 2 2 2 2 2 2 2
left_child=8 2 -2 4 5 -4 17 26 -1 -10 -11 25 14 23 15 -6 18 21 19 24 22 28 -21 -14 -16 -3 -5 -17 -7 -27
right_child=1 11 3 7 12 6 -8 -9 9 10 -12 -13 13 -15 16 27 -18 -19 -20 20 -22 -23 -24 -25 -26 29 -28 -29 -30 -31
leaf_value=-0.050557747882880727 -0.0506300150761132 -0.05129430124276646 -0.050559014950779281 -0.050588383025918809 -0.050739084981924233 0.055518509291687904 -0.046228363439693561 0.055743944946275582 -0.050557160927883607 0.055275076839533061 -0.050562239048637804 0.057919072159840039 0.055693838423923392 -0.0054830852486991467 0.055507170843284818 0.055890459787318283 0.035607329606197745 0.04482412135154154 0.05787098276664026 0.055578520318584193 0.057184526228055844 0.056325827143087807 0.056128352860821108 0.056276479482450438 0.055799769401565204 -0.050562907670964677 -0.051653166309437296 0.05554128453978089 0.055779644314773572 -0.051405399537651865
leaf_weight=200.64021257124841 4.7497366480529299 0.56285281665623799 9.3692247951403242 5.0325945913791648 1.548685766756537 24.077909506857406 1.7765641510486592 1.7253798097372053 10.070644718594851 4.1485655009746534 3.9703828245401382 0.23606477677822013 4.216310039162634 2.6448221132159233 136.98826155811548 1.8839267268776918 1.9203074574470509 1.6961242780089367 2.551459088921546 7.2016677781939489 2.6906474009156218 1.8877144753932942 2.1138836219906807 1.9740274250507353 3.8811649531126013 15.993335484527051 0.23368369136005629 14.454092398285864 2.8719823360443106 0.2271136939525612
leaf_count=18395 418 32 858 447 124 269 25 19 924 49 362 2 46 18 1533 20 15 11 24 80 26 19 22 20 42 1457 16 161 31 9
internal_value=-0.0018536 0.0382977 0.0445604 0.0465031 0.0486985 0.0269556 0.049433 -0.0243836 -0.0485514 -0.0264207 0.0035178 -0.0490937 0.0536218 0.0375106 0.0544341 0.046376 0.0553501 0.0549989 0.0555941 0.0555561 0.0560352 0.0555974 0.0557033 0.0558796 0.0555152 -0.0505988 -0.0506356 0.0555815 0.0555463 -0.0505747
internal_weight=473.339 254.51 237.49 232.74 225.749 41.6795 32.3103 6.99166 218.83 18.1896 8.11895 17.0194 184.069 8.83516 175.234 17.8867 157.347 30.5337 155.427 152.876 12.0062 28.8376 9.31555 6.19034 140.869 16.7833 5.26628 16.338 26.9499 16.2204
internal_count=25474 5744 4244 3826 3344 1213 355 482 19730 1335 411 1500 2131 84 2047 305 1742 330 1727 1703 128 319 102 66 1575 1498 463 181 300 1466
is_linear=0
shrinkage=0.05


Tree=44
num_leaves=31
num_cat=0
split_feature=9 13 3 18 5 9 3 9 8 0 9 3 9 3 6 2 9 0 9 9 4 3 11 8 0 0 0 8 3 3
split_gain=340.694 43.8334 44.0875 21.5985 9.85612 4.18952 17.3537 3.87384 4.45529 10.8336 2.60177 1.74679 0.576076 7.56984 0.346068 0.309748 0.0738665 0.0563565 0.0504092 0.0227122 0.0650292 0.014615 0.0129443 0.00772445 0.00561743 0.00195918 0.00116465 0.00174561 0.000701948 0.000697435
threshold=-0.53134802822849891 1.0000000180025095e-35 7.5735311307123743 1.0000000180025095e-35 8.0695940463597982 -0.3014177459159994 4.6478001079635041 -0.71929357792026261 206.05555555555557 0.11812552495011401 4.1796846060151642 4.6478001079635041 -0.089033504231811098 4.6478001079635041 2.8456684802487424 2.249904835165133 0.5397819860804921 0.046284659044738656 -0.16900152081477324 -1.0000000180025095e-35 5.1269313471631675 7.4874537278250921 0.037749287749287756 188.03448275862073 0.18981894877374797 1.199365564352278 0.37202812412846625 254.08333333333334 7.65040662614095 7.4154760425143449
decision_type=2 2 2 2 2 2 2 2 2 2 2 2 2 2 2 2 2 2 2 2 2 2 2 2 2 2 2 2 2 2
left_child=7 4 3 14 11 6 -6 -1 -9 17 24 -2 13 -7 22 16 -16 -10 -5 20 -14 25 -3 -21 -4 29 27 -26 -28 -20
right_child=1 2 10 18 5 12 -8 8 9 -11 -12 -13 19 -15 15 -17 -18 -19 21 23 -22 -23 -24 -25 26 -27 28 -29 -30 -31
leaf_value=-0.050529816377927611 -0.050536445028373581 -0.061684329644260807 -0.057369030891308098 0.063461213883410195 -0.050529672838979994 -0.050532477604868911 0.055253000038315271 -0.05053043893185645 0.067023576711050845 -0.050548367510768223 0.057473437582121513 0.055553696728589869 0.042996564196065651 0.055387535057484331 -0.05071210923211731 -0.10249476295656289 -0.078425613514103196 0.055052712576716206 0.05533234077347278 0.055217629307866702 0.055398313061078341 0.060263119604421281 -0.051215723875000778 0.057559396270472622 -0.054501923032564271 0.056994239581743489 -0.05257963343903635 -0.05052820756838125 -0.050757421935788062 0.056303276461162559
leaf_weight=190.29450546298176 2.8376433551311488 0.35211108718067707 0.33728984650225058 2.4533234387636247 5.0514164930209544 1.8425605129450584 16.676815196871758 9.3168639959767479 1.8299424722790703 4.92117272131145 0.56562177836894889 0.44945465773344029 1.4679863788187493 19.957762226462364 0.57031298428773858 0.94141580164432526 0.41569026000797749 2.1247569099068642 18.021896287798889 135.15925102680922 3.7756943479180336 1.80714851617813 1.8296179752796886 3.6156416311860076 0.53744127135724074 2.2296364754438391 0.54081573802978056 0.56894063483923674 23.213019605726004 2.0610560402274123
leaf_count=18342 272 5 17 18 487 177 194 897 21 463 5 5 29 228 45 4 3 26 208 1580 43 14 128 34 29 23 29 55 2129 21
internal_value=-0.00134259 0.0383516 -0.000355704 0.0401364 0.0498005 0.0513048 0.0306605 -0.0484225 -0.0263797 -0.00102912 -0.0485791 -0.0360304 0.05401 0.0464352 -0.0665436 -0.0819815 -0.0623959 0.0605919 0.0566329 0.0551566 0.0519264 0.0559384 -0.0529053 0.0552786 -0.0509597 0.0555881 -0.0508728 -0.0524585 -0.0507989 0.055432
internal_weight=455.767 247.28 56.4453 30.6822 190.834 187.547 21.7282 208.487 18.1927 8.87587 25.7631 3.2871 165.819 21.8003 4.10915 1.92742 0.986003 3.9547 26.5731 144.019 5.24368 24.1197 2.18173 138.775 25.1975 22.3126 24.8602 1.10638 23.7538 20.083
internal_count=25531 5782 2733 469 3049 2772 681 19749 1407 510 2264 277 2091 405 185 52 48 47 284 1686 72 266 133 1614 2259 252 2242 84 2158 229
is_linear=0
shrinkage=0.05


Tree=45
num_leaves=31
num_cat=0
split_feature=9 7 8 0 19 9 7 1 9 7 0 1 4 8 0 9 7 9 3 3 5 1 7 3 8 11 0 8 7 7
split_gain=321.917 48.5333 15.5277 13.0506 9.60158 7.46963 24.923 6.52514 3.12884 4.63866 8.85665 2.42291 0.906097 0.636727 2.55982 0.789653 5.17458 0.0727352 0.875776 1.11153 0.0576938 0.0149569 0.00412674 0.0110401 0.00132711 0.00127995 0.000518734 0.000474943 0.000200519 0.000165056
threshold=-0.53134802822849891 199.50000000000003 259.0384615384616 3.3190240918789269 1.0000000180025095e-35 -0.2304377450747763 95.500000000000014 9.9394336746564438 -0.71929357792026261 119.50000000000001 0.11812552495011401 11.655418162737622 5.5587548463575329 194.13802816901412 0.11812552495011401 -0.12453542817161221 94.500000000000014 -1.0000000180025095e-35 4.9732735209982879 4.886575525404063 8.9796387473789832 2.524928003624769 123.50000000000001 7.4154760425143449 291.20023041474661 0.042572463768115944 1.1073367741436793 128.09459459459461 192.50000000000003 183.50000000000003
decision_type=2 2 2 2 2 2 2 2 2 2 2 2 2 2 2 2 2 2 2 2 2 2 2 2 2 2 2 2 2 2
left_child=8 2 3 4 5 6 -2 24 -1 -10 20 -3 29 15 28 16 -7 18 19 -17 -11 -18 27 25 -4 -24 -20 -19 -15 -8
right_child=1 11 7 -5 -6 13 12 -9 9 10 -12 -13 -14 14 -16 17 21 22 26 -21 -22 -23 23 -25 -26 -27 -28 -29 -30 -31
leaf_value=-0.050503709983242079 -0.050505134326619398 -0.050539468757372301 -0.053477568684538249 -0.050574649928607142 -0.069352437593395155 -0.050504712322416559 0.054939219368605866 0.055575651466826498 -0.050504293241961734 0.054810493447874579 -0.050522442088186903 0.057056023404179368 0.018798314434747838 0.055063133932567565 -0.0052059322637018034 -0.050659731550462939 0.055019538912896016 0.054937342558138952 0.055045004466622721 0.055428543635316144 0.067850802702098076 0.060336062980839447 0.054981841379980481 0.059614270892933946 -0.050520849130049207 0.056292715536121689 0.056008229799415027 0.055774872493609677 0.055629991006284053 0.05541321691281318
leaf_weight=180.73985435348004 7.8418165007606175 15.204342948272821 0.40736928023397823 3.4001772981137028 1.7233844464644779 1.3540668757632355 20.125004924833782 1.9054586440324781 9.6872812081128377 1.8013884350657456 3.7387037165462971 0.54187245666980821 1.8767429627478112 5.0033179223537427 2.3074296535924077 0.46228940971195598 5.1223322674632072 132.21559496223927 8.5504260361194593 0.52993912994861603 1.6029394492506979 1.7834990024566648 7.8224096372723562 1.7274736389517773 5.5499155186116695 2.4439143463969231 1.6708900034427632 1.7146564200520504 2.266948439180851 2.0210655927658072
leaf_count=18305 793 1501 17 327 25 137 246 22 980 23 369 5 18 60 17 39 62 1617 103 6 19 16 95 14 549 26 19 19 25 23
internal_value=-0.00151535 0.0379599 0.044034 0.0465934 0.0481775 0.0491567 0.0268911 -0.0249626 -0.0485836 -0.0279639 0.00260495 -0.0468368 0.0521556 0.0532115 0.0406775 0.0539373 0.0388686 0.0547294 0.0508489 0.00600093 0.0609506 0.0563926 0.0550276 0.0559162 -0.050723 0.0552939 0.0552025 0.0549481 0.0552399 0.0549825
internal_weight=433.143 235.572 219.826 211.963 208.563 206.84 31.8646 7.86274 197.57 16.8303 7.14303 15.7462 24.0228 174.975 9.5777 165.397 8.2599 157.138 11.2135 0.992229 3.40433 6.90583 145.924 11.9938 5.95728 10.2663 10.2213 133.93 7.27027 22.1461
internal_count=25477 5781 4275 3687 3360 3335 1080 588 19696 1391 411 1506 287 2255 102 2153 215 1938 167 45 42 78 1771 135 566 121 122 1636 85 269
is_linear=0
shrinkage=0.05


Tree=46
num_leaves=31
num_cat=0
split_feature=9 7 6 9 7 3 9 7 0 13 18 1 5 1 11 9 7 3 7 0 1 3 7 3 0 9 2 0 11 2
split_gain=306.849 46.2898 15.2091 10.1833 23.959 10.7027 3.50696 4.84402 8.95769 2.48074 17.5204 2.30127 1.4266 0.441408 0.334713 0.136994 1.73298 1.29792 0.0522053 0.0337858 0.0238334 0.0150069 0.00945314 0.00838015 0.00224215 0.00252176 0.00127993 0.00116275 0.00507163 0.00107457
threshold=-0.53134802822849891 199.50000000000003 2.1376109762125082 -0.19294029418538369 94.500000000000014 7.3346551887924436 -0.71929357792026261 119.50000000000001 0.11812552495011401 8.889385476361246e-05 1.0000000180025095e-35 11.655418162737622 8.0267188402728085 2.4414009612931857 0.036375661375661381 -1.0000000180025095e-35 135.50000000000003 4.6478001079635041 128.50000000000003 1.2123139845310107 2.524928003624769 5.2548844000372066 192.50000000000003 7.4662273925763296 0.60818791235951253 0.5397819860804921 2.4414009612931857 0.08715175671995333 0.997102658158731 3.2384861814448418
decision_type=2 2 2 2 2 2 2 2 2 2 2 2 2 2 2 2 2 2 2 2 2 2 2 2 2 2 2 2 2 2
left_child=6 2 -2 4 -4 14 -1 -8 18 12 13 -3 -5 -11 21 16 17 -14 -9 23 -7 -6 24 -12 25 26 -15 -17 -29 -22
right_child=1 11 3 9 5 20 7 8 -10 10 19 -13 15 22 -16 27 -18 -19 -20 -21 29 -23 -24 -25 -26 -27 -28 28 -30 -31
leaf_value=-0.050478882026587582 -0.050541930170330235 -0.050502753703696369 -0.050481596463490278 -0.050551178233032158 0.05470712559762108 -0.06524301875831745 -0.050479414464810995 0.066395296259407918 -0.05049835362471583 -0.1019863500934291 0.054788251866212889 0.056664703447402313 -0.050531838503232909 -0.050493779132174232 0.033274713053367481 0.05466984456167201 0.054841783522037196 0.054953586648631508 0.0543545144140141 0.047988519782580279 -0.050688859437360505 0.059429136024993001 -0.059316621252278837 0.05807553900202736 -0.050769977043916614 -0.056729026342131672 -0.055060369882333121 0.054696612357143529 0.056892979780321679 -0.052976364992822489
leaf_weight=171.39216106664389 4.1540733054280272 14.45894061401486 8.6381973074749094 0.32572848722338577 23.178018979728233 0.37204992119222824 9.2373021328821796 1.7018539756536477 3.7215768108144403 0.52958325203508438 18.153353594243534 0.51891438663005907 0.71824857126921304 0.51835318095982141 1.8988539157435287 110.46364425867796 13.165431074798105 0.4909258633852005 1.9111206382513044 1.7979536224156607 1.3595310980454089 1.8142868801951397 0.49895145744085301 2.1705329194664946 1.7948844674974678 0.4124281033873558 0.21796214953064919 13.872549563646318 3.2426769137382498 0.82489286083728064
leaf_count=18240 424 1505 916 32 295 6 982 21 385 7 229 5 72 54 29 1414 164 6 26 26 133 18 9 20 174 17 11 177 33 25
internal_value=-0.00117179 0.0381418 0.0441817 0.0460876 0.0227395 0.0442182 -0.0483552 -0.0263914 0.00394566 0.0513689 0.0371972 -0.0467899 0.053968 -0.05949 0.0535123 0.0542079 0.0495805 -0.00770466 0.0600262 0.0545581 -0.0535451 0.0550499 -0.0529526 0.0551393 -0.0518739 -0.0535989 -0.0518456 0.0547293 0.0551127 -0.0515527
internal_weight=413.555 225.591 210.613 206.459 38.0858 29.4476 187.964 16.5719 7.33455 168.373 26.094 14.9779 142.279 3.97216 26.8912 141.953 14.3746 1.20917 3.61297 22.1218 2.55647 24.9923 3.44258 20.3239 2.94363 1.14874 0.736315 127.579 17.1152 2.18442
internal_count=25455 5801 4291 3867 1422 506 19654 1414 432 2445 547 1510 1898 272 342 1866 242 78 47 275 164 313 265 249 256 82 65 1624 210 158
is_linear=0
shrinkage=0.05


Tree=47
num_leaves=31
num_cat=0
split_feature=9 7 8 0 19 9 7 1 9 7 0 1 3 8 14 3 8 7 9 7 8 8 0 4 0 4 3 6 7 3
split_gain=290.623 43.5243 14.7962 11.3456 8.82581 6.57998 22.3382 5.17116 3.30982 4.54308 8.3138 2.18647 0.722364 0.609094 0.418905 6.70906 0.244095 0.0525421 0.0259828 0.00755505 0.000795675 0.000439177 0.000492338 0.000240849 8.21561e-05 6.6423e-05 6.43871e-05 5.25372e-05 5.18419e-05 3.74211e-05
threshold=-0.53134802822849891 199.50000000000003 259.0384615384616 3.3190240918789269 1.0000000180025095e-35 -0.2304377450747763 95.500000000000014 9.9394336746564438 -0.71929357792026261 119.50000000000001 0.11812552495011401 11.655418162737622 5.2548844000372066 236.12500000000003 1.0000000180025095e-35 4.6478001079635041 188.03448275862073 128.50000000000003 -0.15093364397138662 124.50000000000001 297.10714285714295 114.08333333333336 1.2349869032859482 7.3808759299945494 0.08715175671995333 5.5353618778730294 7.5424785042809779 2.1376109762125082 115.50000000000001 5.2548844000372066
decision_type=2 2 2 2 2 2 2 2 2 2 2 2 2 2 2 2 2 2 2 2 2 2 2 2 2 2 2 2 2 2
left_child=8 2 3 4 5 6 -2 20 -1 -10 17 26 25 14 15 -7 18 -11 -16 21 -4 28 23 -23 29 -8 -3 -5 -20 -17
right_child=1 11 7 27 -6 13 12 -9 9 10 -12 -13 -14 -15 16 24 -18 -19 19 -21 -22 22 -24 -25 -26 -27 -28 -29 -30 -31
leaf_value=-0.050455296437671195 -0.050456356381150508 -0.051083044710989393 -0.053028723369478503 -0.050458420517503079 -0.06753520344904039 -0.05048807425012343 0.054427366511512948 0.054846929802354741 -0.050455778471507978 0.066644657898694351 -0.050474548420852541 0.056297550503866693 0.022396773441758461 0.023294459483679114 0.060671164856964659 0.054451838514284978 0.033348329646034916 0.054141371501253602 0.054418398138775227 0.056839751968589175 -0.050474214706327125 0.054411668769258348 0.055521861785097118 0.055086882631071955 0.0548561067382803 0.054727980656559899 -0.050469605516584387 -0.051178755305512857 0.054628812360409722 0.054626381218512592
leaf_weight=163.72181373182684 7.0365606974810389 0.44203474186360558 0.32420879229903121 2.6895798463374372 1.6394835487008084 1.6369218435138488 18.380587913095958 1.4788996428251264 8.5663541210815293 1.5517636425793164 3.4438282279297709 0.49674417823553163 1.9222926832735527 1.7090356815606345 1.733770728111266 16.132897250354297 1.366299440152942 1.8324395865201948 116.58470411598682 3.3901255577802649 5.1004709787666798 4.8351126313209516 1.8316092416644094 1.8170016258955 1.6125923991203297 2.0416629984974852 13.241918626241384 0.27942439261823881 3.0027168840169898 3.79274147003889
leaf_count=18309 786 30 17 300 26 176 246 19 957 20 374 5 21 18 16 215 13 26 1563 36 555 65 22 22 20 26 1459 14 39 49
internal_value=-0.00135429 0.0379031 0.0438951 0.0464621 0.047974 0.0489769 0.0272337 -0.0280321 -0.0483711 -0.0262057 0.00421818 -0.0467487 0.0516993 0.0529835 0.0533052 0.0470964 0.0543745 0.0598745 0.0545902 0.05451 -0.0506269 0.0544483 0.054796 0.0545961 0.0545128 0.0544574 -0.0504894 -0.0505262 0.0544237 0.0544851
internal_weight=393.636 214.519 200.339 193.435 190.466 188.827 29.3811 6.90358 179.116 15.3944 6.82803 14.1807 22.3445 159.446 157.736 23.1752 134.561 3.3842 133.195 131.461 5.42468 128.071 8.48372 6.65211 21.5382 20.4223 13.684 2.969 119.587 19.9256
internal_count=25444 5758 4264 3673 3359 3333 1079 591 19686 1377 420 1494 293 2254 2236 460 1776 46 1763 1747 572 1711 109 87 284 272 1489 314 1602 264
is_linear=0
shrinkage=0.05


Tree=48
num_leaves=31
num_cat=0
split_feature=9 7 8 0 19 9 7 13 9 7 0 1 8 0 2 9 3 9 7 14 7 0 7 1 8 3 7 8 3 7
split_gain=270.075 41.5874 12.759 10.8974 7.61914 6.58573 22.2111 5.36594 3.31396 4.60935 7.90501 1.26432 0.865885 2.77446 0.863934 0.474846 3.21009 0.0642384 0.697433 1.02026 0.0550216 0.00235852 0.0021493 0.00675711 0.000879848 0.000263081 0.000181114 0.000174664 0.00011811 0.000103038
threshold=-0.53134802822849891 199.50000000000003 259.0384615384616 3.3190240918789269 1.0000000180025095e-35 -0.21171336248670511 95.500000000000014 0.010282844303462862 -0.71929357792026261 119.50000000000001 0.11812552495011401 11.655418162737622 194.13802816901412 0.11812552495011401 1.7005986908310777 -0.12453542817161221 4.6478001079635041 -1.0000000180025095e-35 97.500000000000014 1.0000000180025095e-35 126.50000000000001 0.78449347986537321 124.50000000000001 2.602003343538398 294.20000000000005 7.1546150517377898 183.50000000000003 128.09459459459461 7.294377068532035 192.50000000000003
decision_type=2 2 2 2 2 2 2 2 2 2 2 2 2 2 2 2 2 2 2 2 2 2 2 2 2 2 2 2 2 2
left_child=8 2 3 4 5 6 -2 -4 -1 -10 20 -3 15 29 26 16 -7 18 19 -17 -11 -18 27 25 -9 -24 -8 -19 -20 -14
right_child=1 11 7 -5 -6 12 14 24 9 10 -12 -13 13 -15 -16 17 21 22 28 -21 -22 -23 23 -25 -26 -27 -28 -29 -30 -31
leaf_value=-0.050432929114073093 -0.050434080253210722 -0.050465357729057997 0.054754938586720758 -0.050497038381540273 -0.06761516398198987 -0.050432189707798752 0.054201515827343394 -0.053053876492092214 -0.05043339574375412 0.066896649652541412 -0.05044990232934711 0.055952808807371315 0.054312745572178411 -0.011661974340418227 0.013506245460850386 -0.050543897315881596 0.054252216308149852 0.054192709927160104 0.054239612218905088 0.056194104476261053 0.053913766723950207 0.056621505299161538 0.054239230816893282 0.057946361637092964 -0.050451889555773621 0.054984864093959064 0.054699538046508948 0.054742315643734711 0.054697363157146843 0.054771774391128882
leaf_weight=155.93118427693844 7.0988773154094842 13.031322541646656 1.5934850275516499 2.8951033353805533 1.4310337174683798 0.84949394408613343 18.012917920947082 0.34934785868972529 8.3232159633189422 1.4109522551298135 3.2087557474151254 0.28521314263343889 4.0879737809300405 2.1801568623632193 1.391231371089815 0.40655102208256721 3.2434993162751198 114.29492236673833 7.0494997315108758 0.49825915694235234 1.9356105439364908 1.5534380599856374 6.3357517868280393 1.5994609519839285 4.6407801699824631 1.4545754045248029 2.0314375832676879 1.4640916809439648 1.7612532526254652 1.7441059947013853
leaf_count=18323 833 1490 21 323 25 100 252 16 977 19 367 3 56 19 12 41 45 1602 98 6 29 18 88 15 530 18 26 19 23 22
internal_value=-0.0020399 0.0372009 0.0432501 0.045732 0.0472928 0.0482215 0.0262213 -0.0251259 -0.0482816 -0.0257354 0.00562331 -0.0481861 0.0524482 0.0364607 0.0516075 0.0533599 0.0391545 0.0539546 0.0500381 0.00823438 0.0593875 0.0550195 0.0542587 0.0549862 -0.050634 0.0543785 0.054252 0.0541997 0.0543311 0.05445
internal_weight=372.094 201.284 187.967 181.384 178.489 177.057 28.5345 6.58361 170.81 14.8785 6.55532 13.3165 148.523 8.01224 21.4356 140.511 5.64643 134.864 9.71556 0.90481 3.34656 4.79694 125.149 9.38979 4.99013 7.79033 20.0444 115.759 8.81075 5.83208
internal_count=25416 5701 4208 3641 3318 3293 1123 567 19715 1392 415 1493 2170 97 290 2073 163 1910 168 47 48 63 1742 121 546 106 278 1621 121 78
is_linear=0
shrinkage=0.05


Tree=49
num_leaves=31
num_cat=0
split_feature=9 7 6 8 9 7 3 1 9 7 0 1 8 0 11 8 7 18 5 5 7 8 8 0 7 4 3 4 7 3
split_gain=262.326 39.3563 12.7556 10.4247 7.21894 20.5416 5.52814 4.89875 2.61648 3.78384 7.28615 1.59049 0.80192 2.17084 0.343206 4.56968 0.411111 0.0764933 0.181731 0.0466929 0.00249807 0.000775105 0.000545807 0.00076374 0.000234678 0.00022099 8.77381e-05 5.85715e-05 4.95584e-05 4.70266e-05
threshold=-0.53134802822849891 199.50000000000003 2.1376109762125082 259.0384615384616 -0.19294029418538369 94.500000000000014 7.3221800738928762 9.9394336746564438 -0.71929357792026261 119.50000000000001 0.11812552495011401 11.655418162737622 194.13802816901412 0.11812552495011401 0.033908045977011504 147.01898734177217 128.50000000000003 1.0000000180025095e-35 8.2387700627096638 8.9796387473789832 124.50000000000001 297.10714285714295 114.08333333333336 1.2349869032859482 183.50000000000003 7.3808759299945494 5.2548844000372066 7.1944365692869114 115.50000000000001 7.2320092860153666
decision_type=2 2 2 2 2 2 2 2 2 2 2 2 2 2 2 2 2 2 2 2 2 2 2 2 2 2 2 2 2 2
left_child=8 2 27 4 5 -4 17 21 -1 -10 19 29 14 26 15 -6 20 18 -7 -11 22 -5 28 25 -20 -24 -14 -2 -16 -3
right_child=1 11 3 7 12 6 -8 -9 9 10 -12 -13 13 -15 16 -17 -18 -19 24 -21 -22 -23 23 -25 -26 -27 -28 -29 -30 -31
leaf_value=-0.050411613345237839 -0.051123586537406146 -0.051218266721912799 -0.050412706360828785 -0.052981558387143593 -0.050531301316741044 0.035831518130019779 -0.043728886192923117 0.054504097219344239 -0.050412008179279245 0.05381311753301174 -0.050429306302145385 0.055628881345179376 0.054079335462994815 -0.0080292822212418048 0.0539633480041561 0.05401884760486745 0.026182138901328558 0.06475408245582906 0.053973720755867066 0.066601101340670085 0.055574659028842413 -0.050427405796207615 0.053956239739129941 0.055193240750362055 0.054487461855804942 0.05458415120462147 0.054535719612084456 -0.050415481494450347 0.054168435240425784 -0.0504273134639905
leaf_weight=147.99317292869091 0.32105082180350963 0.19085998740046939 6.9254955351352718 0.32261091284453769 1.1386349098756898 1.4725322723388767 1.5619134986773122 1.5225692912936208 7.9517147960141283 1.5453231483697893 3.1458187298849225 0.36379057168960649 2.8553716987371436 2.0259879305958748 106.96095576882362 12.729106284677981 1.3395234793424595 1.4222381487488736 17.182626269757751 1.3266035690903661 2.5738137438893309 3.7466535335406661 5.3568789884448034 2.1511314585804939 2.5532352253794661 1.8976273462176321 1.6684307828545568 3.2309524002484977 3.029063753783702 12.215940301772205
leaf_count=18275 22 13 854 15 123 20 25 21 981 24 377 4 41 14 1572 185 12 9 252 19 31 451 79 27 34 25 22 397 43 1483
internal_value=-0.00133192 0.0374609 0.0433524 0.0451995 0.0473488 0.0255143 0.0472496 -0.0220035 -0.0484591 -0.0277743 0.00213875 -0.047418 0.0520761 0.0349841 0.0528922 0.0454346 0.0537309 0.0535287 0.0527759 0.0597202 0.0540335 -0.0506299 0.0540003 0.0543658 0.0540402 0.0541205 0.0542477 -0.0504795 0.053969 -0.0504395
internal_weight=358.722 196.759 183.988 180.436 174.845 31.118 24.1925 5.59183 161.963 13.9695 6.01775 12.7706 143.727 6.54979 137.177 13.8677 123.309 22.6306 21.2084 2.87193 121.969 4.06926 119.396 9.40564 19.7359 7.25451 4.5238 3.552 109.99 12.4068
internal_count=25450 5774 4274 3855 3368 1194 340 487 19676 1401 420 1500 2174 77 2097 308 1789 315 306 43 1777 466 1746 131 286 104 63 419 1615 1496
is_linear=0
shrinkage=0.05


Tree=50
num_leaves=31
num_cat=0
split_feature=9 13 3 18 5 9 3 9 8 0 1 3 9 3 9 9 4 11 9 0 8 3 0 0 0 2 8 8 9 9
split_gain=248.892 30.8058 32.7322 14.495 6.69346 3.09671 14.1743 2.77927 3.24717 7.76931 1.91393 1.28719 0.335102 4.41882 0.173666 0.0583069 0.0489242 0.0433742 0.0197167 0.0546034 0.0071081 0.00632073 0.00475447 0.000743042 0.000505576 0.000487944 0.000419004 0.00174756 0.00111839 0.00186566
threshold=-0.53134802822849891 1.0000000180025095e-35 7.5735311307123743 1.0000000180025095e-35 8.0695940463597982 -0.26634925049910491 4.6478001079635041 -0.71929357792026261 206.05555555555557 0.11812552495011401 11.655418162737622 4.6478001079635041 -0.089033504231811098 4.6478001079635041 0.38459858393803353 -0.19294029418538369 5.5114085413964808 0.037749287749287756 -1.0000000180025095e-35 0.043271091450089227 188.03448275862073 7.4874537278250921 0.18981894877374797 0.27328611250455342 1.199365564352278 2.6735537653587347 270.04000000000002 155.03734939759039 0.095300673146820905 0.048349875593902254
decision_type=2 2 2 2 2 2 2 2 2 2 2 2 2 2 2 2 2 2 2 2 2 2 2 2 2 2 2 2 2 2
left_child=7 4 3 14 11 6 -6 -1 -9 16 22 -2 13 -7 17 -5 -10 -3 19 -14 -20 24 -4 -24 -17 -19 27 -25 29 -29
right_child=1 2 10 15 5 12 -8 8 9 -11 -12 -13 18 -15 -16 21 -18 25 20 -21 -22 -23 23 26 -26 -27 -28 28 -30 -31
leaf_value=-0.050391390135373561 -0.05039745920992908 -0.067213663417599753 -0.057125114627038176 0.063693509328335216 -0.050391290237598897 -0.050393738310758919 0.053825433443173858 -0.050391876791105954 0.053568802180218415 -0.050404230887815864 0.055324304251586465 0.054042211455492921 0.040060861704908544 0.05387644702849962 -0.082198074432267301 0.053898179203292033 0.066641439862888396 -0.05064596610380543 0.053760347625968319 0.053598305129333473 0.056273485297467223 0.057454060051134438 -0.05302388214241336 -0.050440388535185357 0.054824864604242733 -0.053032594398987935 -0.050392576821310014 -0.051914022153910083 -0.05042565596415282 -0.05612175511379365
leaf_weight=140.73333763238043 2.0116678480990227 0.54239283315837727 0.29064872115851059 1.7944730594754279 4.1682564420625594 1.1064065159298468 15.016554228961466 6.9827176355756801 1.6931518092751505 3.6186636793427169 0.43488144874572654 0.34572184830903996 0.98914337158203025 12.445351198315619 0.78406104492023576 15.441579625010492 1.2397721372544763 1.4665731238201258 102.56644912809134 3.0163913397118449 2.8929522633552542 1.4238275662064541 0.33202524203807371 6.5900500635616499 1.626916754990815 0.25078220665454853 8.9082240345887822 1.4755354351364078 0.80826841806992877 0.32069129496812809
leaf_count=18262 259 8 18 12 541 143 228 905 28 459 5 5 26 187 17 232 18 150 1577 46 33 14 29 817 22 8 1154 110 102 9
internal_value=-0.00129509 0.0374802 5.3446e-05 0.0398228 0.0484812 0.0498665 0.0311824 -0.0483102 -0.0266691 -0.00138526 -0.0483717 -0.0350809 0.0527803 0.0453635 -0.0619225 0.0550885 0.0590947 -0.0548875 0.0536985 0.0502553 0.0538293 0.0542535 -0.05078 -0.05068 0.0539865 -0.0509945 -0.050637 -0.0508737 -0.0519702 -0.0526653
internal_weight=341.317 187.05 42.4909 23.3306 144.559 142.202 19.1848 154.268 13.5343 6.55159 19.1603 2.35739 123.017 13.5518 3.04381 20.2868 2.93292 2.25975 109.465 4.00553 105.459 18.4923 18.7254 18.4348 17.0685 1.71736 18.1028 9.19455 2.6045 1.79623
internal_count=25424 5752 2707 463 3045 2781 769 19672 1410 505 2244 264 2012 330 183 280 46 166 1682 72 1610 268 2239 2221 254 158 2192 1038 221 119
is_linear=0
shrinkage=0.05


Tree=51
num_leaves=31
num_cat=0
split_feature=9 7 6 8 9 7 3 3 9 7 0 9 11 7 3 0 9 7 4 8 0 3 0 8 8 3 2 2 3 6
split_gain=234 34.6572 11.6071 9.52398 6.0078 16.3095 4.94137 3.88235 2.49239 3.49049 6.57824 1.43574 0.802271 5.84083 2.71236 0.64711 0.28112 0.0380343 0.0144409 0.00938084 0.00370182 0.00265608 0.000260699 0.000134641 0.000109815 3.52046e-05 3.04023e-05 2.92317e-05 2.2361e-05 2.14411e-05
threshold=-0.53134802822849891 199.50000000000003 2.1376109762125082 265.04409317803669 -0.2304377450747763 95.500000000000014 7.14005668953304 13.809467489881166 -0.71929357792026261 120.50000000000001 0.11812552495011401 4.1796846060151642 0.26666666666666672 94.500000000000014 7.4662273925763296 0.92260349794106367 0.32400281177755735 129.50000000000003 7.3808759299945494 194.13802816901412 0.59819452799140471 5.2548844000372066 1.1871030079692064 223.16666666666671 101.7823969465649 7.0400983700390167 3.0201273556387074 2.524928003624769 7.5424785042809779 3.1496219042332614
decision_type=2 2 2 2 2 2 2 2 2 2 2 2 2 2 2 2 2 2 2 2 2 2 2 2 2 2 2 2 2 2
left_child=8 2 25 4 5 -4 21 26 -1 -10 17 28 13 20 16 -16 18 -11 22 24 -6 -7 23 27 -14 -2 -5 29 -3 -15
right_child=1 11 3 7 12 6 -8 -9 9 10 -12 -13 19 14 15 -17 -18 -19 -20 -21 -22 -23 -24 -25 -26 -27 -28 -29 -30 -31
leaf_value=-0.05037215549192714 -0.051026485503102431 -0.05080176573676614 -0.05037325670623858 -0.050395105802415054 -0.050408583676779972 0.053586896035337762 -0.043821986236318507 0.053683990330374604 -0.050372543275469618 0.065208452718233736 -0.050386857507901686 0.055037740651927437 0.053559426410316746 0.053706600864026947 -0.018988750639592055 0.026204489570911274 0.03050768706840248 0.05327054663751829 0.058051137389310586 0.058050350999605926 -0.058169440231100433 0.055966710294004123 0.054369852787465513 0.054110448846029495 0.05402671653531025 -0.050391287822796574 -0.051104479834433683 0.053502273763565089 -0.050383014842156341 0.053606756543945325
leaf_weight=133.9927394958213 0.23505695722997133 0.32857475476339182 5.6483222106471684 3.4509321195073421 1.3371139303781081 16.166862618178136 1.4016566704958666 1.1909786872565744 7.0397704220376891 1.2927245534956457 2.8256843206472695 0.3326170742511757 91.013331633061171 8.1675347611308222 1.5078810807317489 1.6685835700482128 1.3316381648182858 1.3788694031536577 2.0044323429465285 1.181088164448737 0.1736002368852495 1.264131411910056 1.2863445580005635 1.4643362201750267 1.274883247911929 3.0296666254289448 0.15795456012710918 4.5245455354452124 10.717005057726054 15.737886343151329
leaf_count=18272 19 30 769 455 173 259 23 19 959 20 375 4 1467 128 13 27 16 24 23 10 4 15 19 21 19 405 16 74 1442 251
internal_value=-0.00166642 0.0370917 0.0429044 0.044786 0.0469051 0.0241467 0.0464968 -0.0245936 -0.0483775 -0.0270589 0.00279635 -0.0473134 0.0511045 0.0451009 0.0489646 0.00475107 0.0530334 0.059047 0.0539373 0.0536225 -0.0513004 0.0537595 0.0536729 0.0536429 0.0535659 -0.050437 -0.0504262 0.0536188 -0.0503955 0.0536409
internal_weight=323.127 176.597 165.219 161.954 157.154 24.481 18.8327 4.79987 146.53 12.537 5.49728 11.3782 132.673 39.2039 37.6932 3.17646 34.5167 2.67159 33.1851 93.4693 1.51071 17.431 31.1806 29.8943 92.2882 3.26472 3.60889 28.43 11.0456 23.9054
internal_count=25351 5701 4225 3801 3311 1066 297 490 19650 1378 419 1476 2245 749 572 40 532 44 516 1496 177 274 493 474 1486 424 471 453 1472 379
is_linear=0
shrinkage=0.05


Tree=52
num_leaves=31
num_cat=0
split_feature=9 7 8 6 9 7 3 13 9 7 0 1 8 0 9 7 9 7 8 13 9 4 3 7 3 8 8 0 8 3
split_gain=224.295 33.5424 11.4005 8.89275 5.66956 17.563 4.46825 3.58431 2.56942 3.56268 6.39474 1.69487 0.936514 2.17104 0.300289 2.02888 0.0724311 0.814519 0.719558 0.0708558 0.0367881 0.0119485 0.00487421 0.00184253 0.00452622 0.00114456 0.000631207 0.000585082 0.000130708 0.000128049
threshold=-0.53134802822849891 199.50000000000003 259.0384615384616 2.1376109762125082 -0.19294029418538369 94.500000000000014 7.3221800738928762 0.012539308176100631 -0.71929357792026261 119.50000000000001 0.11812552495011401 11.655418162737622 194.13802816901412 0.11812552495011401 -0.12453542817161221 94.500000000000014 1.0000000180025095e-35 97.500000000000014 104.06666666666668 0.072751322751322761 -0.6200513779316873 10.937276835002114 5.2548844000372066 124.50000000000001 7.4021465497810377 120.00996677740865 288.05882352941182 0.63826094377240794 120.00996677740865 7.2192758738748983
decision_type=2 2 2 2 2 2 2 2 2 2 2 2 2 2 2 2 2 2 2 2 2 2 2 2 2 2 2 2 2 2
left_child=8 2 3 -2 5 -5 19 -4 -1 -10 20 -3 14 -14 15 -6 17 18 -16 22 -11 23 -7 28 27 -19 -9 -25 -18 -27
right_child=1 11 7 4 12 6 -8 26 9 10 -12 -13 13 -15 16 -17 21 25 -20 -21 -22 -23 -24 24 -26 29 -28 -29 -30 -31
leaf_value=-0.050353882804770059 -0.05043271502140171 -0.050379841619338762 0.053595469102223806 -0.050354820662884131 -0.050356416636579228 0.053404726306878036 -0.041604265138092567 -0.052805565098063778 -0.050354217344857614 0.064854871368691266 -0.050369042528555112 0.054767966604889598 0.053617943455505829 -0.0080349911023387833 -0.050504178042042429 0.053515356474679004 0.053379052140871588 0.051863534125467306 0.05344865501344627 0.042010154899761683 0.05313327108078765 0.048518821694539728 0.056664895406779651 0.053414749532770547 0.05686626669297367 0.053435425094639749 -0.050367251072841138 0.05457870051942753 0.053776958134993141 0.054001230060954503
leaf_weight=127.69371015159413 2.3794988747686139 10.764109519310292 1.0312487371265877 5.8560426225885776 0.54698125459253732 18.01071896776558 1.3338614208623756 0.28493245970457781 6.8171100448816997 1.2520497143268587 2.6961288349702954 0.39739273488521654 4.2580881863832465 2.1483241617679596 0.37335216160863449 3.3451671339571476 94.295011963695288 1.201164625585079 0.30041816830635071 1.4126014709472645 1.4383760020136831 1.2439778354018916 1.2244122214615334 5.3207896873354903 1.3091767057776449 4.9233331345021725 3.875638185068965 1.3545079380273817 2.1100503504276267 1.2548215389251707
leaf_count=18299 321 1502 17 838 78 302 23 14 976 20 375 5 68 16 42 55 1591 21 5 11 26 23 16 89 14 82 542 19 33 19
internal_value=-0.00133345 0.0371571 0.0430246 0.0454783 0.0469815 0.0265902 0.0470889 -0.029851 -0.0482591 -0.02634 0.00405189 -0.0466362 0.0515598 0.0329433 0.0525742 0.0389178 0.0530417 0.0484708 -0.00415408 0.0528185 0.0585882 0.0533902 0.0536123 0.0534482 0.0541781 0.0532758 -0.0505342 0.0536509 0.0533878 0.0535503
internal_weight=310.453 170.556 159.394 154.202 151.823 27.8376 21.9816 5.19182 139.897 12.2037 5.38655 11.1615 123.985 6.40641 117.579 3.89215 113.687 8.05309 0.67377 20.6477 2.69043 105.634 19.2351 104.39 7.98447 7.37932 4.16057 6.6753 96.4051 6.17815
internal_count=25442 5746 4239 3666 3345 1190 352 573 19696 1397 421 1507 2155 84 2071 133 1938 169 47 329 46 1769 318 1746 122 122 556 108 1624 101
is_linear=0
shrinkage=0.05


Tree=53
num_leaves=31
num_cat=0
split_feature=9 13 3 18 5 9 3 9 8 0 9 3 6 8 9 8 3 4 9 0 2 8 3 0 0 8 0 8 8 9
split_gain=211.125 27.8237 26.836 15.1267 6.0648 2.61899 14.4475 2.52272 2.88924 6.77803 1.64605 1.11353 0.188199 0.121533 0.104614 1.16716 0.930514 0.0389276 0.0243269 0.0155169 0.00657592 0.00466102 0.00436212 0.00413578 0.00101707 0.00114964 0.000938292 0.000407815 0.00167159 0.000817535
threshold=-0.53134802822849891 1.0000000180025095e-35 7.5735311307123743 1.0000000180025095e-35 8.0695940463597982 -0.19294029418538369 4.6478001079635041 -0.71929357792026261 206.05555555555557 0.11812552495011401 4.1796846060151642 4.6478001079635041 2.8456684802487424 208.16666666666671 -1.0000000180025095e-35 152.05000000000004 4.6478001079635041 5.5114085413964808 -0.16900152081477324 0.27328611250455342 2.9174053685313028 188.03448275862073 7.4874537278250921 0.18981894877374797 0.37202812412846625 254.08333333333334 1.2123139845310107 270.04000000000002 155.03734939759039 0.10405968019844282
decision_type=2 2 2 2 2 2 2 2 2 2 2 2 2 2 2 2 2 2 2 2 2 2 2 2 2 2 2 2 2 2
left_child=7 4 3 12 11 6 -6 -1 -9 17 23 -2 20 -14 15 16 -7 -10 -5 -15 -3 -16 26 -4 25 -25 -20 28 -26 -30
right_child=1 2 10 18 5 14 -8 8 9 -11 -12 -13 13 19 21 -17 -18 -19 22 -21 -22 -23 -24 24 27 -27 -28 -29 29 -31
leaf_value=-0.05033649537165126 -0.050343194108092196 -0.050834668674482476 -0.057161013388703476 0.059958249142055386 -0.050336385245048298 -0.050390373452409133 0.053259394119302451 -0.050336931069753788 0.05309665975494357 -0.050347536219142744 0.054513857958913309 0.053440491103016331 -0.092760861546701823 -0.074450340992684286 0.053202629072673674 0.053312753999105594 0.053537763052821943 0.065418905446072595 0.053345225863849516 -0.060701539021666931 -0.059818893707773095 0.055359266871594405 0.056604198564609798 -0.054366269046821819 -0.050390206216969859 -0.050334691646485824 0.054795550083447997 -0.050337613661570094 -0.0526116470579929 -0.050587395477694856
leaf_weight=121.74363864818588 1.8315990618430071 1.2283804924227326 0.25092872371897712 1.7155238352716029 4.1487995618954328 0.51500201364979048 17.825179241597652 6.0499913967214507 1.539939980953932 3.1589124375022948 0.37972912192344566 0.30091604217886914 0.69803546555340268 0.30445260368287563 89.081240739673376 8.7748449482023698 0.3701908215880394 1.0978985875844953 13.722411867231129 0.62961372919380665 0.24415662884712208 2.577837996184825 1.1936052814126004 0.38981001544744032 5.6681320304051024 0.32364260265603662 1.2138331793248642 7.3579187365248799 1.6029710401780906 0.72410665685310949
leaf_count=18335 273 129 16 17 625 71 311 910 29 465 5 5 4 10 1575 151 6 18 236 36 2 34 13 27 809 49 17 1106 119 99
internal_value=-0.00159041 0.0365869 -0.00111068 0.0365764 0.047902 0.049348 0.0337 -0.0481931 -0.0261669 -0.000940952 -0.0483966 -0.0356984 -0.0652846 -0.0769777 0.0527417 0.0477927 -0.00692725 0.0582253 0.0542976 -0.0651829 -0.0523243 0.0532633 0.0536955 -0.0507915 -0.050692 -0.0525374 0.0534631 -0.0506062 -0.0508534 -0.0519818
internal_weight=296.663 163.073 37.6473 20.95 125.426 123.293 21.974 133.59 11.8467 5.79675 16.6972 2.13252 3.10464 1.6321 101.319 9.66004 0.885193 2.63784 17.8454 0.934066 1.47254 91.6591 16.1299 16.3175 16.0666 0.713453 14.9362 15.3531 7.99521 2.32708
internal_count=25502 5745 2694 464 3051 2773 936 19757 1422 512 2230 278 181 50 1837 228 77 47 283 46 131 1609 266 2225 2209 76 253 2133 1027 218
is_linear=0
shrinkage=0.05


Tree=54
num_leaves=31
num_cat=0
split_feature=9 7 8 0 19 9 7 1 9 7 0 1 8 4 8 0 11 3 4 9 7 3 8 0 4 7 7 7 5 3
split_gain=202.286 30.2398 9.8689 7.84359 5.92145 4.3109 15.5207 2.94667 2.51161 3.42855 5.97685 1.53153 1.02967 0.644427 0.353116 1.70894 0.441147 4.57196 0.0368375 0.0161881 0.00367864 0.00110009 0.000231481 0.000317214 9.51966e-05 6.06385e-05 6.00821e-05 3.24772e-05 2.33648e-05 2.30356e-05
threshold=-0.53134802822849891 199.50000000000003 270.04000000000002 3.3190240918789269 1.0000000180025095e-35 -0.2304377450747763 95.500000000000014 9.9394336746564438 -0.71929357792026261 119.50000000000001 0.11812552495011401 11.655418162737622 239.12500000000003 5.5587548463575329 194.13802816901412 0.11812552495011401 0.033908045977011504 4.6478001079635041 5.5114085413964808 -0.16900152081477324 124.50000000000001 7.4021465497810377 114.08333333333336 1.2349869032859482 7.3808759299945494 192.50000000000003 183.50000000000003 115.50000000000001 6.7040352347503047 7.1914290465227273
decision_type=2 2 2 2 2 2 2 2 2 2 2 2 2 2 2 2 2 2 2 2 2 2 2 2 2 2 2 2 2 2
left_child=8 2 3 4 5 6 -2 -4 -1 -10 18 29 14 26 16 25 17 -7 -11 -18 22 -22 27 24 -24 -16 -8 -21 -5 -3
right_child=1 11 7 28 -6 12 13 -9 9 10 -12 -13 -14 -15 15 -17 19 -19 -20 20 21 -23 23 -25 -26 -27 -28 -29 -30 -31
leaf_value=-0.050319986417582133 -0.050320789099634104 -0.050980374467032678 -0.05033270686517935 -0.050324349774672941 -0.065728286038488376 -0.050346154834274764 0.053041368306132979 0.053024774306794392 -0.050320324814560315 0.052899005690315117 -0.050333452032899101 0.054274374874522795 0.0056712194631136983 0.01586897421147291 0.053116785368862177 -0.012733992550299056 0.058773671924717365 0.053077482258197785 0.065024056132284971 0.053032116805944531 0.053908792377920581 0.055789075571582705 0.053033593266969326 0.053945831448148275 0.053549249900118827 0.053518956381701226 0.053371741590629622 0.053222194375863098 -0.05086900769036197 -0.050334219978458085
leaf_weight=115.51683142501861 5.023622909095141 0.13992837769910416 3.6178857563063493 1.9117936631664627 1.1704553058370937 1.1820273725315917 13.510376341640951 0.85197329521179188 6.3502341015264374 1.5516153164207938 2.5115568060427904 0.36276299506425935 1.2424308601766814 1.2614152524620283 3.4749160185456267 1.2373695913702247 1.2806707732379283 11.132496010512112 1.0505366176366804 84.781756177544608 1.6326310038566583 1.4858678840100763 4.0372884534299365 1.6391891576349733 1.1499763391911981 1.2834572307765482 1.5322581753134716 2.3084657974541178 0.21951202070340503 9.6708721974864584
leaf_count=18283 794 12 558 301 26 179 250 16 1004 31 386 5 15 15 63 12 14 204 18 1573 26 18 75 26 19 21 26 41 16 1500
internal_value=-0.00117193 0.0367529 0.0425238 0.0448185 0.046264 0.0472057 0.0265201 -0.0306324 -0.0481047 -0.0257828 0.00468813 -0.046613 0.0509487 0.0501965 0.051431 0.0396129 0.0520715 0.0431502 0.0577941 0.0531889 0.0531152 0.0548047 0.0530591 0.0533395 0.0531479 0.0532253 0.053075 0.0530372 -0.0503804 -0.0503434
internal_weight=284.122 157.141 146.968 142.498 140.367 139.196 21.3277 4.46986 126.981 11.4639 5.11371 10.1736 117.869 16.304 116.626 5.99574 110.63 12.3145 2.60215 98.3158 97.0352 3.1185 93.9167 6.82645 5.18726 4.75837 15.0426 87.0902 2.13131 9.8108
internal_count=25527 5805 4288 3714 3397 3371 1085 574 19722 1439 435 1517 2286 291 2271 96 2175 383 49 1792 1778 44 1734 120 94 84 276 1614 317 1512
is_linear=0
shrinkage=0.05


Tree=55
num_leaves=31
num_cat=0
split_feature=9 7 6 8 9 7 3 1 9 7 0 1 8 11 7 3 11 14 7 8 6 9 7 7 2 8 8 3 0 7
split_gain=190.882 28.4585 9.15469 7.54965 5.02201 15.1058 3.57698 3.28488 2.27257 3.07774 5.56967 1.17241 0.760216 0.36415 2.08765 1.55369 0.792411 0.120489 0.0302754 0.00445495 0.000476437 0.00017162 9.51469e-05 3.36732e-05 2.33284e-05 1.83892e-05 1.35414e-05 1.21578e-05 9.37672e-06 4.82346e-05
threshold=-0.53134802822849891 199.50000000000003 2.1376109762125082 265.04409317803669 -0.19294029418538369 94.500000000000014 7.3221800738928762 9.9394336746564438 -0.71929357792026261 119.50000000000001 0.11812552495011401 11.655418162737622 223.16666666666671 0.051315789473684217 95.500000000000014 7.4662273925763296 0.033908045977011504 1.0000000180025095e-35 127.50000000000001 166.96291676411738 2.5018183597364749 0.32400281177755735 190.50000000000003 100.50000000000001 3.1132683346437333 251.04347826086959 114.08333333333336 7.5424785042809779 0.08715175671995333 127.50000000000001
decision_type=2 2 2 2 2 2 2 2 2 2 2 2 2 2 2 2 2 2 2 2 2 2 2 2 2 2 2 2 2 2
left_child=8 2 -2 4 5 -4 17 24 -1 -10 18 27 13 14 16 21 -6 22 -11 20 -15 26 25 -22 -5 -7 -16 -3 -28 -30
right_child=1 11 3 7 12 6 -8 -9 9 10 -12 -13 -14 19 15 -17 -18 -19 -20 -21 23 -23 -24 -25 -26 -27 28 -29 29 -31
leaf_value=-0.050304277247885269 -0.050344002892754751 -0.050648409138652289 -0.050304974976792607 -0.050321664958505069 -0.050359841600223436 0.052883141897988907 -0.039160777521914047 0.052981245356245349 -0.050304629473958563 0.063876024641286361 -0.05031601319493189 0.054048568674537827 0.017543589057245412 0.053953699599482575 0.052851761739621542 0.010938672637388187 0.052763003763172479 0.035725748948845601 0.052570814278631944 0.056026020900163946 0.052875261959505961 0.05357987018551981 0.053402763478522602 0.053140187463054725 -0.051033100517901789 0.053063755839062011 0.052918826971003974 -0.050312109604126409 0.052921717494700794 0.053277879778440312
leaf_weight=109.62693246779963 2.6149556878954163 0.27709985850378593 5.1646013665013042 2.8446355103515084 0.75032932311296718 13.915428906679159 1.1497245663776983 1.0385377034544943 5.8863354739733023 1.0934214480221274 2.383657437749207 0.27718082070350725 1.6988231725990761 1.0459081232547749 5.0411095507443049 2.4319649627432218 0.24781101569533348 1.0843469053506876 1.2919209785759447 1.1516621448099602 76.667521245777607 1.043770745396613 1.0080445632338513 1.2184994295239437 0.12009164644405235 1.5681023187935341 11.352302037179472 8.9141207491047663 4.4646449461579314 1.2077673859894273
leaf_count=18235 417 31 858 459 113 270 22 20 978 19 386 4 20 18 99 30 5 10 28 13 1491 17 17 22 14 29 218 1465 86 21
internal_value=-0.00135766 0.0366041 0.0423242 0.0441031 0.0461514 0.0254013 0.0462814 -0.0235439 -0.0481616 -0.026117 0.0037376 -0.0472669 0.0507278 0.0512566 0.0461807 0.0489529 -0.0247573 0.0518705 0.057753 0.0529387 0.0528936 0.0529534 0.0529321 0.0528794 -0.0503505 0.0529014 0.0529237 -0.0503222 0.0529451 0.0529976
internal_weight=268.581 148.299 138.831 136.216 132.212 23.8902 18.7256 4.00326 120.282 10.6553 4.769 9.4684 108.322 106.623 26.5397 25.5416 0.99814 17.5759 2.38534 80.0836 78.9319 23.1096 16.4916 77.886 2.96473 15.4835 22.0658 9.19122 17.0247 5.67241
internal_count=25415 5769 4269 3852 3359 1206 348 493 19646 1411 433 1500 2153 2133 589 471 118 326 47 1544 1531 441 316 1513 473 299 424 1496 325 107
is_linear=0
shrinkage=0.05


Tree=56
num_leaves=31
num_cat=0
split_feature=9 7 8 6 19 9 7 1 9 7 0 1 1 8 0 9 7 11 5 7 9 7 7 7 4 6 8 11 8 7
split_gain=179.425 26.3875 8.92246 7.279 5.95511 3.92424 14.548 3.28005 1.78605 2.6377 4.99276 1.38306 0.961622 0.772481 2.08992 0.363761 2.09241 0.0584238 0.669611 0.124971 0.0237987 0.00234263 0.00221723 0.00163683 0.00133962 0.000590659 0.000549598 0.000178945 0.000103937 5.9191e-05
threshold=-0.53134802822849891 199.50000000000003 259.0384615384616 2.1376109762125082 1.0000000180025095e-35 -0.21171336248670511 94.500000000000014 9.9394336746564438 -0.71929357792026261 120.50000000000001 0.11812552495011401 11.655418162737622 2.6735537653587347 194.13802816901412 0.11812552495011401 -0.12453542817161221 94.500000000000014 0.033908045977011504 8.0888280609723093 148.50000000000003 -0.60743604739198565 124.50000000000001 164.50000000000003 123.50000000000001 5.5471267646873921 3.6310381873860056 285.05769230769238 0.036375661375661381 138.08536585365854 194.50000000000003
decision_type=2 2 2 2 2 2 2 2 2 2 2 2 2 2 2 2 2 2 2 2 2 2 2 2 2 2 2 2 2 2
left_child=8 2 3 -2 5 6 -5 26 -1 -10 20 -3 24 15 29 16 -7 18 -17 -20 -11 27 -21 -18 -8 -25 -4 -19 -29 -15
right_child=1 11 7 4 -6 13 12 -9 9 10 -12 -13 -14 14 -16 17 23 21 19 22 -22 -23 -24 25 -26 -27 -28 28 -30 -31
leaf_value=-0.050289346252429715 -0.050358683001199736 -0.050310453946888128 -0.052792347977082182 -0.050290186362205253 -0.066544929359763347 -0.050290873933040693 0.052747178074103042 0.053044104334654819 -0.050289675229648549 0.063312056035304584 -0.050301235023546914 0.053835560124023955 0.007420259807957694 0.052828017844774734 -0.010616033551537174 -0.050467787983449641 0.054212830506796927 0.053280176282567704 0.029721649062184014 0.050232616827222999 0.052516402814055743 0.054353886155110089 0.052758679702637416 0.050966373673790012 0.054359718748704315 0.052712535291201845 -0.050298555995329945 0.052731586052196161 0.053244994129842786 0.053264269730209569
leaf_weight=104.52130775852129 2.0071444683708242 8.7409187438897753 0.23703364050015752 4.7209439510479596 1.1722390353679646 0.58556327223777715 13.618341103196146 0.98027385026216496 5.7438892866484803 1.0429995581507685 2.2188597451895475 0.3308492526412018 1.2596291145309795 3.185705564916133 1.8667461574077604 0.1679715164937069 1.173091769218445 1.5503592155873764 0.66498121619224537 1.0145541001111267 0.99990475550293911 2.3352734446525565 6.0418708808720112 0.96107070520520188 1.4224824011325825 0.97621792182326317 3.2529928786680102 80.174827143549919 0.99805913865566154 1.028585150837898
leaf_count=18272 330 1489 11 824 19 102 276 19 1003 20 377 5 15 63 14 21 20 28 30 21 22 36 122 20 22 20 557 1633 18 18
internal_value=-0.001908 0.0359634 0.0416577 0.0441029 0.0456207 0.0466832 0.0270003 -0.0277692 -0.0483575 -0.0281765 0.00162713 -0.0465122 0.0493852 0.0507111 0.0334259 0.0517987 0.0364154 0.0524104 0.0482943 0.0504428 0.0580281 0.0527921 0.0523955 0.0527388 0.0528997 0.0518463 -0.0504679 0.0527481 0.0527379 0.0529345
internal_weight=254.995 140.468 131.396 126.926 124.919 123.746 21.0214 4.4703 114.527 10.0057 4.26176 9.07177 16.3005 102.725 6.08104 96.6438 3.69594 92.9479 7.88938 7.72141 2.0429 85.0585 7.05642 3.11038 15.0408 1.93729 3.49003 82.7232 81.1729 4.21429
internal_count=25427 5733 4239 3652 3322 3303 1137 587 19694 1422 419 1494 313 2166 95 2071 162 1909 194 173 42 1715 143 60 298 40 568 1679 1651 81
is_linear=0
shrinkage=0.05


Tree=57
num_leaves=31
num_cat=0
split_feature=9 7 8 6 9 7 3 1 9 7 1 1 8 1 11 8 11 7 9 3 7 8 8 7 8 4 7 3 11 9
split_gain=170.768 25.5377 8.17305 6.46339 4.6208 13.1996 5.01062 3.55747 1.94897 2.69359 4.92884 1.31548 1.0207 2.06081 0.387691 3.16514 0.101537 0.0732829 0.0229945 0.00318377 0.00288221 0.000475192 0.00013828 0.000131361 8.45557e-05 8.43414e-05 3.43147e-05 2.88965e-05 1.81489e-05 1.66381e-05
threshold=-0.53134802822849891 199.50000000000003 259.0384615384616 2.1376109762125082 -0.19294029418538369 94.500000000000014 7.3346551887924436 9.9394336746564438 -0.71929357792026261 119.50000000000001 1.4978661367769956 11.655418162737622 194.13802816901412 2.0126758453675748 0.033908045977011504 147.01898734177217 0.036375661375661381 193.50000000000003 -0.6200513779316873 5.2548844000372066 124.50000000000001 285.05769230769238 114.08333333333336 95.500000000000014 111.94594594594595 7.3808759299945494 115.50000000000001 5.2548844000372066 0.04083333333333334 -0.032921913680208796
decision_type=2 2 2 2 2 2 2 2 2 2 2 2 2 2 2 2 2 2 2 2 2 2 2 2 2 2 2 2 2 2
left_child=8 2 3 28 5 -5 16 21 -1 -10 18 -3 14 27 15 29 19 -17 -11 -7 22 -4 26 -24 -22 -25 -16 -14 -2 -6
right_child=1 11 7 4 12 6 -8 -9 9 10 -12 -13 13 -15 20 17 -18 -19 -20 -21 24 -23 23 25 -26 -27 -28 -29 -30 -31
leaf_value=-0.050275157822552756 -0.050274782153312048 -0.050295388005855458 -0.052666388182832119 -0.050276134839700705 -0.050315117602070525 0.052613564876662723 -0.057901404699244943 0.052997158378155398 -0.05027545001282812 0.062835060965884856 -0.050286017106757987 0.053634531921686157 0.052669222181881498 -0.012082186843471251 0.05258663875487142 0.052632279011178 0.037507167675700136 0.037749356536569231 0.052371323639390892 0.055399219940499844 0.054595418720640471 -0.050285374650335404 0.053300644170506867 0.052594658483936019 0.054021139864753112 0.053055219827529712 0.052795240254126519 0.052972763336209386 -0.050929452120109533 -0.050911783842791394
leaf_weight=99.543374497443438 1.6684276093728829 8.4403997841291094 0.22462396603077595 4.6085105375386801 0.70418077474460006 14.193046618252998 1.112638291902839 1.1057561412453649 5.3505003489553911 1.025413051247597 2.1433064728043973 0.31586330384016115 2.0654229521751395 1.9367185980081556 71.596817877143621 7.6875281408429128 1.1658430546522129 0.92683513835072506 1.0759561061859129 1.105618119239806 1.3090349994599813 3.1223187670111656 1.2323786355555046 3.5523889027535915 1.2559415511786935 1.3802815750241277 2.0272694006562224 1.2638272754848006 0.11303556896746147 0.14007879048585792
leaf_count=18289 307 1510 11 845 119 301 25 22 982 20 383 5 43 15 1531 162 11 18 25 18 20 560 23 76 20 26 41 24 7 9
internal_value=-0.0017498 0.0360111 0.0417713 0.0442186 0.0456306 0.0250434 0.0447912 -0.0247569 -0.0482007 -0.0266797 0.00306332 -0.0465463 0.0503355 0.0289278 0.0515634 0.0419762 0.051731 0.051031 0.0574774 0.0528149 0.0526645 -0.0504452 0.0526114 0.0528389 0.0543142 0.0527235 0.0525924 0.0527845 -0.0503163 -0.0504141
internal_weight=243.393 134.255 125.499 121.046 119.264 22.1857 17.5771 4.4527 109.139 9.59518 4.24468 8.75626 97.0787 5.26597 91.8127 9.45862 16.4645 8.61436 2.10137 15.2987 82.3541 3.34694 79.7891 6.16505 2.56498 4.93267 73.6241 3.32925 1.78146 0.84426
internal_count=25448 5749 4234 3641 3327 1200 355 593 19699 1410 428 1515 2127 82 2045 308 330 180 45 319 1737 571 1697 125 40 102 1572 67 314 128
is_linear=0
shrinkage=0.05


Tree=58
num_leaves=31
num_cat=0
split_feature=9 7 6 8 19 9 7 1 9 7 1 1 3 8 9 7 3 8 1 2 7 3 11 3 7 7 5 3 3 7
split_gain=163.859 23.9758 7.64804 6.14655 6.00587 3.49113 12.3028 2.62197 1.75304 2.34705 3.98395 1.24997 1.12056 0.984185 0.325867 3.72829 0.613857 0.203857 0.00723716 0.005948 0.000724752 0.00145182 0.00022937 0.00011748 4.69137e-05 2.12258e-05 2.00889e-05 1.57267e-05 8.91996e-06 8.50925e-06
threshold=-0.53134802822849891 199.50000000000003 2.1376109762125082 270.04000000000002 1.0000000180025095e-35 -0.2304377450747763 95.500000000000014 9.9394336746564438 -0.70688395170678076 119.50000000000001 1.4978661367769956 11.655418162737622 7.1176108538148393 239.12500000000003 0.023891963637538541 94.500000000000014 7.4154760425143449 188.03448275862073 2.6735537653587347 7.1880343794159778 124.50000000000001 7.4021465497810377 0.042572463768115944 5.2012518591713119 192.50000000000003 115.50000000000001 8.5868399319977886 7.0400983700390167 7.368970203418896 102.50000000000001
decision_type=2 2 2 2 2 2 2 2 2 2 2 2 2 2 2 2 2 2 2 2 2 2 2 2 2 2 2 2 2 2
left_child=8 2 27 4 5 6 -4 -5 -1 -10 26 -3 23 14 15 -7 18 19 24 20 25 22 -22 -8 29 -16 -11 -2 -27 -17
right_child=1 11 3 7 -6 13 12 -9 9 10 -12 -13 -14 -15 17 16 -18 -19 -20 -21 21 -23 -24 -25 -26 28 -28 -29 -30 -31
leaf_value=-0.050261857434970997 -0.050783271933399335 -0.050276815442869882 -0.050261901138549149 -0.050271305666191771 -0.065584806515934041 -0.050298078221175047 0.052466118066743318 0.052433119614114815 -0.050261607802935176 0.052452843083137184 -0.050262796927505418 0.05344472726448235 0.00047380601903251949 0.0027402719617607161 0.052456630479599045 0.052646199354455407 0.013066055963073975 0.031265843661953806 0.056091188741095789 0.048810474216629561 0.052476775401827172 0.054825065014541069 0.053299053371065712 0.052915488889158424 0.052858949652632839 0.052535320572179224 0.052129597070234783 -0.050276695819646479 0.052724516421107696 0.052506407127342031
leaf_weight=95.287825948093086 0.16555957728996817 7.9417346119880659 4.067439783364537 2.4443369521759446 1.2089497810229648 0.9775242167525019 11.372172512114046 0.83326919004321087 4.6652265856973809 0.84535076841712031 1.8342864173464475 0.30149852856993664 1.1231037536635984 1.0779150016605843 67.739976242184639 1.2106628380715836 1.0329099083319295 1.1523525826632965 1.6203315630555142 1.1051160227507342 3.3707491010427466 0.96025815233588208 1.1331962309777734 1.667722351849078 1.1193512640893448 1.9660845026373857 1.1141234952956436 2.0540691977366805 0.91195828467607487 10.796408735215662
leaf_count=18390 18 1497 785 461 21 175 254 19 901 20 353 5 16 12 1518 26 17 12 26 26 75 14 21 33 22 43 29 388 19 238
internal_value=-0.00151563 0.0360273 0.0416433 0.0433601 0.0452742 0.0464457 0.0263843 -0.0241607 -0.0483254 -0.0265112 0.00269482 -0.0464832 0.0483961 0.0502485 0.050787 0.0444585 0.0503285 0.0521407 0.0529385 0.0524523 0.0525052 0.05306 0.0526837 0.0525236 0.0525494 0.0524623 0.0522691 -0.0503145 0.0525953 0.0525205
internal_weight=233.101 129.355 121.111 118.892 115.614 114.405 18.2304 3.27761 103.747 8.45899 3.79376 8.24323 14.163 96.1748 95.0969 16.7572 15.7797 78.3397 14.7468 77.1873 76.0822 5.4642 4.50395 13.0399 13.1264 70.618 1.95947 2.21963 2.87804 12.0071
internal_count=25434 5741 4239 3833 3353 3332 1088 480 19693 1303 402 1502 303 2244 2232 504 329 1728 312 1716 1690 110 96 287 286 1580 49 406 62 264
is_linear=0
shrinkage=0.05


Tree=59
num_leaves=31
num_cat=0
split_feature=9 7 6 8 19 9 7 1 9 7 0 1 0 8 0 11 8 9 9 7 4 9 8 0 4 7 7 7 4 3
split_gain=155.142 22.7237 7.44307 5.8701 5.65542 3.18869 11.7967 2.39101 1.89676 2.63683 4.46185 0.957468 0.877306 0.82085 1.82283 0.386673 3.73486 0.0304088 0.0104724 0.00181939 0.000665261 0.000306795 0.000170581 0.000181821 7.65836e-05 3.31254e-05 1.72247e-05 1.65125e-05 1.57888e-05 9.77542e-06
threshold=-0.53134802822849891 199.50000000000003 2.1376109762125082 270.04000000000002 1.0000000180025095e-35 -0.2304377450747763 95.500000000000014 9.9394336746564438 -0.71929357792026261 119.50000000000001 0.11812552495011401 11.655418162737622 0.71476180760629215 194.13802816901412 0.11812552495011401 0.033908045977011504 147.01898734177217 -0.63194646001819421 -0.16900152081477324 124.50000000000001 5.5471267646873921 -0.19294029418538369 114.08333333333336 1.2349869032859482 7.3808759299945494 192.50000000000003 115.50000000000001 94.500000000000014 7.1944365692869114 7.5424785042809779
decision_type=2 2 2 2 2 2 2 2 2 2 2 2 2 2 2 2 2 2 2 2 2 2 2 2 2 2 2 2 2 2
left_child=8 2 28 4 5 6 -4 -5 -1 -10 17 29 20 15 25 16 27 -11 -17 22 -8 -18 26 24 -24 -15 -20 -7 -2 -3
right_child=1 11 3 7 -6 13 12 -9 9 10 -12 -13 -14 14 -16 18 21 -19 19 -21 -22 -23 23 -25 -26 -27 -28 -29 -30 -31
leaf_value=-0.050248841810753932 -0.050720151865543864 -0.050578487501702865 -0.050249485083870699 -0.050258638521949277 -0.065107181820313983 -0.05026973919451419 0.052342181565351156 0.052313058793697936 -0.050249102508563771 0.064632673714679276 -0.05025936297968963 0.053265458764274853 0.00281522142800279 0.052395720769399856 -0.0050258949621504213 0.057270759719562275 0.051355729433374825 0.052110820346066095 0.052329502788518778 0.053800527791345087 0.053711253485805577 0.052370655278404635 0.052337665601823007 0.053188672085719139 0.052822840573473306 0.052722049307052411 0.052481673720147205 -0.050911266367792266 -0.050254832137570295 -0.050255875680978113
leaf_weight=90.418751046992838 0.20093069225549642 0.24268448213115235 3.8735601715743568 2.3095046789385374 1.150918848812579 0.87313504330813785 11.408635064959521 0.75352896004915226 4.873369316570459 0.85420714132487763 1.8681336650624869 0.23018808662891377 0.95935618039220649 2.8315499946475025 2.1293111443519592 1.1192746870219696 0.82161520980298419 1.1212760694324972 65.577866733074188 2.2440604828298083 0.96215046197176057 7.9428680427372447 2.8961591795086852 1.1421005651354788 1.1309732608497141 1.072106536477804 1.9139098115265358 0.11332379933446646 1.9660705896094439 7.2356653213500977
leaf_count=18350 22 31 785 457 20 168 267 18 988 17 368 4 13 65 18 15 20 29 1542 39 18 184 68 22 23 22 43 7 395 1449
internal_value=-0.0015489 0.0359407 0.041493 0.0432498 0.0451481 0.0463122 0.0265575 -0.0250252 -0.0481014 -0.025827 0.00513816 -0.0471747 0.0488766 0.0500139 0.032187 0.0512678 0.041894 0.0575253 0.0524701 0.0523983 0.0524487 0.0522755 0.052355 0.0526318 0.0524739 0.0524853 0.0523338 -0.0503434 -0.050298 -0.0502663
internal_weight=222.237 123.101 115.393 113.226 110.163 109.012 17.2037 3.06303 99.1357 8.71699 3.84362 7.70854 13.3301 91.8083 6.03297 85.7753 9.75094 1.97548 76.0243 74.9051 12.3708 8.76448 72.661 5.16923 4.02713 3.90366 67.4918 0.986459 2.167 7.47835
internal_count=25467 5715 4231 3814 3339 3319 1083 475 19752 1402 414 1484 298 2236 105 2131 379 46 1752 1737 285 204 1698 113 91 87 1585 175 417 1480
is_linear=0
shrinkage=0.05


Tree=60
num_leaves=31
num_cat=0
split_feature=9 7 11 7 16 0 9 7 0 1 3 8 3 8 4 0 8 9 8 7 5 3 7 4 0 8 0 3 4 0
split_gain=147.897 21.2631 7.09797 15.3676 14.2366 6.8182 1.31819 1.85589 3.4254 1.12943 0.427502 0.133867 0.0673249 0.123364 0.0151193 0.0045426 0.00350862 0.00288543 0.00167066 0.000215655 7.84554e-05 4.96936e-05 0.000102244 8.89998e-05 1.85416e-05 1.47703e-05 1.20185e-05 7.94378e-06 6.95228e-06 7.63773e-06
threshold=-0.53134802822849891 199.50000000000003 0.26666666666666672 94.500000000000014 1.0000000180025095e-35 1.273758063387822 -0.70688395170678076 119.50000000000001 0.11812552495011401 11.655418162737622 7.4662273925763296 247.02307692307696 7.3346551887924436 125.14398496240602 7.3808759299945494 1.9603048091329318 188.03448275862073 0.5397819860804921 265.04409317803669 98.500000000000014 7.1786177974660612 5.2548844000372066 123.50000000000001 5.4701654074033046 0.67816880515058531 320.15384615384625 0.062312229280192734 7.5424785042809779 5.5353618778730294 0.08715175671995333
decision_type=2 2 2 2 2 2 2 2 2 2 2 2 2 2 2 2 2 2 2 2 2 2 2 2 2 2 2 2 2 2
left_child=6 2 3 17 5 10 -1 -8 26 27 12 -6 14 -14 19 -7 -4 -2 -13 -5 -17 28 -23 -24 -25 -20 -9 -3 29 -21
right_child=1 9 16 4 11 15 7 8 -10 -11 -12 18 13 -15 -16 20 -18 -19 25 21 -22 22 23 24 -26 -27 -28 -29 -30 -31
leaf_value=-0.050236823927789491 -0.050242771431252255 -0.050544472896033511 0.052212985589082044 0.052950832063152903 -0.07132724706302293 -0.056485954198811632 -0.05023658866568001 0.051931929756918363 -0.05023889597726966 0.05309607311063607 0.027317986040217509 -0.054228858642125913 0.052346730722975514 0.029574743504751103 0.058575105356653993 -0.050273948169487062 0.0546131510807129 -0.056552699188996185 -0.050751558375101695 0.052222175034598674 -0.051320556248262442 0.052237328597921157 0.052336456421145816 0.052662299179088601 0.052963450428297754 -0.050246522697833029 0.052206852700152219 -0.050242426965673173 0.052363378526885711 0.05233085085967009
leaf_weight=86.502590134274215 5.5045031686313441 0.22477772505953808 60.826748229563236 1.2654168531298662 1.1630334332585328 0.41141392383724351 4.2420430574566117 0.87691416963934921 1.6706639206968246 0.27455318719148625 1.8663637600839127 0.30593688599765334 1.6428759619593614 0.93220871314406384 0.99416450038552184 1.0696886628866193 1.5617211684584607 0.18734281044453371 0.15595188597217235 17.226530574262153 0.21505737770348776 5.6288823187351209 2.1281966380774975 1.1419411264359953 0.92523403093218792 2.0194254964590073 0.72717380151152611 6.8950267415493727 1.0697249211370934 1.7841821275651444
leaf_count=18441 1158 30 1499 27 9 8 905 25 354 5 31 7 39 19 11 216 26 13 23 423 10 138 50 24 19 419 19 1453 25 42
internal_value=-0.00175897 0.03566 0.0411759 0.0266426 0.0371037 0.0460888 -0.0484916 -0.0284077 -0.000131005 -0.0464146 0.0506299 -0.05733 0.0518823 0.044103 0.0525051 -0.0519134 0.0522731 -0.0504505 -0.0507693 0.0523115 -0.0504491 0.0522844 0.0523766 0.0525634 0.0527971 -0.0502827 0.0520566 -0.050252 0.0522394 0.0522324
internal_weight=211.44 117.421 110.027 47.6381 41.9462 38.3019 94.0194 7.51679 3.27475 7.39436 36.6057 3.64435 34.7394 2.57508 32.1643 1.69616 62.3885 5.69185 2.48131 31.1701 1.28475 29.9047 9.82425 4.19537 2.06718 2.17538 1.60409 7.1198 20.0804 19.0107
internal_count=25468 5724 4236 2711 1540 1082 19744 1303 398 1488 848 458 817 58 759 234 1525 1171 449 748 226 721 231 93 43 442 44 1483 490 465
is_linear=0
shrinkage=0.05


Tree=61
num_leaves=31
num_cat=0
split_feature=9 7 6 8 19 9 7 1 9 7 14 1 1 8 9 7 5 7 7 2 0 8 9 4 7 0 8 4 7 7
split_gain=138.725 20.3846 6.88322 5.44888 5.14535 3.11504 10.4331 2.81946 1.66124 2.31299 4.03515 1.32941 0.865551 0.679865 0.309906 3.08921 0.568479 0.105297 0.028094 0.0138976 0.00759715 0.0044483 0.00307256 0.000822784 0.000517338 0.000777287 0.000371693 7.66486e-05 3.60996e-05 1.51303e-05
threshold=-0.53134802822849891 199.50000000000003 2.1376109762125082 259.0384615384616 1.0000000180025095e-35 -0.2304377450747763 95.500000000000014 9.9394336746564438 -0.71929357792026261 119.50000000000001 1.0000000180025095e-35 2.6735537653587347 11.655418162737622 239.12500000000003 0.023891963637538541 94.500000000000014 9.8349648893801387 192.50000000000003 128.50000000000003 7.2388559073370864 1.161547386419163 188.03448275862073 -0.21171336248670511 5.5471267646873921 124.50000000000001 0.79384982111808344 285.05769230769238 7.3808759299945494 192.50000000000003 115.50000000000001
decision_type=2 2 2 2 2 2 2 2 2 2 2 2 2 2 2 2 2 2 2 2 2 2 2 2 2 2 2 2 2 2
left_child=8 2 -2 4 5 6 -4 26 -1 -10 18 23 -3 14 15 -7 20 19 -11 21 22 24 -17 -8 29 -26 -5 28 -24 -16
right_child=1 12 3 7 -6 13 11 -9 9 10 -12 -13 -14 -15 17 16 -18 -19 -20 -21 -22 -23 27 -25 25 -27 -28 -29 -30 -31
leaf_value=-0.050225046070252549 -0.050267667460703172 -0.050241526950451823 -0.050225242537592807 -0.052530350543678231 -0.065322386227434678 -0.050253809481260348 0.052109584875580789 0.05255025503137687 -0.050225308927046297 0.064612188803907941 -0.050233252815745637 -0.0123799088688967 0.052935974244544763 0.0045973994046203549 0.052099572416121877 0.055437419645301439 0.0086369461075041475 0.035166878105281053 0.05190915465259538 0.045485159812301321 0.047619528041764898 0.055902884534603084 0.052145824433443615 0.053550250167637363 0.052180203740088485 0.053668298250933902 -0.050234804353354326 0.052642634304377767 0.05247191410600175 0.052230262599996635
leaf_weight=81.614135756623 2.0236787367612115 6.7810027997475109 3.5121491858735672 0.19230941170826543 1.0467963339760888 0.8233538051135828 10.134422861039633 0.93230937421321858 4.3807493145577601 0.83000962063670158 1.7030884339474142 0.8563121762126692 0.20954637229442585 0.81638579815626044 58.651299115270376 0.79441168904304227 0.79990873113274652 0.93022456765174766 0.9151440691202879 0.78311113268136878 0.88044703379273492 0.7950509712100019 9.0778042748570371 1.0984818413853652 2.5036163330078121 1.3510883264243601 2.1236084813717753 0.96621824055910188 0.93626391515135843 2.3015389926731578
leaf_count=18297 431 1481 787 9 20 172 261 22 981 18 372 13 4 8 1517 15 15 21 26 22 20 9 231 21 63 25 463 21 21 57
internal_value=-0.00174643 0.0355089 0.0410472 0.0428535 0.044943 0.0461207 0.025634 -0.0208692 -0.0481146 -0.0261136 0.00451866 0.0476725 -0.0471487 0.0499991 0.0504533 0.0437626 0.0495157 0.0518725 0.0579508 0.0521066 0.0520996 0.0521856 0.0524346 0.0522505 0.05214 0.0527018 -0.0504254 0.0522173 0.0521763 0.0521045
internal_weight=200.764 111.321 104.331 102.307 99.0589 98.0121 15.6014 3.24823 89.4431 7.82899 3.44824 12.0892 6.99055 82.4107 81.5943 14.2784 13.4551 67.3159 1.74515 66.3857 12.6551 65.6026 11.7747 11.2329 64.8075 3.8547 2.31592 10.9803 10.0141 60.9528
internal_count=25423 5729 4244 3813 3319 3299 1082 494 19694 1397 416 295 1485 2217 2209 495 323 1714 44 1693 308 1671 288 282 1662 88 472 273 252 1574
is_linear=0
shrinkage=0.05


Tree=62
num_leaves=31
num_cat=0
split_feature=9 7 8 0 19 9 7 13 9 7 0 1 13 8 11 7 8 4 7 9 0 9 7 8 8 0 11 3 4 6
split_gain=132.378 19.278 6.69596 5.34509 4.9301 2.70989 8.89955 2.47073 1.70249 2.32853 3.87348 1.02111 0.786707 1.25594 0.398642 4.89638 0.25042 0.0575731 0.0290996 0.0206124 0.0175771 0.0016794 0.0014944 0.000676931 0.00032276 0.000113867 0.000111096 0.000176106 4.46533e-05 2.14305e-05
threshold=-0.53134802822849891 199.50000000000003 259.0384615384616 3.3190240918789269 1.0000000180025095e-35 -0.28250174681150492 119.50000000000001 0.012539308176100631 -0.71929357792026261 119.50000000000001 0.11812552495011401 11.655418162737622 0.097619047619047633 128.09459459459461 0.033908045977011504 119.50000000000001 208.16666666666671 5.5471267646873921 126.50000000000001 -0.19294029418538369 0.08715175671995333 -1.0000000180025095e-35 126.50000000000001 152.05000000000004 276.07250470809799 0.075758540264110816 0.039230769230769243 7.4544301786633325 5.4701654074033046 2.1376109762125082
decision_type=2 2 2 2 2 2 2 2 2 2 2 2 2 2 2 2 2 2 2 2 2 2 2 2 2 2 2 2 2 2
left_child=8 2 3 4 5 6 25 -4 -1 -10 18 -3 14 -14 15 21 19 -8 -11 -16 28 -7 23 26 -9 -2 27 -21 -17 -5
right_child=1 11 7 29 -6 12 17 24 9 10 -12 -13 13 -15 16 20 -18 -19 -20 22 -22 -23 -24 -25 -26 -27 -28 -29 -30 -31
leaf_value=-0.05021401953049294 -0.05021396229683444 -0.050228907648205014 0.052518855006254361 -0.050215198955601406 -0.06455069928347193 -0.050228222750592813 0.051998930049008497 -0.052386075134718317 -0.050214249955222126 0.064847836135399767 -0.050222046280499977 0.052784598812924743 0.052497742172743313 -0.022398442569648829 0.058604066621654016 0.052030054413819263 0.025435205397712615 0.037219564306573021 0.051794823997849619 0.052062470129659769 0.045258419128617416 -0.056812992721877689 0.053752734244027434 0.053533753090475714 -0.05022136971800794 -0.051928461046322316 0.0519931725069991 0.052928495423694544 0.05237437043312148 -0.050821736131291421
leaf_weight=77.815183536615223 2.9148657051846372 6.4665085901506236 0.74758974462747518 1.3302514478564251 1.0151958656497289 1.1735342224128542 7.206016331911087 0.1850859168916944 4.176068141590803 0.74996077269315742 1.6072159092873333 0.24985482916235913 1.3059560433030122 0.97961696330457915 1.2269088630564429 11.570711094886063 0.88691806793212791 0.72526331618428219 0.99143421277403831 2.0345674566924639 1.0279844366013993 0.10553890466689964 1.2789368145167817 0.73570842668414016 2.4724811562336981 0.10016973828896869 58.559105984866619 0.82507434859871853 1.0250464566051949 0.16353566572070111
leaf_count=18336 687 1487 18 313 25 266 195 9 983 17 369 5 32 18 12 309 9 18 30 54 25 1 23 14 570 11 1589 16 24 12
internal_value=-0.00163736 0.0355936 0.0411227 0.0435619 0.0450423 0.0462299 0.0228507 -0.0277828 -0.0480179 -0.0253076 0.00575368 -0.0463967 0.0493231 0.0203966 0.0501449 0.0427634 0.0518231 0.0506475 0.0574163 0.0521851 0.051545 -0.0507715 0.0520609 0.0520261 -0.0503721 -0.0502709 0.052008 0.0523123 0.0520581 -0.0502816
internal_weight=191.652 106.312 99.5961 96.1909 94.6971 93.6819 10.9463 3.40516 85.3399 7.52468 3.34861 6.71636 82.7356 2.28557 80.45 14.9028 65.5472 7.93128 1.74139 64.6603 13.6237 1.27907 63.4334 62.1545 2.65757 3.01504 61.4187 2.85964 12.5958 1.49379
internal_count=25477 5742 4250 3653 3328 3303 911 597 19735 1399 416 1492 2392 50 2342 625 1717 213 47 1708 358 267 1696 1673 579 698 1659 70 333 325
is_linear=0
shrinkage=0.05


Tree=63
num_leaves=31
num_cat=0
split_feature=9 7 13 18 0 5 9 3 9 7 0 1 3 9 3 8 8 9 7 9 8 8 3 0 7 7 5 8 4 2
split_gain=125.671 18.2857 6.5195 13.4978 5.53962 3.61681 1.5606 6.52566 1.54956 2.10962 3.62563 0.971073 0.557216 0.249832 2.80462 0.125996 0.0246558 0.0221779 0.118067 0.0185164 0.00457198 0.00133431 0.00131425 0.000252115 8.5381e-05 6.0338e-05 5.77633e-05 3.55472e-05 1.40514e-05 1.08811e-05
threshold=-0.53134802822849891 199.50000000000003 8.889385476361246e-05 1.0000000180025095e-35 2.4534387858054241 8.0695940463597982 -0.3014177459159994 4.6478001079635041 -0.71929357792026261 119.50000000000001 0.11812552495011401 11.655418162737622 4.6478001079635041 -0.12453542817161221 4.6478001079635041 241.54798761609911 247.02307692307696 -1.0000000180025095e-35 147.50000000000003 -0.19294029418538369 194.13802816901412 265.04409317803669 7.4767551062824937 1.2123139845310107 125.50000000000001 191.50000000000003 8.2095483735928596 179.4531187624751 7.3808759299945494 3.1132683346437333
decision_type=2 2 2 2 2 2 2 2 2 2 2 2 2 2 2 2 2 2 2 2 2 2 2 2 2 2 2 2 2 2
left_child=8 2 5 15 19 12 7 -7 -1 -10 16 -3 -2 14 -8 -4 -11 18 -15 -5 27 -17 23 24 28 -16 -6 -19 -21 -23
right_child=1 11 3 4 26 6 13 -9 9 10 -12 -13 -14 17 25 21 -18 20 -20 22 -22 29 -24 -25 -26 -27 -28 -29 -30 -31
leaf_value=-0.050203542652348325 -0.050207648838189158 -0.050217486547025528 -0.066854093432259176 0.059538890433776116 -0.050252122409716972 -0.050203484812386769 -0.050203379178837243 0.051914084954266276 -0.050203744636677483 0.051778452927721756 -0.050211748134259798 0.052641422480100987 0.052056826857769647 0.026832487738935124 0.051917378831313379 -0.053746332971462508 0.064235268744709639 0.051892385068052375 0.051963476970732662 0.051895991262287736 0.054525774212456149 -0.050216215573956162 0.054163548199696182 0.052936964257878388 0.052424590105977935 0.052310118147598006 -0.051526628022465319 0.052246109036989744 0.052120958568501255 -0.050810168644751019
leaf_weight=73.842726170085371 1.0935437590815116 6.1864624295849344 2.1959850653074691 0.94796200841665168 1.3819506666623063 2.0345461461693031 0.74231661343946242 6.7709607258439064 3.8961769631132475 0.88456945307552837 1.5287600141018627 0.23829935118556012 0.15167889744043339 0.55980565352364609 5.8622539266943932 0.30634483695030246 0.72102264501154423 55.408336345106378 2.8299962133169174 6.6690656151622481 1.7041211128234852 2.2534297588281338 0.80359589681029397 0.74328804761171419 0.94224362820386875 1.1737766005098818 0.095013656653463729 0.71948117390274902 0.77472868189215649 0.079841513652354368
leaf_count=18288 268 1495 38 8 320 504 184 191 964 28 368 5 4 36 165 10 17 1577 78 190 30 541 13 16 22 28 4 18 20 13
internal_value=-0.00145188 0.035268 0.0407199 0.0128162 0.0405286 0.0467889 0.0481419 0.0283194 -0.048068 -0.0256379 0.00489894 -0.0464024 -0.037751 0.0506716 0.0422309 -0.0580054 0.0573724 0.051744 0.0478132 0.0528622 0.0519744 -0.0506439 0.052225 0.0520544 0.0519762 0.0519829 -0.0503341 0.0518969 0.0519194 -0.0502365
internal_weight=183.542 102.669 96.2443 17.1934 12.3578 79.0508 77.8056 8.80551 80.8733 7.03053 3.13435 6.42476 1.24522 69.0001 7.77835 4.8356 1.60559 61.2217 3.3898 10.8809 57.8319 2.63962 9.93292 9.12933 8.38604 7.03603 1.47696 56.1278 7.44379 2.33327
internal_count=25443 5778 4278 1195 593 3083 2811 695 19665 1377 413 1500 272 2116 377 602 45 1739 114 269 1625 564 261 248 232 193 324 1595 210 554
is_linear=0
shrinkage=0.05


Tree=64
num_leaves=31
num_cat=0
split_feature=9 7 11 7 4 16 9 7 1 9 1 2 7 8 8 3 4 8 9 7 2 9 8 7 1 2 3 7 4 8
split_gain=118.499 17.8298 5.97517 12.702 11.5893 5.48343 1.65981 2.16853 3.61603 0.41077 0.377735 0.1666 0.245687 0.0653054 0.0249673 0.0134259 0.0042357 0.00287761 0.00271731 0.000850111 0.000421094 0.000432039 0.000166117 0.000110915 7.72513e-05 0.000289184 3.62903e-05 5.33296e-05 4.7748e-05 2.96273e-05
threshold=-0.53134802822849891 199.50000000000003 0.26666666666666672 94.500000000000014 7.6133230286147189 1.0000000180025095e-35 -0.71929357792026261 119.50000000000001 1.4978661367769956 0.32400281177755735 11.655418162737622 2.6735537653587347 115.50000000000001 251.04347826086959 247.02307692307696 7.4985928023719568 7.3808759299945494 194.13802816901412 0.5397819860804921 172.50000000000003 2.4414009612931857 -0.089033504231811098 99.083333333333357 100.50000000000001 3.1132683346437333 2.9700856263602158 5.2548844000372066 123.50000000000001 5.4701654074033046 341.27777777777783
decision_type=2 2 2 2 2 2 2 2 2 2 2 2 2 2 2 2 2 2 2 2 2 2 2 2 2 2 2 2 2 2
left_child=6 2 3 18 5 9 -1 -8 14 11 -3 16 -13 -7 -9 -6 22 -4 -2 24 -21 -22 -5 -24 25 -17 -25 -28 -29 -15
right_child=1 10 17 4 15 13 7 8 -10 -11 -12 12 -14 29 -16 19 -18 -19 -20 20 21 -23 23 26 -26 -27 27 28 -30 -31
leaf_value=-0.0501935807042624 -0.050200453882067703 -0.050205786880715114 0.051799972456150603 0.051272848135368136 -0.061544570758988518 -0.075354244774485754 -0.050193716739415195 0.05168937035248107 -0.050201691969609046 0.020160841419000115 0.052505969345379246 0.055180212902063701 0.020508218302137879 -0.051106310492241735 0.064182272078342054 -0.050274973664036937 0.055081358257049295 0.054112568418917407 -0.056579886965776316 -0.050192350557731497 -0.051479973402837956 -0.054130041398092327 0.052392123566405352 0.051825769614587174 -0.050335881662941256 -0.053151399850221007 0.051830553980390597 0.051912710944641394 0.052280765037373278 -0.050212109535887874
leaf_weight=70.271016654325649 4.6043074959889045 5.8714439636096349 50.003315139561892 1.1449379576370287 0.33470809692516867 0.62332400493323692 3.7713092821650198 0.99658049456775211 1.5072495290078221 1.1244961647316802 0.090898938477039226 0.98503349721431677 1.0615594023838637 0.12917481758631766 0.66800415515899658 0.31201193644665259 1.0630253851413716 1.3823423720896233 0.1732018943876027 0.17177955410443235 0.27053045621141791 0.35642732935957611 1.0484105739742542 16.627102531492714 1.7742203699890522 0.12136845709756017 3.8597914837300769 1.7358872145414355 1.7897168453782795 0.32744697853922844
leaf_count=18292 1176 1493 1492 35 20 4 981 33 381 22 2 22 20 15 16 72 18 26 13 45 27 21 27 490 415 3 114 49 45 80
internal_value=-0.00167147 0.0351241 0.0406108 0.0260251 0.0365031 0.045889 -0.0478893 -0.0245675 0.005902 0.0498171 -0.0486399 0.0509547 0.037196 -0.0648306 0.0567028 -0.0520454 0.0519873 0.0518622 -0.0504317 -0.0509878 -0.0523856 -0.0529865 0.0518618 0.0518887 -0.0504821 -0.0510805 0.0518667 0.051959 0.0520995 -0.0504651
internal_weight=174.201 96.9865 91.0241 39.6385 34.861 31.5199 77.2142 6.94314 3.17183 30.44 5.96234 29.3155 2.04659 1.07995 1.66458 3.34105 27.2689 51.3857 4.77751 3.00634 0.798737 0.626958 26.2058 25.0609 2.2076 0.43338 24.0125 7.3854 3.5256 0.456622
internal_count=25449 5746 4251 2733 1544 941 19703 1411 430 842 1495 820 42 99 49 603 778 1518 1189 583 93 48 760 725 490 75 698 208 94 95
is_linear=0
shrinkage=0.05


Tree=65
num_leaves=31
num_cat=0
split_feature=9 7 13 18 0 5 9 7 0 9 3 9 6 9 3 8 7 9 8 8 3 0 7 5 8 7 8 2 3 8
split_gain=113.784 16.6306 5.56054 12.1873 4.85911 3.1799 1.27891 1.80094 3.22098 1.27097 6.26648 0.878113 0.608422 0.150024 2.32852 0.10199 0.0183064 0.0130058 0.00284033 0.000967857 0.000424184 0.000123409 5.51912e-05 3.7096e-05 3.13608e-05 2.4634e-05 1.37964e-05 8.01595e-06 4.32249e-06 3.5228e-06
threshold=-0.53134802822849891 199.50000000000003 8.889385476361246e-05 1.0000000180025095e-35 2.651749483146487 8.0695940463597982 -0.71929357792026261 120.50000000000001 0.11812552495011401 -0.26634925049910491 4.6478001079635041 4.1796846060151642 3.2493258900699948 -1.0000000180025095e-35 4.6478001079635041 241.54798761609911 128.50000000000003 -0.19294029418538369 194.13802816901412 265.04409317803669 7.4662273925763296 1.199365564352278 126.50000000000001 7.1786177974660612 179.4531187624751 192.50000000000003 254.08333333333334 3.1132683346437333 7.2320092860153666 133.16666666666671
decision_type=2 2 2 2 2 2 2 2 2 2 2 2 2 2 2 2 2 2 2 2 2 2 2 2 2 2 2 2 2 2
left_child=6 2 5 15 17 12 -1 -8 16 10 -7 28 -2 14 -11 -4 -9 -5 24 -17 21 22 29 -6 -15 -16 -12 -21 -3 -19
right_child=1 11 3 4 23 9 7 8 -10 13 26 -13 -14 18 25 19 -18 20 -20 27 -22 -23 -24 -25 -26 -27 -28 -29 -30 -31
leaf_value=-0.050184103464293375 0.051843071335325376 -0.050550389701343616 -0.066010200784508061 0.057621469300927257 -0.050201214944139053 -0.050184048594147823 -0.050184304121490865 0.062999587073149482 -0.05019164966118779 -0.050209618227187391 0.051712133764130211 0.052377786488688786 -0.050187806886291035 0.051706243737874316 0.051741750209826243 -0.053308443508228512 0.0515398932091259 0.051713337451878727 0.053959470229840205 -0.050194545190211708 0.052906764172225867 0.052437454866888403 0.052191358385250332 -0.051110717246671503 0.05206181498631321 0.052011656276980761 0.051948688903928654 -0.050729719808103695 -0.050192290907822602 0.051833794467301499
leaf_weight=66.87805683305487 0.17130204662680515 0.085570881376041963 1.926368596032259 1.1431533247232426 1.1697539638262249 1.8964384214486836 3.5966862768400452 0.67621034756302856 1.4031091262586413 0.60176223004236007 6.6884519439190626 0.21668002009391774 0.99354924750514328 49.774383438751116 7.047419495880602 0.28652925929054651 0.7190867718309164 5.8143254816532117 1.4443695098161686 2.0529627003706996 1.0462535247206686 0.77027427405118931 0.70617836154997338 0.12399838864803303 0.6279415562748899 0.96060476824641217 0.67893711477518071 0.072437511524185427 5.5391074903309345 0.67771295830607403
leaf_count=18298 5 13 39 12 311 519 983 18 373 153 209 5 269 1560 217 11 25 182 28 546 21 20 18 8 17 26 19 13 1485 20
internal_value=-0.00159691 0.0352664 0.0407697 0.0139368 0.0409738 0.0467469 -0.0481414 -0.0267797 0.00330126 0.0481157 0.0308699 -0.0463928 -0.0351832 0.0507583 0.0446462 -0.0574319 0.0570937 0.0525973 0.0517733 -0.0505805 0.0519602 0.0518359 0.0517716 -0.0502884 0.0517107 0.0517741 0.0517339 -0.0502128 -0.0501977 0.0517259
internal_weight=165.79 92.5165 86.6751 15.7899 11.4517 70.8852 73.2731 6.39509 2.79841 69.7203 9.26383 5.84136 1.16485 60.4565 8.60979 4.3383 1.3953 10.1579 51.8467 2.41193 9.01474 7.96849 7.19822 1.29375 50.4023 8.00802 7.36739 2.1254 5.62468 6.49204
internal_count=25423 5726 4223 1201 592 3022 19697 1399 416 2748 747 1503 274 2001 396 609 43 273 1605 570 261 240 220 319 1577 243 228 559 1498 202
is_linear=0
shrinkage=0.05


Tree=66
num_leaves=31
num_cat=0
split_feature=9 13 18 2 5 9 7 0 9 3 1 6 3 3 9 7 3 0 8 8 8 0 9 3 3 0 8 7 8 2
split_gain=106.169 16.4047 13.7479 7.80344 3.07081 1.46409 1.96203 3.19236 1.19732 7.13568 0.728207 0.579764 0.100865 0.0808432 0.0591547 0.733443 0.434605 0.0233507 0.0195956 0.00263211 0.0023861 0.00228273 0.00215783 0.00133763 0.00121837 0.000642584 0.000586714 0.000210827 0.000838728 0.000113558
threshold=-0.53134802822849891 1.0000000180025095e-35 1.0000000180025095e-35 2.740319461670996 8.0695940463597982 -0.71929357792026261 119.50000000000001 0.11812552495011401 -0.19294029418538369 4.6478001079635041 11.655418162737622 3.2493258900699948 7.4985928023719568 7.4662273925763296 -1.0000000180025095e-35 135.50000000000003 4.6478001079635041 0.23679151610846974 247.02307692307696 138.08536585365854 203.16666666666671 0.18981894877374797 -0.16900152081477324 7.5898413843865926 7.4874537278250921 0.37202812412846625 254.08333333333334 198.50000000000003 225.05125284738043 2.524928003624769
decision_type=2 2 2 2 2 2 2 2 2 2 2 2 2 2 2 2 2 2 2 2 2 2 2 2 2 2 2 2 2 2
left_child=5 4 10 22 11 -1 -7 18 9 -6 12 -2 13 17 15 16 -10 -3 -8 -19 -16 -14 -4 -23 -24 26 -25 28 -27 -21
right_child=1 2 3 -5 8 6 7 -9 14 -11 -12 -13 21 -15 20 -17 -18 19 -20 29 -22 23 24 25 -26 27 -28 -29 -30 -31
leaf_value=-0.050175087437271386 0.051749961864649342 -0.070400031219657974 0.054513609533797219 -0.05023576959869136 -0.050175026256260469 -0.050175262495176912 0.05154920666799831 -0.050182394571684635 -0.050221213149355737 0.051653900895055893 0.052256447136728758 -0.050177665453821144 -0.056265336806436375 -0.077182123074882203 0.051623822535335817 0.051702078207148131 0.051735318588968106 -0.05620879085474715 0.063201580410606237 -0.050287155306662439 0.053761934987911701 -0.053880647744983162 0.051745572976298886 -0.053815518348757432 0.053962122351640135 -0.052757026575456945 -0.050174032697899419 -0.050180068005745516 -0.050240144193744188 -0.052129268377277396
leaf_weight=63.493698585778475 0.16323332488536724 0.22259211586788097 0.89346662163734336 2.3345452982466677 2.0926415298599741 3.4423594970721743 0.87742496654391311 1.3320087371394036 0.29705229657702048 9.6720649730414134 0.16526313126087266 0.95995423570275307 0.18883324228227127 0.71448935358785082 47.647623866796494 5.069657925516367 0.1612639706581831 0.30652163573540747 0.61278209835290909 0.53991309530101717 1.3416144456714381 0.31270379270426918 7.5800230950117093 0.27153751929290582 0.67518430203199375 0.43166220141574729 0.18664612714201212 3.9377235032152385 1.4195055600721387 0.099002179689705372
leaf_count=18260 5 4 17 629 602 989 32 372 74 313 4 274 18 14 1565 160 5 10 16 125 28 22 238 28 11 15 54 1118 390 4
internal_value=-0.00186652 0.0347556 -0.00467274 0.0313584 0.0466181 -0.0478998 -0.0248389 0.00606473 0.0480073 0.0335411 -0.0517095 -0.0353645 -0.0537001 -0.0639341 0.0511291 0.0462261 -0.0143466 -0.0558302 0.0563407 -0.0523999 0.0516824 -0.0508454 0.0521795 -0.0506894 0.0519269 -0.0505296 -0.0523321 -0.050387 -0.050827 -0.0505726
internal_weight=157.443 87.6847 20.2796 11.4832 67.4051 69.7583 6.26458 2.82222 66.2819 11.7647 8.79639 1.12319 8.63113 1.88252 54.5172 5.52797 0.458316 1.16803 1.49021 0.945437 48.9892 6.74861 9.14867 6.55978 8.25521 6.24707 0.458184 5.78889 1.85117 0.638915
internal_count=25396 5727 2701 895 3026 19669 1409 420 2747 915 1806 279 1802 157 1832 239 79 143 48 139 1593 1645 266 1627 249 1605 82 1523 405 129
is_linear=0
shrinkage=0.05


Tree=67
num_leaves=31
num_cat=0
split_feature=9 7 13 18 0 5 9 7 0 9 3 1 3 9 7 8 8 8 9 8 3 8 0 7 5 4 7 8 2 5
split_gain=102.252 15.1328 5.34922 11.5705 4.52833 2.8127 1.27883 1.73767 2.99175 1.22686 6.71374 0.640043 0.548809 0.0701227 1.10915 0.128792 0.0696525 0.0166661 0.00936816 0.00241402 0.000943259 0.000750975 0.000135262 7.21848e-05 3.66211e-05 1.7383e-05 1.491e-05 5.50458e-06 5.38137e-06 4.87377e-06
threshold=-0.53134802822849891 199.50000000000003 8.889385476361246e-05 1.0000000180025095e-35 2.4534387858054241 8.0695940463597982 -0.71929357792026261 119.50000000000001 0.11812552495011401 -0.21171336248670511 4.6478001079635041 11.655418162737622 4.6478001079635041 -1.0000000180025095e-35 129.50000000000003 104.06666666666668 241.54798761609911 247.02307692307696 -0.19294029418538369 197.13358778625957 7.4874537278250921 265.04409317803669 1.2123139845310107 125.50000000000001 8.5518729798429955 5.5471267646873921 193.50000000000003 177.27179487179492 3.0677824455408698 6.7040352347503047
decision_type=2 2 2 2 2 2 2 2 2 2 2 2 2 2 2 2 2 2 2 2 2 2 2 2 2 2 2 2 2 2
left_child=6 2 5 16 18 12 -1 -8 17 10 -7 -3 -2 14 15 -11 -4 -9 -5 27 22 -18 23 -20 29 -12 -16 -15 -23 -6
right_child=1 11 3 4 24 9 7 8 -10 13 25 -13 -14 19 26 -17 21 -19 20 -21 -22 28 -24 -25 -26 -27 -28 -29 -30 -31
leaf_value=-0.050166516343174074 -0.050167592868479355 -0.050175931613040785 -0.063357162948569926 0.056842642105855358 -0.050167445044553574 -0.050166466284588651 -0.050166711879501669 0.051490402030898899 -0.050173830846145621 -0.050204204140333344 0.051549042053123599 0.052141565637715027 0.051661708683525057 0.051538561119894091 0.051588310811042731 0.019357130378992077 -0.053136595925345045 0.062691813500081461 0.0515608656383593 0.053723174260491474 0.053638473598980912 -0.050176434585042187 0.052397080213419725 0.052015827324068759 -0.05136179065799136 0.051826735006748552 0.051838541632782911 0.051688269988329982 -0.050616622611958234 -0.050507838575565928
leaf_weight=60.628057268215343 0.88651212723925599 5.1270145201124242 2.0321014490909848 1.0506621859967697 1.0202103671617813 2.0008841014932761 3.26557245501317 0.76293117739260219 1.2863873306196181 0.30913627240806008 7.949987040832637 0.15754076838493336 0.15553089790046215 45.060662226751461 4.8226502891629934 0.084793463116511703 0.24359110440127585 0.58799668215215206 6.2246904373168928 1.3030366003513325 0.67077760770916928 1.8846357041038571 0.61479565687477578 1.0138376969844101 0.072465846315026172 0.60654892399907101 0.67912996560335148 0.62248306721448798 0.072087251814082154 0.11724291834980238
leaf_count=18327 267 1514 39 12 308 605 986 29 377 83 273 4 5 1556 162 10 10 16 213 27 12 553 16 28 3 18 20 20 15 15
internal_value=-0.00160456 0.0348056 0.0402519 0.0133762 0.0408706 0.046511 -0.0480035 -0.0257873 0.00439964 0.0478494 0.0322875 -0.0471257 -0.034969 0.0509562 0.0458162 -0.0352311 -0.0566827 0.0563659 0.0523879 0.0516011 0.0518388 -0.0505186 0.0516851 0.0516246 -0.050272 0.0515687 0.0516192 0.0515406 -0.0501927 -0.0502025
internal_weight=151.314 84.783 79.4985 15.0171 10.7847 64.4814 66.5309 5.90289 2.63732 63.4393 10.5574 5.28456 1.04204 52.8819 5.89571 0.39393 4.23242 1.35093 9.57476 46.9862 8.5241 2.20031 7.85332 7.23853 1.20992 8.55654 5.50178 45.6831 1.95672 1.13745
internal_count=25523 5788 4270 1224 607 3046 19735 1408 422 2774 896 1518 272 1878 275 93 617 45 281 1603 269 578 257 241 326 291 182 1576 568 323
is_linear=0
shrinkage=0.05


Tree=68
num_leaves=31
num_cat=0
split_feature=9 13 3 18 5 9 8 0 9 3 3 1 6 9 4 3 0 9 9 8 8 0 8 9 0 8 8 16 8 8
split_gain=97.2597 13.1192 12.611 4.46734 2.78919 1.14838 1.31432 3.09073 1.10207 6.21619 0.772098 0.769745 0.602134 0.0485968 0.459999 0.470973 0.0164715 0.0123106 0.00844476 0.00211863 0.00197967 0.000433726 0.00044566 0.00039863 0.000111136 7.21386e-05 0.000283767 0.000175022 0.000143049 0.000170132
threshold=-0.53134802822849891 1.0000000180025095e-35 7.4874537278250921 1.0000000180025095e-35 8.105272220662707 -0.71929357792026261 206.05555555555557 0.11812552495011401 -0.19294029418538369 4.6478001079635041 7.5735311307123743 11.655418162737622 3.2493258900699948 -0.032921913680208796 5.0466405620843924 4.6478001079635041 0.23679151610846974 -0.6200513779316873 -0.19294029418538369 194.13802816901412 138.08536585365854 0.37202812412846625 254.08333333333334 0.023891963637538541 1.2123139845310107 270.04000000000002 155.03734939759039 1.0000000180025095e-35 179.4531187624751 175.0588235294118
decision_type=2 2 2 2 2 2 2 2 2 2 2 2 2 2 2 2 2 2 2 2 2 2 2 2 2 2 2 2 2 2
left_child=5 4 3 16 12 -1 -7 17 9 -6 -4 21 -2 14 15 -10 -3 -8 -5 23 -18 22 -12 -15 -20 26 -23 28 29 -28
right_child=1 2 10 18 8 6 7 -9 13 -11 11 -13 -14 19 -16 -17 20 -19 24 -21 -22 25 -24 -25 -26 -27 27 -29 -30 -31
leaf_value=-0.050158361892937056 0.051540434164925111 -0.067545496608762662 -0.0062417477635260399 0.05647782702235854 -0.050158439560141377 -0.050158571185975546 0.061250140258859033 -0.050163945787827284 -0.05018429292849419 0.051493617037848716 -0.053273736606547599 0.052032765060419463 -0.050160576916083138 0.050357984713323457 0.051520954121627549 0.051656700624217705 -0.055599414242782412 0.05132616806218554 0.051527139314149012 0.053380928279490938 -0.050494702111294865 -0.050190977093246159 -0.05015682033270933 0.051465329375507886 0.052197915994065473 -0.050158591920939223 -0.050598226094603904 -0.052307270247473697 -0.050414109955788156 -0.053183274532233121
leaf_weight=57.57243710802868 0.1738480832427729 0.2139381566084928 1.2790821611415584 1.0057129636406887 1.8419665577821422 2.8676372410263857 0.62510871700942516 1.5001415261067448 0.23795440490357478 8.1953655276447517 0.25919826049357464 0.18770357593893994 0.89380721701309085 0.82853785995393892 3.9063718188554049 0.217100840061903 0.27594855194911361 0.62488214485347293 6.5992120597511539 1.4595392644405354 0.60927831870503724 2.7204759509768341 0.20568729424849153 42.590427907183766 0.68125176429748524 3.5770284428726882 0.13591238460503496 0.24664433021098375 0.65476582013070583 0.11970881116576493
leaf_count=18293 6 5 38 12 585 910 18 465 67 292 32 5 282 30 137 7 9 25 232 33 139 812 66 1541 19 1136 30 10 168 14
internal_value=-0.00180063 0.0351409 -0.00136471 0.0396193 0.0464968 -0.0480528 -0.0264747 -0.0017789 0.0479394 0.0328393 -0.0423449 -0.048041 -0.0336004 0.0510175 0.0459788 -0.0015973 -0.055095 0.0562891 0.0521832 0.0515072 -0.052086 -0.0504129 -0.0518947 0.0514442 0.0515899 -0.0503205 -0.0504699 -0.0511258 -0.0508057 -0.0518088
internal_weight=142.307 79.1165 18.7715 9.38534 60.3449 63.1902 5.61777 2.75013 59.2773 10.0373 9.38621 8.10712 1.06766 49.2399 4.36143 0.455055 1.09917 1.24999 8.28618 44.8785 0.885227 7.91942 0.464886 43.419 7.28046 7.45454 3.87751 1.15703 0.910387 0.255621
internal_count=25418 5707 2727 416 2980 19711 1418 508 2692 877 2311 2273 288 1815 211 74 153 43 263 1604 148 2268 98 1571 251 2170 1034 222 212 44
is_linear=0
shrinkage=0.05


Tree=69
num_leaves=31
num_cat=0
split_feature=9 13 3 18 5 3 18 9 8 0 9 3 9 3 9 4 3 9 9 8 0 2 0 8 3 2 0 8 8 8
split_gain=93.3298 12.8828 12.0167 2.77253 2.51789 1.1577 2.78574 1.127 1.30235 2.87719 1.07274 6.20187 0.589471 0.495601 0.0513645 0.4834 0.509013 0.0107576 0.00595903 0.00165221 0.00158144 0.000849069 0.00043602 0.000365652 7.12344e-05 6.47782e-05 5.19217e-05 4.75768e-05 0.0001979 0.000133889
threshold=-0.53134802822849891 1.0000000180025095e-35 7.4662273925763296 1.0000000180025095e-35 8.0695940463597982 7.5735311307123743 1.0000000180025095e-35 -0.71929357792026261 206.05555555555557 0.11812552495011401 -0.19294029418538369 4.6478001079635041 4.1796846060151642 4.6478001079635041 -1.0000000180025095e-35 5.0466405620843924 4.6478001079635041 -0.6200513779316873 -0.19294029418538369 194.13802816901412 0.18981894877374797 2.8029010331479989 0.37202812412846625 254.08333333333334 7.6029003377032449 2.6735537653587347 1.199365564352278 270.04000000000002 155.03734939759039 179.4531187624751
decision_type=2 2 2 2 2 2 2 2 2 2 2 2 2 2 2 2 2 2 2 2 2 2 2 2 2 2 2 2 2 2
left_child=7 4 3 21 13 6 -4 -1 -9 17 11 -6 20 -2 15 16 -12 -10 -5 -16 -7 25 23 -22 -24 -3 -20 28 -26 -30
right_child=1 2 5 18 10 12 -8 8 9 -11 14 -13 -14 -15 19 -17 -18 -19 26 -21 22 -23 24 -25 27 -27 -28 -29 29 -31
leaf_value=-0.050150630055615812 -0.050153725680565912 -0.050264023251417204 -0.068041718857577232 0.056435084825446458 -0.050150684084358133 -0.055354360132244831 0.052852055694700244 -0.050150806435088395 0.060726114471705311 -0.050155705276930806 -0.05019576027916927 0.051416849619413035 0.051929697334431126 0.051498777498821313 0.051391851255768999 0.051449712466336894 0.051584703257588842 0.051259868278809864 0.051438039672985575 0.053247416834767407 -0.05325926045711097 -0.05528507931611109 -0.051969305752716938 -0.0501498237960483 -0.050176863859935764 -0.051713737417609797 0.051900829579331426 -0.050150898356801678 -0.051884553163252356 -0.050632315391523845
leaf_weight=54.868663198314607 0.79600874008610745 0.51590338838286864 0.91535702999681035 0.66875185444951046 1.8362121013924468 0.16416550683788944 0.99391534179449081 2.7010909870732567 0.60541089251637459 1.3610542246606199 0.25393103435635467 8.2818430233746749 0.14311566948890675 0.14116932079195976 41.887438671663404 4.1703768391162157 0.23794828541576862 0.59516914002597354 6.0082618929445744 1.2350182440131892 0.23572463821619738 0.10839070798829198 0.063466843450441845 0.15786363068036735 2.5595845903735612 0.090585446218028665 0.6740619558840989 3.3469272654037923 0.30080984835512914 0.73507869336754084
leaf_count=18324 263 135 36 8 613 18 22 901 18 444 73 310 4 5 1591 153 8 25 223 29 28 3 6 53 808 5 22 1117 47 166
internal_value=-0.00141712 0.0352121 -0.0022122 0.0427935 0.0464585 -0.0399632 -0.0051077 -0.0480307 -0.0259284 -0.000387289 0.0477743 0.0329845 -0.0485983 -0.0348416 0.050906 0.0459205 -0.000959117 0.0560334 0.0519351 0.051445 -0.0505005 -0.051209 -0.0503928 -0.0520121 -0.0503018 -0.0504806 0.0514847 -0.0502866 -0.0504129 -0.050996
internal_weight=136.653 76.5219 17.682 8.06596 58.8399 9.61601 1.90927 60.1314 5.26273 2.56163 57.9028 10.1181 7.70674 0.937178 47.7847 4.66226 0.491879 1.20058 7.35108 43.1225 7.56362 0.71488 7.39946 0.393588 7.00587 0.606489 6.68232 6.9424 3.59547 1.03589
internal_count=25458 5746 2701 396 3045 2305 58 19712 1388 487 2777 923 2247 268 1854 234 81 43 253 1620 2243 143 2225 81 2144 140 245 2138 1021 213
is_linear=0
shrinkage=0.05


Tree=70
num_leaves=31
num_cat=0
split_feature=9 7 11 7 16 2 9 7 0 1 4 8 7 8 9 0 8 8 1 0 8 5 8 7 9 4 4 8 11 8
split_gain=89.0517 12.7525 4.14516 9.38514 9.09614 4.20563 0.847674 1.16237 2.08779 0.682473 0.217584 0.039952 0.00179878 0.00160881 0.00112056 0.000757088 0.00052111 0.00047225 0.000378683 2.89461e-05 2.05364e-05 2.02729e-05 1.21374e-05 8.99949e-06 7.99343e-06 7.71499e-06 6.48196e-06 5.29723e-06 2.48738e-06 2.14119e-06
threshold=-0.53134802822849891 199.50000000000003 0.26666666666666672 94.500000000000014 1.0000000180025095e-35 2.740319461670996 -0.70688395170678076 119.50000000000001 0.11812552495011401 11.655418162737622 7.5019101675073623 247.02307692307696 97.500000000000014 194.13802816901412 0.5397819860804921 1.9603048091329318 94.083333333333357 262.0263157894737 2.740319461670996 1.199365564352278 300.12765957446817 7.1786177974660612 120.00996677740865 191.50000000000003 0.23487976962819526 5.3729582179059152 7.2902926497970748 239.12500000000003 0.051315789473684217 251.04347826086959
decision_type=2 2 2 2 2 2 2 2 2 2 2 2 2 2 2 2 2 2 2 2 2 2 2 2 2 2 2 2 2 2
left_child=6 2 3 14 5 10 -1 -8 27 -3 12 -6 -5 22 -2 -7 -14 -13 19 23 -19 -17 -4 24 26 -25 28 -9 29 -18
right_child=1 9 13 4 11 15 7 8 -10 -11 -12 17 16 -15 -16 21 18 20 -20 -21 -22 -23 -24 25 -26 -27 -28 -29 -30 -31
leaf_value=-0.050143367289224375 -0.050147751080530462 -0.050152873247002162 0.051317684392778645 0.053597853960655063 -0.063797758573364588 -0.053265932872449843 -0.05014322330827245 0.051331670760307535 -0.050144500374068535 0.051832044296441684 0.022039317409733625 -0.052936879897644555 0.049997612214305071 0.053153558188282317 -0.054706004915080812 -0.050161769416940942 0.051334191489288805 -0.050880930347689694 0.052462707467554208 0.051743900683405633 -0.050148408641587587 -0.050860943423294849 0.051570074911413577 0.051378299360328554 0.051524315518707821 0.051590832387308119 0.051479358705791012 0.051099667773158934 0.051424928484669896 0.051421039880747747
leaf_weight=52.510130406357348 3.3652614492457391 4.3419306119903913 36.575513448566198 0.95372244901956449 0.90268840827047769 0.29104423662647494 2.5633278989698729 0.41840996220707916 1.0173157379031179 0.1704823039472102 0.64613077230751415 0.17924089822918166 0.6621935074217643 1.2376080267131317 0.1404544839169829 0.64870640728622675 14.255252668634068 0.103665574453771 0.83945162035524745 0.52723352424800296 1.2421240245457736 0.12339964229613543 0.48262783698737521 0.91321264952421077 0.6911128256469955 0.80197933316230774 0.92660406976938325 0.59722304251044989 0.88170700520277101 0.74687778763473112
leaf_count=18423 1161 1487 1462 23 9 12 900 18 355 5 13 6 26 30 15 218 564 16 24 18 426 9 17 35 25 27 34 29 33 28
internal_value=-0.00162113 0.0351029 0.0404938 0.0265234 0.0367537 0.0461173 -0.0483411 -0.0277509 0.000483432 -0.0462998 0.0506411 -0.0554607 0.0514736 0.0513802 -0.0503304 -0.0510927 0.0513782 -0.0505259 0.0514226 0.0513784 -0.0502048 -0.0502735 0.051321 0.0513684 0.0513577 0.0514777 0.0513508 0.0511952 0.0513433 0.0513385
internal_weight=129.757 72.6502 68.1378 29.8421 26.3363 23.9086 57.1064 4.59628 2.03295 4.51241 22.8455 2.42772 22.1993 38.2957 3.50572 1.06315 21.2456 1.52503 20.5834 19.744 1.34579 0.772106 37.0581 19.2167 17.5016 1.71519 16.8104 1.01563 15.8838 15.0021
internal_count=25448 5723 4231 2722 1546 1089 19725 1302 402 1492 850 457 837 1509 1176 239 814 448 788 764 442 227 1479 746 684 62 659 47 625 592
is_linear=0
shrinkage=0.05


Tree=71
num_leaves=31
num_cat=0
split_feature=9 13 18 2 5 9 8 1 9 3 1 6 9 3 3 3 8 9 9 2 8 4 6 3 8 8 1 16 9 9
split_gain=83.4171 11.8236 11.4391 6.18595 2.2863 1.2208 1.32819 2.76788 0.973147 4.71643 0.561466 0.371658 0.111937 1.7358 0.059944 0.0426039 0.013259 0.00942011 0.00505526 0.00151019 0.00123628 0.00102285 0.00139219 0.000550578 0.000111919 0.000303617 0.000424696 0.000117756 8.79623e-05 3.21051e-05
threshold=-0.53134802822849891 1.0000000180025095e-35 1.0000000180025095e-35 2.740319461670996 8.0695940463597982 -0.71929357792026261 206.05555555555557 1.4978661367769956 -0.26634925049910491 4.6478001079635041 11.655418162737622 3.2493258900699948 -1.0000000180025095e-35 4.6478001079635041 7.4985928023719568 7.4662273925763296 247.02307692307696 0.5397819860804921 -0.21171336248670511 2.6735537653587347 194.13802816901412 7.5019101675073623 3.5805906715287965 7.4874537278250921 262.0263157894737 155.03734939759039 3.8393944990995772 1.0000000180025095e-35 -0.15093364397138662 -0.16900152081477324
decision_type=2 2 2 2 2 2 2 2 2 2 2 2 2 2 2 2 2 2 2 2 2 2 2 2 2 2 2 2 2 2
left_child=5 4 10 18 11 -1 -7 16 9 -6 14 -2 13 -10 15 17 -8 19 -4 -3 -14 22 -16 28 25 29 27 -27 -20 -23
right_child=1 2 3 -5 8 6 7 -9 12 -11 -12 -13 20 -15 21 -17 -18 -19 23 -21 -22 24 -24 -25 -26 26 -28 -29 -30 -31
leaf_value=-0.05013625262269833 0.051365103185154914 -0.050241891802467811 0.056155689027255144 -0.050182720998174835 -0.050136211967166222 -0.050136413081502997 0.051189045585779483 -0.050140617312357028 -0.050157397894334599 0.051277641807941088 0.0517395068162049 -0.050137133859039618 0.051255045671313976 0.051305415699552187 -0.050329439891671782 -0.071496404849351824 0.061735116710226995 -0.064337174828586419 0.052039469674292307 -0.055012055824973566 0.052936558506146481 -0.051414130429746678 -0.055554698009546266 0.053045149150893325 -0.05013734932266023 -0.050390633505743992 -0.053479924042693944 -0.051998001768503735 0.051376092628843011 -0.05014873640482246
leaf_weight=49.500766241690144 0.10342534445226093 0.43966547143645651 0.65073827281594265 1.8232953220140187 1.4468581406399597 2.4419599659740916 0.68229835666716121 1.2556644938886163 0.45325284753925998 5.5218629501760006 0.12996040284633625 0.70443736296147108 37.765854081138968 6.0224191732704639 0.27812835946679104 0.65449506882578135 0.52919331844896078 0.19988411711528897 0.543659497052431 0.26649317936971784 1.125668579712509 0.051976375747472381 0.23533563478849828 0.57234608940780152 2.4221022592391819 0.47864855173975218 0.18839205242693424 0.14954315032809973 6.1810714676976204 1.4079527468420563
leaf_count=18265 4 127 8 631 534 900 32 453 155 228 4 259 1582 244 82 16 17 7 18 7 29 3 14 12 890 138 6 7 245 502
internal_value=-0.00136549 0.0348043 -0.00193021 0.0328781 0.0463296 -0.0477777 -0.0239951 0.00187918 0.0476181 0.0302219 -0.051204 -0.0371425 0.0502903 0.0442037 -0.0531794 -0.0617761 0.0557957 -0.0547545 0.051933 -0.0520421 0.0513037 -0.0506055 -0.0527243 0.0515564 -0.0503739 -0.0506256 -0.0513977 -0.0507733 0.0514297 -0.0501938
internal_weight=124.227 69.8175 16.6737 9.77111 53.1438 54.4099 4.90912 2.46716 52.3359 6.96872 6.90258 0.807863 45.3672 6.47567 6.77262 1.56054 1.21149 0.906043 7.94782 0.706159 38.8915 5.21208 0.513464 7.29708 4.69862 2.27651 0.816584 0.628192 6.72473 1.45993
internal_count=25419 5752 2717 914 3035 19667 1402 502 2772 762 1803 263 2010 399 1799 157 49 141 283 134 1611 1642 96 275 1546 656 151 145 263 505
is_linear=0
shrinkage=0.05


Tree=72
num_leaves=31
num_cat=0
split_feature=9 7 13 18 13 5 9 7 0 9 3 1 6 9 3 1 9 8 8 9 8 8 3 0 8 13 7 7 8 5
split_gain=79.0953 11.4793 4.09265 9.03569 3.39728 2.26385 1.0206 1.34808 2.34397 0.99464 4.00497 0.617389 0.27473 0.154099 2.17964 0.0393184 0.0353134 0.0134051 0.00486132 0.00470833 0.000940782 0.000926294 0.000583041 0.00010404 7.01753e-05 2.94747e-05 2.28323e-05 1.37198e-05 1.1209e-05 6.1981e-06
threshold=-0.53134802822849891 199.50000000000003 8.889385476361246e-05 1.0000000180025095e-35 0.067816091954023008 8.0695940463597982 -0.71929357792026261 119.50000000000001 0.11812552495011401 -0.3014177459159994 4.6478001079635041 11.655418162737622 3.2493258900699948 -1.0000000180025095e-35 4.6478001079635041 2.524928003624769 -1.0000000180025095e-35 247.02307692307696 249.16666666666671 -0.21171336248670511 194.13802816901412 141.03601694915258 7.4874537278250921 1.1744478143752708 270.04000000000002 0.12916666666666668 125.50000000000001 191.50000000000003 179.4531187624751 7.1073222531345861
decision_type=2 2 2 2 2 2 2 2 2 2 2 2 2 2 2 2 2 2 2 2 2 2 2 2 2 2 2 2 2 2
left_child=6 2 5 15 29 12 -1 -8 17 10 -7 -3 -2 14 -11 16 21 -9 -17 -6 28 -4 23 26 -20 -23 -21 -16 -15 -5
right_child=1 11 3 4 19 9 7 8 -10 13 -12 -13 -14 20 27 18 -18 -19 24 22 -22 25 -24 -25 -26 -27 -28 -29 -30 -31
leaf_value=-0.050129587987101668 0.051300548838102124 -0.050137763354253073 -0.055203565774610913 -0.050135557440937728 0.055923786282303004 -0.050129552113414501 -0.05012973547614008 0.051143365358317844 -0.050135142534875804 -0.050145374826430979 0.051198410857295401 0.051651790691689375 -0.050131582889349047 0.051190096028089799 0.051215010064021793 -0.055075808570926137 -0.071012464696253302 0.062470935229526126 -0.05134318221177147 0.051227985041562951 0.0526889282825177 -0.051377049388845519 0.053009503944768971 0.05183597300067655 -0.050132540965951877 -0.050248078825445422 0.051538699009917567 0.05141485536043619 0.051441329910088401 -0.050613188928870102
leaf_weight=47.280356546398252 0.07407606951892276 3.9648320302367202 0.22560252482071519 0.83967656013555814 0.65469694882631291 1.2785127738024957 2.5089064005296668 0.61488509923219703 1.0150640744250266 0.57512368750757659 4.1100904084742069 0.15478349290788163 0.67561101331375539 35.171165704727187 5.7568279150873423 0.80852255364879999 0.64567629038356 0.45402974914759398 0.13157422305084754 4.7589155752211809 1.0833637472242106 0.10031063109636307 0.57768989354372013 0.94125322625040997 1.326331597054377 0.13645950658246875 0.67512184008955944 1.0094042420387266 0.44964145310223003 0.073900269344449043
leaf_count=18338 3 1503 4 321 8 496 972 30 382 210 180 5 260 1549 249 27 11 14 8 205 30 9 12 34 507 41 24 38 17 7
internal_value=-0.0017135 0.0345122 0.0398758 0.0135074 0.0409298 0.0461262 -0.0479437 -0.0254416 0.00428055 0.047434 0.0271571 -0.0463133 -0.0401091 0.0499147 0.0433019 -0.05574 -0.0634589 0.0559548 -0.0519663 0.0518702 0.0512374 -0.0529109 0.0514885 0.0513507 -0.0502418 -0.0507264 0.0512666 0.0512448 0.0511933 -0.0501742
internal_weight=118.072 66.1992 62.0795 11.8957 8.52125 50.1838 51.8732 4.59289 2.08398 49.4341 5.3886 4.11962 0.749687 44.0455 7.34136 3.37448 1.10805 1.06891 2.26643 7.60768 36.7042 0.462373 6.95298 6.37529 1.45791 0.23677 5.43404 6.76623 35.6208 0.913577
internal_count=25494 5758 4250 1218 611 3032 19736 1398 426 2769 676 1508 263 2093 497 607 65 44 542 283 1596 54 275 263 515 50 229 287 1566 328
is_linear=0
shrinkage=0.05


Tree=73
num_leaves=31
num_cat=0
split_feature=9 7 13 18 0 5 9 7 0 9 3 3 1 9 3 1 9 4 9 3 2 7 3 9 3 0 2 4 2 0
split_gain=74.8384 10.9831 3.57067 8.30776 3.23123 2.038 1.06671 1.39595 2.23394 0.886737 4.16014 0.660093 0.473172 0.0989441 1.55082 0.0357295 0.0269852 0.00990065 0.00389544 0.00182939 0.00345816 0.000784577 0.000652029 0.000474049 0.000397028 0.00025192 0.000258084 0.00020688 0.000704409 9.28795e-05
threshold=-0.53134802822849891 199.50000000000003 8.889385476361246e-05 1.0000000180025095e-35 2.651749483146487 8.105272220662707 -0.71929357792026261 119.50000000000001 0.18981894877374797 -0.26634925049910491 4.6478001079635041 4.6478001079635041 11.655418162737622 -1.0000000180025095e-35 4.6478001079635041 2.524928003624769 -1.0000000180025095e-35 5.5114085413964808 -0.21171336248670511 7.5735311307123743 2.3502401828962087 192.50000000000003 7.5598199805147646 -0.21171336248670511 7.4874537278250921 0.37202812412846625 2.4414009612931857 10.061836522390848 5.4659459730803723 1.1744478143752708
decision_type=2 2 2 2 2 2 2 2 2 2 2 2 2 2 2 2 2 2 2 2 2 2 2 2 2 2 2 2 2 2
left_child=6 2 5 15 18 11 -1 -8 17 10 -7 -2 -3 14 -11 16 23 -9 -5 20 22 25 -17 -4 29 26 -21 -15 -29 -20
right_child=1 12 3 4 -6 9 7 8 -10 13 -12 -13 -14 27 -16 19 -18 -19 24 21 -22 -23 -24 -25 -26 -27 -28 28 -30 -31
leaf_value=-0.050123253765351095 -0.050125591574487219 -0.050130671237509451 -0.050910471954779282 0.055399435954091539 -0.050196019611688902 -0.050123218268699546 -0.050123379638692837 0.051090018739977074 -0.050127760098967869 -0.050142915273343247 0.051149241973629571 0.051208536811488084 0.051568639066557724 0.051133888542784806 0.051176997190652912 -0.050159936186577825 -0.069726922801371535 0.060719632609995647 0.051207986818054399 -0.050121850024030391 -0.060885097387995316 -0.053786922570820364 -0.055110421655532177 -0.054690314865548754 0.05272852770409342 -0.050337319954368187 -0.053412072727013399 0.052893958028961713 0.051160008568145322 0.051763819945396299
leaf_weight=44.897450333926827 0.7184977566357692 3.7481994975823905 0.21442286320962012 0.67010536417365063 0.86928037018515159 1.2874303988646634 2.3989034364931276 0.58742721099406503 0.93662687414325763 0.40586898592299903 4.7757840417325497 0.20700809173285961 0.11797282099723805 31.078803863376393 5.4354857727885246 0.21823975024744902 0.62317554722539847 0.48922200128436089 5.2555624470114708 0.099417041055858024 0.15061474987305701 0.23266139556653787 0.09567214990966022 0.13528512348420918 0.51837137341499318 1.1451326929964123 0.14881561766378582 0.75304742902517263 2.6360590495169163 0.87698589451611031
leaf_count=18304 290 1495 39 9 317 525 977 30 372 153 218 9 4 1435 243 77 10 17 232 41 2 16 3 13 12 393 9 20 120 33
internal_value=-0.00177729 0.0345944 0.0399839 0.0146706 0.0409441 0.0460067 -0.0478179 -0.0243587 0.00634093 0.047473 0.0296456 -0.0274602 -0.0470274 0.0501545 0.0441371 -0.0555734 -0.0634889 0.0554656 0.0517659 -0.0518897 -0.054657 -0.0510991 -0.0516687 -0.0523727 0.0513998 -0.0506503 -0.0520943 0.0511743 0.0515453 0.0512875
internal_weight=111.728 62.4179 58.5517 11.2537 8.19031 47.298 49.3096 4.41218 2.01328 46.3725 6.06321 0.925506 3.86617 40.3093 5.84135 3.06344 0.972884 1.07665 7.32103 2.09055 0.464527 1.62603 0.313912 0.349708 6.65092 1.39337 0.248233 34.4679 3.38911 6.13255
internal_count=25418 5718 4219 1206 603 3013 19700 1396 419 2714 743 299 1499 1971 396 603 62 47 286 541 82 459 80 52 277 443 50 1575 140 265
is_linear=0
shrinkage=0.05


Tree=74
num_leaves=31
num_cat=0
split_feature=9 7 13 18 0 5 9 7 0 9 3 1 6 9 7 1 5 9 8 8 9 8 3 7 0 8 7 5 8 4
split_gain=71.9683 10.4675 3.7178 8.03628 3.12195 1.97467 1.00717 1.32537 2.11418 0.787471 4.53258 0.55845 0.385936 0.0584391 0.896343 0.0297998 0.0297303 0.0231325 0.0100677 0.00345666 0.00343655 0.000870453 0.000400013 0.000375473 7.49121e-05 5.21341e-05 2.18256e-05 1.3683e-05 6.50891e-06 6.20487e-06
threshold=-0.53134802822849891 199.50000000000003 8.889385476361246e-05 1.0000000180025095e-35 2.4534387858054241 8.0695940463597982 -0.71929357792026261 119.50000000000001 0.11812552495011401 -0.21171336248670511 4.6478001079635041 11.655418162737622 3.2493258900699948 -1.0000000180025095e-35 127.50000000000001 2.524928003624769 9.8685629280524392 -1.0000000180025095e-35 247.02307692307696 249.16666666666671 -0.21171336248670511 194.13802816901412 7.4874537278250921 145.50000000000003 1.1744478143752708 270.04000000000002 125.50000000000001 8.5518729798429955 179.4531187624751 5.5471267646873921
decision_type=2 2 2 2 2 2 2 2 2 2 2 2 2 2 2 2 2 2 2 2 2 2 2 2 2 2 2 2 2 2
left_child=6 2 5 15 20 12 -1 -8 18 10 -7 -3 -2 14 16 17 -11 23 -9 -17 -5 28 24 -4 26 -21 -22 -6 -15 -12
right_child=1 11 3 4 27 9 7 8 -10 13 29 -13 -14 21 -16 19 -18 -19 -20 25 22 -23 -24 -25 -26 -27 -28 -29 -30 -31
leaf_value=-0.050117224670991237 0.051159458208072828 -0.050125387854654174 -0.050685305991695434 0.055311647195358943 -0.050146652347616387 -0.050117188344208641 -0.050117345055117092 0.051023277096657854 -0.05012185323770231 -0.050147884402817644 0.051081018697291813 0.051489798425367952 -0.050118605437458622 0.051074335313742551 0.051129044783075485 -0.054522374774435792 -0.008672925657466168 -0.068370565710189138 0.061063706378585186 -0.051214930103235523 0.051106856005634166 0.052535895376342602 0.052599554217354329 -0.053918729585234373 0.051650854360705746 -0.050120285001524822 0.051413240148995898 -0.050975019704288554 0.051277229130156601 0.051277401137919058
leaf_weight=42.632659719325602 0.1106613352894773 3.6015335143310945 0.14045267715118825 0.60029872879385937 0.79005436203442503 1.3530242326669313 2.2914193274918935 0.59129799623042323 0.8895897683687507 0.2230149817187258 5.6296068169176579 0.14048338867723931 0.62717489013448358 32.429940214380636 3.780814940109849 0.71678424486890469 0.053591550095006824 0.6062670703977332 0.43213113583624363 0.11945496150292445 4.1859289202839136 1.0550174601376046 0.58419806510210026 0.24887168849818408 0.87954839691519726 1.2162118584383277 0.67499587312340725 0.05320853553712368 0.40016272664070029 0.43317302502691735
leaf_count=18270 5 1506 34 8 315 580 981 32 371 84 272 5 267 1575 176 27 13 11 15 8 199 31 14 17 35 513 26 3 17 18
internal_value=-0.00125717 0.0346943 0.0400204 0.0136387 0.0406352 0.0462108 -0.0478147 -0.0244671 0.00625692 0.0475307 0.0326287 -0.0463105 -0.0349288 0.0504432 0.0447725 -0.0551646 -0.0421123 -0.062263 0.0552627 -0.0517214 0.0516962 0.0511222 0.0513531 -0.0527522 0.0512262 -0.0502182 0.0511494 -0.0501989 0.0510768 0.051095
internal_weight=107.492 60.6545 56.9125 10.8163 7.76823 46.0962 46.8371 4.20444 1.91302 45.3583 7.4158 3.74202 0.737836 37.9425 4.05742 3.04804 0.276607 0.995591 1.02343 2.05245 6.92497 33.8851 6.32467 0.389324 5.74047 1.33567 4.86092 0.843263 32.8301 6.06278
internal_count=25428 5759 4248 1210 600 3038 19669 1399 418 2766 870 1511 272 1896 273 610 97 62 47 548 282 1623 274 51 260 521 225 318 1592 290
is_linear=0
shrinkage=0.05


Tree=75
num_leaves=31
num_cat=0
split_feature=8 11 7 13 7 1 8 6 8 0 7 11 8 7 6 16 3 8 3 1 8 7 7 7 3 8 11 4 8 6
split_gain=52.2435 16.4077 20.5729 6.85753 3.80152 1.74324 1.32651 0.0521175 0.0234719 0.0158551 0.00972073 0.00110725 0.000755143 0.000715283 0.000453245 0.000140634 0.000102548 9.60061e-05 9.52087e-05 0.000100223 7.39558e-05 2.39624e-05 1.83753e-05 1.24467e-05 7.49419e-06 6.68032e-06 3.85968e-05 3.57842e-06 2.42218e-06 5.85163e-06
threshold=259.0384615384616 0.033908045977011504 119.50000000000001 5.0199571647247921e-05 129.50000000000003 9.9394336746564438 206.05555555555557 5.1296048121059643 141.03601694915258 0.33298163721152291 122.50000000000001 0.039230769230769243 130.56542225444005 173.50000000000003 2.3541757980523781 1.0000000180025095e-35 7.4662273925763296 117.25000000000001 9.259987307338216 3.8393944990995772 135.64166666666668 165.50000000000003 205.50000000000003 125.50000000000001 5.2548844000372066 265.04409317803669 0.046536796536796543 5.4183177007383536 172.25000000000003 4.5297370464666615
decision_type=2 2 2 2 2 2 2 2 2 2 2 2 2 2 2 2 2 2 2 2 2 2 2 2 2 2 2 2 2 2
left_child=1 2 15 7 6 25 8 10 11 -6 -4 12 16 -11 -13 -1 17 -3 19 21 23 -5 -15 -16 -12 26 -2 -26 -20 -30
right_child=5 4 3 18 9 -7 -8 -9 -10 13 24 14 -14 22 20 -17 -18 -19 28 -21 -22 -23 -24 -25 27 -27 -28 -29 29 -31
leaf_value=-0.050113134704350727 -0.050111701334715056 0.051015763371402713 0.057433133702105038 -0.051042818933061486 -0.067933974387930349 0.051240961778170752 -0.017742806715064185 0.033582236002771833 0.040491536491145869 -0.053606569378084827 0.051026733947658102 0.04946870749486254 0.053632899815747953 -0.050987192458677777 0.051021728818332723 -0.05172220654662172 0.052123636291013908 0.051930843169864287 -0.05011677287694899 -0.052267585559645363 0.051685265363186544 -0.050198819763940708 -0.050171967002776409 0.051299208879823546 0.051076767721225075 -0.050112227918669261 -0.051342617662170333 0.051231957084522162 -0.050144476259735921 -0.050753329425158561
leaf_weight=12.64896088000387 0.42455003713257511 0.79693775437772207 0.62799001578241309 0.14317546389065583 0.1942998617887487 0.42920005694031615 0.71729593258350988 0.42607652163133103 0.53035897226072748 0.29909158358350396 9.8489524759352172 0.46913264691829581 0.61038378393277515 0.089668077183887362 31.361428361386064 0.13726704055443484 0.6401830743998288 0.44762320164591074 1.2742329526226965 0.11195159237831831 0.43024677038192649 0.2038147677667439 0.30167020903900266 0.4094161968678226 0.8244864139705903 36.125993415014818 0.074923554784618318 0.67602706328034401 0.15303338482044626 0.053175724809989333
leaf_count=5670 191 41 23 21 1 20 34 34 28 26 502 24 15 13 1599 24 19 16 571 11 17 76 112 17 40 16241 9 29 64 9
internal_value=-0.00163603 0.025571 -0.00401489 0.0370955 0.0470907 -0.0489407 0.0495789 0.0507664 0.0509317 -0.0553165 0.0513777 0.0510892 0.0521044 -0.0517657 0.0510116 -0.0501304 0.0516094 0.0513449 -0.0503376 -0.0509668 0.0510341 -0.0505471 -0.0503588 0.0510253 0.0510426 -0.0501147 -0.0502963 0.0511467 -0.0501425 -0.0503015
internal_weight=101.482 64.4269 27.1291 14.3429 37.2977 37.0547 36.413 12.4035 35.6957 0.88473 11.9775 35.1654 2.49513 0.69043 32.6702 12.7862 1.88474 1.24456 1.93938 0.458942 32.2011 0.34699 0.391338 31.7708 11.3495 36.6255 0.499474 1.50051 1.48044 0.206209
internal_count=25497 9036 7074 1380 1962 16461 1810 628 1776 152 594 1748 91 151 1657 5694 76 57 752 108 1633 97 125 1616 571 16441 200 69 644 73
is_linear=0
shrinkage=0.05


Tree=76
num_leaves=31
num_cat=0
split_feature=9 7 11 7 16 2 9 7 0 1 9 4 0 9 7 2 9 4 0 0 4 11 3 2 5 5 1 3 4 7
split_gain=64.9436 9.673 3.22361 6.73401 6.40418 2.9285 0.992706 1.25793 1.93865 0.414229 0.342576 0.19019 0.013745 0.00808789 0.00154427 0.00225759 0.00051277 0.000476642 0.000326382 0.000213298 0.000188001 0.000596336 9.34903e-05 6.90613e-05 4.3516e-05 9.36789e-06 7.66706e-06 1.38769e-05 4.52892e-06 4.64881e-06
threshold=-0.53134802822849891 199.50000000000003 0.26666666666666672 94.500000000000014 1.0000000180025095e-35 2.740319461670996 -0.71929357792026261 119.50000000000001 0.11812552495011401 11.655418162737622 0.32400281177755735 7.5019101675073623 0.23679151610846974 -0.64496489641977461 105.50000000000001 2.3502401828962087 0.5397819860804921 7.3808759299945494 1.9603048091329318 0.39807142246227761 10.061836522390848 0.997102658158731 7.4662273925763296 3.2384861814448418 6.9335082737100722 7.6806174235043256 2.602003343538398 7.4874537278250921 7.2902926497970748 193.50000000000003
decision_type=2 2 2 2 2 2 2 2 2 2 2 2 2 2 2 2 2 2 2 2 2 2 2 2 2 2 2 2 2 2
left_child=6 2 3 16 5 10 -1 -8 13 -3 11 17 -6 -9 15 -14 -2 22 -7 -16 -4 -22 24 26 -5 -20 27 -21 29 -26
right_child=1 9 20 4 12 18 7 8 -10 -11 -12 -13 14 -15 19 -17 -18 -19 25 23 21 -23 -24 -25 28 -27 -28 -29 -30 -31
leaf_value=-0.050106059925833883 -0.050109804751142677 -0.05011372499362976 0.050972291168333107 0.050511001665759094 -0.061467015453971097 -0.052536357540043578 -0.050106163763775573 0.060173217439794938 -0.050110371145981138 0.051368296004761727 0.014293783834182536 0.020238261527302931 -0.050198440316873663 0.050906413755525882 -0.052329246005611667 -0.059249034745526001 -0.053645976354076891 0.052393212376801661 -0.050133100794100105 -0.050163020610744007 0.050974235186259056 0.052568919831175093 0.051765023235384157 -0.051477691628977175 0.050988512836293493 -0.050775490320829966 -0.050112176881506321 -0.051132931464534986 0.051144969096058902 0.051105762564366775
leaf_weight=38.77742913342081 2.4708006052533196 3.3051091232337053 25.825183421373371 0.46689825574868749 0.47006105957552691 0.20419594785198469 2.0549894049763675 0.39632237795740366 0.8057792114559561 0.10371001064777363 0.69514305517077346 0.51635877997614343 0.13366134255193163 0.58010569866746642 0.1632328287232665 0.14221056131646037 0.10695462999865402 0.64471483603119928 0.5038113696500659 0.10693212843034416 2.2647585701197381 0.79100452363491047 0.39538127742707807 0.12075365637429059 13.339257530868048 0.063957019243389368 0.61720583378337324 0.056291569489985704 0.52874415367841798 0.90259481966495592
leaf_count=18360 1149 1524 1382 23 23 10 972 15 371 4 20 13 51 35 24 4 14 21 221 42 121 24 13 10 704 5 286 11 26 43
internal_value=-0.00138452 0.0345454 0.0399415 0.0258197 0.0355901 0.0444828 -0.0477055 -0.0234459 0.007295 -0.0470262 0.0486895 0.0501132 -0.0541103 0.0546677 -0.0515302 -0.054864 -0.0502565 0.0510609 -0.050822 -0.0506662 0.0510162 0.051387 0.051006 -0.0503649 0.0509863 -0.0502055 -0.0501928 -0.0504975 0.0510013 0.0509959
internal_weight=97.5536 54.9389 51.5301 22.6492 20.0714 18.2611 42.6146 3.8372 1.78221 3.40882 17.4891 16.7939 1.81035 0.976428 1.34029 0.275872 2.57776 16.2776 0.771964 1.06442 28.8809 3.05576 15.6329 0.901183 15.2375 0.567768 0.78043 0.163224 14.7706 14.2419
internal_count=25521 5768 4240 2713 1550 1099 19753 1393 421 1528 863 843 451 50 428 55 1163 830 236 373 1527 145 809 349 796 226 339 53 773 747
is_linear=0
shrinkage=0.05


Tree=77
num_leaves=31
num_cat=0
split_feature=9 7 13 18 0 5 9 7 0 9 3 1 6 9 3 8 0 8 8 9 8 3 0 8 7 5 7 8 8 3
split_gain=61.1488 8.94879 3.35251 6.94069 2.68563 1.67877 0.857552 1.10337 1.8144 0.753739 3.52205 0.393731 0.331736 0.0879445 1.30928 0.0222214 0.0122927 0.00609786 0.00255749 0.00162825 0.000567641 0.000289841 3.30836e-05 3.30303e-05 1.46295e-05 8.74112e-06 3.83237e-06 3.67737e-06 2.47256e-06 1.98051e-06
threshold=-0.53134802822849891 199.50000000000003 8.889385476361246e-05 1.0000000180025095e-35 2.4534387858054241 8.0695940463597982 -0.71929357792026261 119.50000000000001 0.11812552495011401 -0.26634925049910491 4.6478001079635041 11.655418162737622 3.2493258900699948 -1.0000000180025095e-35 4.6478001079635041 99.083333333333357 0.23679151610846974 247.02307692307696 249.16666666666671 -0.19294029418538369 197.13358778625957 7.4874537278250921 1.2123139845310107 270.04000000000002 125.50000000000001 8.5518729798429955 193.50000000000003 177.27179487179492 254.08333333333334 7.4021465497810377
decision_type=2 2 2 2 2 2 2 2 2 2 2 2 2 2 2 2 2 2 2 2 2 2 2 2 2 2 2 2 2 2
left_child=6 2 5 15 19 12 -1 -8 17 10 -7 -3 -2 14 -11 -4 -17 -9 -18 -5 27 22 24 -20 29 -6 -16 -15 -12 -21
right_child=1 11 3 4 25 9 7 8 -10 13 28 -13 -14 20 26 16 18 -19 23 21 -22 -23 -24 -25 -26 -27 -28 -29 -30 -31
leaf_value=-0.050100876386157595 0.050994797929291985 -0.050108097824637224 -0.069510103138987381 0.053902579631834438 -0.050124975182360476 -0.050100834912436804 -0.050100963375004394 0.050879890819117028 -0.050105404628213827 -0.050116635368637488 0.050925114251149345 0.051299787918104772 -0.050102042934570004 0.050921771617627933 0.050944244334250613 -0.060711313305863546 -0.053816273459228008 0.059242868604169621 -0.050961226588977851 0.050928180306725461 0.052297524860899773 0.052266786121766023 0.051470457574703657 -0.050104009103497618 0.051201632054013561 -0.050837424439869355 0.051096865353161151 0.051070681784115529 0.051055863672997949 0.051049090162804713
leaf_weight=36.743636058876291 0.095559343695639565 3.088089154916815 0.23106835247017299 0.59102880023419846 0.68548385309986759 1.0966935495380301 1.9426519486587488 0.4773512491956351 0.7793200247688219 0.34544175025075219 3.6374147031456232 0.098780438303947338 0.53791395982261747 27.743202408775698 3.9577129818499088 0.45685308659449253 0.80835626041516695 0.40113791264593601 0.12518899515271176 3.422358233481646 0.77285082079470058 0.51174270175397385 0.36788882594555605 1.0978739435086025 0.62257447093725193 0.045937752351164818 0.45902458578348149 0.42088920250534911 0.4014928713440894 0.37588046863675106
leaf_count=18287 5 1499 5 11 319 546 966 30 376 159 204 4 266 1561 218 26 35 16 10 192 26 14 15 536 28 3 22 21 20 19
internal_value=-0.00162705 0.0342127 0.0395129 0.0125791 0.0401947 0.0458882 -0.047819 -0.0245315 0.00543126 0.0472052 0.0293615 -0.0469649 -0.0348516 0.0499245 0.0436281 -0.054678 -0.0533007 0.0546986 -0.051634 0.0514133 0.0509607 0.0511357 0.0510149 -0.0501918 0.050977 -0.0501697 0.0509601 0.050924 0.0509381 0.0509401
internal_weight=92.3414 51.9973 48.8104 9.34224 6.6229 39.4682 40.3441 3.60046 1.65781 38.8347 5.1356 3.18687 0.633473 33.6991 4.76218 2.71934 2.48827 0.878489 2.03142 5.89147 28.9369 5.30044 4.7887 1.22306 4.42081 0.731422 4.41674 28.1641 4.03891 3.79824
internal_count=25439 5764 4261 1213 601 3048 19675 1388 422 2777 770 1503 271 2007 399 612 607 46 581 279 1608 268 254 546 239 322 240 1582 224 211
is_linear=0
shrinkage=0.05


Tree=78
num_leaves=31
num_cat=0
split_feature=9 7 11 7 16 2 9 7 0 1 4 8 4 7 8 9 8 0 8 1 0 8 5 8 9 4 7 4 8 11
split_gain=58.9739 8.43129 2.79087 6.30743 5.79651 2.89033 0.678914 0.921136 1.64784 0.464284 0.19032 0.0125429 0.00520888 0.00043279 0.000421747 0.00038727 0.000327695 0.000220107 0.000120991 9.91998e-05 8.78739e-06 6.06253e-06 6.03399e-06 4.51727e-06 4.24929e-06 3.71336e-06 3.90423e-06 1.92607e-06 7.07722e-07 7.58237e-07
threshold=-0.53134802822849891 199.50000000000003 0.26666666666666672 94.500000000000014 1.0000000180025095e-35 2.740319461670996 -0.71929357792026261 119.50000000000001 0.11812552495011401 11.655418162737622 7.5019101675073623 247.02307692307696 5.5114085413964808 97.500000000000014 94.083333333333357 0.5397819860804921 208.16666666666671 1.9603048091329318 262.0263157894737 2.740319461670996 1.199365564352278 306.03030303030306 7.1786177974660612 133.16666666666671 0.2690303217762185 7.2902926497970748 193.50000000000003 5.4183177007383536 251.04347826086959 0.051315789473684217
decision_type=2 2 2 2 2 2 2 2 2 2 2 2 2 2 2 2 2 2 2 2 2 2 2 2 2 2 2 2 2 2
left_child=6 2 3 15 5 10 -1 -8 12 -3 13 -6 -9 -5 -15 -2 23 -7 -13 20 24 -20 -19 -4 25 26 28 -28 29 -16
right_child=1 9 16 4 11 17 7 8 -10 -11 -12 18 -14 14 19 -17 -18 22 21 -21 -22 -23 -24 -25 -26 -27 27 -29 -30 -31
leaf_value=-0.050095943871421023 -0.050099552231070002 -0.050102007360157158 0.050875350085280685 0.052245077158325007 -0.059381317353972889 -0.052046149836672599 -0.050096034770007083 0.050851734652223105 -0.050099827533600996 0.051234790917961071 0.01930283465450245 -0.05203099298636428 0.059183259650880476 0.04937181158899008 0.050886221372724486 -0.053347334161228381 0.052011287105695282 -0.050111446121378814 -0.05058027096224809 0.051605927180552326 0.051144807969546915 -0.050099974516358128 -0.050594098523271264 0.051060780989641397 0.051081438036096563 0.051020524188757778 0.050932139378957846 0.051085265007665762 0.050947933500200618 0.050945138006301599
leaf_weight=35.07843144540675 2.2916499134153159 2.908596537308767 24.789494700729854 0.62155006546527403 0.60990991489961643 0.22784443455748338 1.8501422820845612 0.38256512209773041 0.74294296966399997 0.11759881861507882 0.4905005353502937 0.092803737614303605 0.36811781022697687 0.43913785112090309 9.9964402811601616 0.095616505132056662 0.65425577946007152 0.44323383353184909 0.071193788666278124 0.54638017527759153 0.41599151492118913 0.85165098868310452 0.075834590941667557 0.33284693956375022 0.35709358192980367 0.67617444694042284 0.43071284890174943 0.39250020310282707 0.5437037833035 0.57765317335724908
leaf_count=18352 1176 1484 1466 23 7 14 967 25 378 5 13 5 15 25 585 13 25 220 17 23 21 434 8 17 18 36 24 19 30 32
internal_value=-0.00165716 0.0346786 0.0399942 0.0261019 0.0363046 0.045318 -0.0480439 -0.0265167 0.0026909 -0.046164 0.049951 -0.0537136 0.0549373 0.0509533 0.0508975 -0.0502296 0.0509066 -0.0507506 -0.0503101 0.0509455 0.0509186 -0.050137 -0.050182 0.0508778 0.0509113 0.0509065 0.0509001 0.0510051 0.0508923 0.0508894
internal_weight=87.4726 49.0504 46.0242 20.2476 17.8603 16.2348 38.4222 3.34377 1.49363 3.0262 15.4878 1.62556 0.750683 14.9973 14.3758 2.38727 25.7766 0.746913 1.01565 13.9367 13.3903 0.922845 0.519068 25.1223 12.9743 12.6172 11.941 0.823213 11.1178 10.5741
internal_count=25477 5740 4251 2743 1554 1091 19737 1385 418 1489 849 463 40 836 813 1189 1508 242 456 788 765 451 228 1483 744 726 690 43 647 617
is_linear=0
shrinkage=0.05


Tree=79
num_leaves=31
num_cat=0
split_feature=9 13 18 2 5 9 7 1 9 3 1 3 9 7 3 3 3 9 9 9 8 8 4 6 3 7 8 2 7 3
split_gain=55.2184 8.05979 7.66212 3.95593 1.57001 0.851611 1.07424 1.69075 0.609876 3.65002 0.469639 0.455067 0.029715 0.390295 0.194673 0.0225594 0.0156551 0.00565628 0.00259037 0.00173741 0.000590979 0.000499354 0.000290337 0.000380831 0.000229428 8.70296e-05 0.000252889 3.81638e-05 1.41786e-05 4.18914e-06
threshold=-0.53134802822849891 1.0000000180025095e-35 1.0000000180025095e-35 2.740319461670996 8.105272220662707 -0.71929357792026261 119.50000000000001 1.4978661367769956 -0.19294029418538369 4.6478001079635041 11.655418162737622 4.6478001079635041 -1.0000000180025095e-35 135.50000000000003 4.6478001079635041 7.4985928023719568 7.4662273925763296 -0.64496489641977461 0.5397819860804921 -0.21171336248670511 141.03601694915258 194.13802816901412 7.5019101675073623 3.5805906715287965 7.4874537278250921 198.50000000000003 267.48845327604732 2.6735537653587347 124.50000000000001 6.9711993414346578
decision_type=2 2 2 2 2 2 2 2 2 2 2 2 2 2 2 2 2 2 2 2 2 2 2 2 2 2 2 2 2 2
left_child=5 4 10 19 11 -1 -7 17 9 -6 15 -2 13 14 -10 16 18 -8 20 -4 -3 -14 23 -17 28 26 -24 -22 29 -21
right_child=1 2 3 -5 8 6 7 -9 12 -11 -12 -13 21 -15 -16 22 -18 -19 -20 24 27 -23 25 -25 -26 -27 -28 -29 -30 -31
leaf_value=-0.050091259662251621 -0.050092943149372418 -0.054023671964952329 0.054216822921510338 -0.050125774396355731 -0.050091296805986611 -0.050091345436396012 0.059098328252048429 -0.050095362295173022 -0.050121647459161846 0.050850766684000959 0.051173116939480061 0.050913053129209442 0.050834797397626419 0.050873142083016291 0.050906257778395608 -0.050230274787996271 -0.064891767968425315 0.050777365753541054 -0.059119230303537766 0.051034786508106306 -0.050148402446608897 0.052087885202156486 -0.051685979193349475 -0.053506482124421634 0.052141995121432583 -0.050094818817788156 -0.050105795226198097 -0.051512265591314513 0.051128336589514128 0.050860440466447325
leaf_weight=33.331804887391627 0.54164714470971276 0.1677580417599509 0.46610023081302632 1.1732205010484902 1.0878667514771176 1.7983118832344183 0.33881459292024374 0.71671267424244434 0.1514497358584771 5.0658510085195303 0.11199486441910256 0.14042099192738533 25.191769421100627 2.6187328044325113 0.069594196975231171 0.18602376675698939 0.52081229712348431 0.51415877416729905 0.14745739125646651 0.38351365551352534 0.27855436620302498 0.82094135414808889 0.38235130242537729 0.16954496677499264 0.41725424677133549 2.0812497047008947 0.74954581132624298 0.062868475448340178 0.66631914116442192 3.3904827898368239
leaf_count=18330 295 7 8 602 598 988 14 382 70 309 5 8 1561 156 4 79 13 36 6 21 126 30 24 17 12 1129 402 3 33 206
internal_value=-0.00170225 0.0341586 -0.0025317 0.032985 0.0458324 -0.0476701 -0.0237093 0.00651533 0.0472963 0.033006 -0.0500288 -0.0292983 0.0503442 0.0454877 -0.0183137 -0.0524168 -0.0584181 0.0540826 -0.0532836 0.0513008 -0.0515936 0.0508743 -0.0504367 -0.0517925 0.051021 -0.0502867 -0.0506396 -0.0503995 0.0509157 0.0508782
internal_weight=83.7431 47.0433 11.3551 6.49689 35.6883 36.6998 3.368 1.56969 35.0062 6.15372 4.85816 0.682068 28.8525 2.83978 0.221044 4.74617 1.17745 0.852973 0.656638 5.32367 0.509181 26.0127 3.56872 0.355569 4.85757 3.21315 1.1319 0.341423 4.44032 3.774
internal_count=25474 5724 2693 882 3031 19750 1420 432 2728 907 1811 303 1821 230 74 1806 155 50 142 280 136 1591 1651 96 272 1555 426 129 260 227
is_linear=0
shrinkage=0.05


Tree=80
num_leaves=31
num_cat=0
split_feature=9 7 13 18 0 9 3 9 7 0 1 9 3 8 0 9 8 9 8 3 0 8 7 3 6 7 8 3 8 4
split_gain=52.5384 7.83174 2.81712 6.05881 2.27048 1.10878 4.65549 0.791218 0.998426 1.58805 0.256074 0.0593526 0.789173 0.0195976 0.00754391 0.00457501 0.00159175 0.00151275 0.000170406 0.000167282 3.00926e-05 2.09697e-05 1.03338e-05 2.77617e-06 2.17728e-06 1.42622e-06 8.87457e-07 7.04353e-07 6.10516e-07 5.17408e-07
threshold=-0.53134802822849891 199.50000000000003 8.889385476361246e-05 1.0000000180025095e-35 2.4534387858054241 -0.19294029418538369 4.6478001079635041 -0.71929357792026261 119.50000000000001 0.11812552495011401 11.655418162737622 -1.0000000180025095e-35 4.6478001079635041 99.083333333333357 0.23679151610846974 -0.64496489641977461 249.16666666666671 -0.21171336248670511 188.03448275862073 7.4874537278250921 1.1744478143752708 270.04000000000002 125.50000000000001 5.2548844000372066 2.1376109762125082 192.50000000000003 133.16666666666671 7.3920308082497579 172.25000000000003 5.5353618778730294
decision_type=2 2 2 2 2 2 2 2 2 2 2 2 2 2 2 2 2 2 2 2 2 2 2 2 2 2 2 2 2 2
left_child=7 2 5 13 17 6 -2 -1 -9 15 -3 12 -7 -4 -15 -10 -16 -5 28 20 22 -18 26 29 -6 -14 27 -19 -13 -8
right_child=1 10 3 4 24 11 23 8 9 -11 -12 18 25 14 16 -17 21 19 -20 -21 -22 -23 -24 -25 -26 -27 -28 -29 -30 -31
leaf_value=-0.050086799435789378 -0.050086786824444562 -0.050093585411676834 -0.068690279473120022 0.053893042767547472 -0.050086552001762763 -0.050108419527784623 0.050794388317637031 -0.050086876339716917 0.05841012706945841 -0.050090700257582901 0.051114595813350039 0.050791061023600141 0.050818568214606598 -0.058961357951531325 -0.053239415498473733 0.050741448720538686 -0.050825579060802539 0.050797896894211006 0.051616815784218867 0.051960053805581274 0.051222088851213377 -0.050089736474347904 0.051062218389046801 0.050954153504381129 -0.050359657920440906 0.050926805253909149 0.050887355463650301 0.050879057845844379 0.050851574551440619 0.050855568004971985
leaf_weight=31.613021107157692 1.4995953441830305 2.6806948386365543 0.21415505534969126 0.49865826405584801 0.53294791211374093 0.20985214808024411 4.1243375018239021 1.6933322636177757 0.33544546831399202 0.67819240957032889 0.063991025090217479 23.993845088407411 2.1497704656794672 0.40724016551394049 0.70608650869689871 0.46283024735748746 0.10798735497519352 2.4804438231512917 0.64285733364522357 0.411561720073223 0.63691141642630089 0.93617092387285084 0.49484260752797116 0.31023659743368615 0.084556592162698507 0.35454570129513729 0.38812418095767487 0.29961292538791884 0.42417263891547818 0.37719376105815161
leaf_count=18275 867 1508 4 9 309 107 268 978 15 380 3 1565 136 27 35 34 10 161 28 13 34 530 25 17 15 20 23 18 26 23
internal_value=-0.00154146 0.0341119 0.0394244 0.0131109 0.04053 0.0457539 0.0268363 -0.0476989 -0.0238838 0.00616807 -0.047734 0.0500526 0.0430293 -0.0542639 -0.052832 0.0539639 -0.0514058 0.0512742 0.0508133 0.050997 0.0509049 -0.0501658 0.0508497 0.0508095 -0.0501239 0.0508339 0.0508165 0.0508066 0.0507921 0.0507995
internal_weight=79.8132 45.0304 42.2857 8.1993 5.82766 34.0864 6.31136 34.7828 3.1698 1.47647 2.74469 27.775 2.71417 2.37164 2.15748 0.798276 1.75024 5.21015 25.0609 4.7115 4.29993 1.04416 3.66302 4.81177 0.617505 2.50432 3.16818 2.78006 24.418 4.50153
internal_count=25463 5781 4270 1213 607 3057 1175 19682 1407 429 1511 1882 263 606 602 49 575 283 1619 274 261 540 227 308 324 156 202 179 1591 291
is_linear=0
shrinkage=0.05


Tree=81
num_leaves=31
num_cat=0
split_feature=8 11 7 13 7 1 8 5 8 8 0 11 7 5 3 8 1 16 3 1 7 7 7 8 11 7 4 7 5 7
split_gain=38.5743 11.7121 15.0441 4.9175 4.08194 1.2842 0.853454 0.0502674 0.023767 0.00872091 0.00542559 0.000644328 0.000391879 0.000149111 0.000354624 9.73845e-05 0.000169718 5.53436e-05 3.70431e-05 4.19688e-05 1.12444e-05 1.03901e-05 4.29209e-06 2.75573e-06 1.61123e-05 2.72332e-06 1.18024e-06 8.39132e-07 3.60816e-06 6.52651e-07
threshold=259.0384615384616 0.033908045977011504 119.50000000000001 5.0199571647247921e-05 129.50000000000003 9.9394336746564438 208.16666666666671 10.289882131297128 141.03601694915258 97.002262443438937 0.1538913039458861 0.036375661375661381 193.50000000000003 7.1073222531345861 7.0400983700390167 125.14398496240602 2.602003343538398 1.0000000180025095e-35 9.259987307338216 3.8393944990995772 124.50000000000001 165.50000000000003 232.50000000000003 265.04409317803669 0.046536796536796543 193.50000000000003 5.3729582179059152 182.50000000000003 8.5518729798429955 179.50000000000003
decision_type=2 2 2 2 2 2 2 2 2 2 2 2 2 2 2 2 2 2 2 2 2 2 2 2 2 2 2 2 2 2
left_child=1 2 17 7 6 23 8 25 11 -6 -11 -3 -12 14 -13 20 -17 -1 19 21 -15 -5 -14 24 -2 29 -27 28 -20 -4
right_child=5 4 3 18 9 -7 -8 -9 -10 10 12 13 22 15 -16 16 -18 -19 27 -21 -22 -23 -24 -25 -26 26 -28 -29 -30 -31
leaf_value=-0.050083963235385193 -0.050082696573718624 0.052164639796376915 0.050752019804787565 -0.050782444574830624 -0.065330465119698103 0.050910504609314358 -0.0066642045980614675 0.030384255841393877 0.038799685504656276 -0.062346218064770587 -0.052959528501440145 0.04872903646688409 -0.050601335530846774 0.050752224917712342 0.050873839644961755 0.050562744972851195 0.051748289230531132 -0.051254961520552735 -0.050092895142202123 -0.051689888448609028 0.051005410941605822 -0.050134464513369593 -0.050092820686915722 -0.050083096970080156 -0.051013592092682018 0.050792166484688706 0.050922951972543609 -0.050082267344396629 -0.050595256154393697 0.050787640535606332
leaf_weight=9.3164988222997636 0.31303293572273716 0.83998403884471784 6.5881671011447853 0.1025700339814638 0.23681620752904464 0.31844463106244703 0.66637293249368568 0.31314958306029517 0.4189765437040468 0.15881218016147614 0.31640365871135145 0.30138419265859084 0.055237345397472382 23.211850271560259 0.53453849162906408 0.54858935438096412 0.67126022092998028 0.10200564353726882 0.18432823824696221 0.082000271300785244 0.44697064068168302 0.1558827708940953 0.1667982047656551 26.785042239585891 0.054589403327554464 0.3222762858495124 0.37117204442620277 0.83953064412344247 0.044341555796563625 1.5977918449789283
leaf_count=5628 190 35 455 19 15 20 34 35 28 1 34 21 13 1590 34 34 30 24 108 10 24 81 94 16245 8 21 21 512 7 105
internal_value=-0.0015578 0.0252138 -0.00411217 0.0367421 0.0457605 -0.0489142 0.0492345 0.0500727 0.0506155 -0.0570405 -0.0542249 0.0508019 -0.0518296 0.0507574 0.0501006 0.0507795 0.0512151 -0.0500966 -0.0502501 -0.0507043 0.050757 -0.0503916 -0.0502193 -0.050085 -0.0502209 0.050767 0.0508622 -0.0501054 -0.0501903 0.050759
internal_weight=76.0648 48.5937 20.0197 10.6012 28.574 27.4711 27.6399 9.19256 26.9736 0.934068 0.697251 26.5546 0.538439 25.7146 0.835923 24.8787 1.21985 9.4185 1.40865 0.340453 23.6588 0.258453 0.222036 27.1527 0.367622 8.87941 0.693448 1.0682 0.22867 8.18596
internal_count=25476 9013 7026 1374 1987 16463 1830 637 1796 157 142 1768 141 1733 55 1678 64 5652 737 110 1614 100 107 16443 198 602 42 627 115 560
is_linear=0
shrinkage=0.05


Tree=82
num_leaves=31
num_cat=0
split_feature=9 13 18 1 5 9 8 1 9 3 1 3 9 3 3 6 8 9 8 2 4 6 3 8 8 16 1 9 9 5
split_gain=47.8985 6.57057 6.3658 3.46712 1.32105 0.655795 0.711244 1.54639 0.553692 2.70553 0.324562 0.258535 0.0632143 0.983291 0.00555656 0.00426241 0.00308956 0.000951537 0.000392971 0.000313822 0.000193743 0.000263754 0.000129637 3.23799e-05 8.46676e-05 7.11968e-05 5.27176e-05 5.09277e-06 4.96368e-06 5.66055e-06
threshold=-0.53134802822849891 1.0000000180025095e-35 1.0000000180025095e-35 3.1567740231385479 8.0695940463597982 -0.71929357792026261 206.05555555555557 1.4978661367769956 -0.26634925049910491 4.6478001079635041 11.655418162737622 4.6478001079635041 -1.0000000180025095e-35 4.6478001079635041 7.4985928023719568 3.2690572671397136 247.02307692307696 -0.21171336248670511 194.13802816901412 2.6735537653587347 7.5019101675073623 3.5805906715287965 7.4874537278250921 270.04000000000002 155.03734939759039 1.0000000180025095e-35 3.8393944990995772 -0.032921913680208796 0.32400281177755735 6.9335082737100722
decision_type=2 2 2 2 2 2 2 2 2 2 2 2 2 2 2 2 2 2 2 2 2 2 2 2 2 2 2 2 2 2
left_child=5 4 10 17 11 -1 -7 16 9 -6 14 -2 13 -10 15 19 -8 -4 -14 -3 21 -16 28 24 27 26 -26 -22 29 -19
right_child=1 2 3 -5 8 6 7 -9 12 -11 -12 -13 18 -15 20 -17 -18 22 -20 -21 23 -23 -24 -25 25 -27 -28 -29 -30 -31
leaf_value=-0.050078541496461321 -0.05008009801124317 -0.050124366083916953 0.053460801349417379 -0.050108909201309663 -0.05007849425172245 -0.050078613896165906 0.050671857246909181 -0.050081367416278312 -0.050092012420833165 0.050729894924632514 0.051027363115498638 0.050771391594776949 0.050716351774176285 0.05074577434518867 -0.050195365703664986 -0.058411684292815208 0.057376931632797702 0.050972675431796649 0.051890746234643549 -0.052815776080406808 -0.050699363159716432 -0.053098118711459565 0.051768796992621616 -0.050079171991362151 -0.050215053188020657 -0.051627843207827109 -0.052035623686384383 -0.050087572276192531 0.050978647153311955 0.050756314784836713
leaf_weight=28.66261313541327 0.42393045243807392 0.22713347279932206 0.38956523500382889 1.0343503443291409 0.83882202790119009 1.4152385797351592 0.36639277916401602 0.74477904580999166 0.25983713427559196 3.2226355262100697 0.078912705183029064 0.074752188287675381 21.694530158303678 3.4739964744076133 0.16598459624219719 0.43474167783278972 0.32348668668419123 0.3335704570636161 0.73649795912206073 0.20703210367355496 0.035465472261421382 0.14806329552084208 0.37371345795691002 1.3582484042271969 0.29640035645570606 0.21050010109320283 0.045924046193249524 0.83253329561557643 0.33235051482915867 3.225018922239542
leaf_count=18306 268 118 8 615 536 903 30 464 152 228 4 5 1559 241 82 27 16 21 30 11 5 16 13 864 151 11 4 511 18 223
internal_value=-0.00158665 0.034415 -0.00139372 0.0326934 0.0457543 -0.0478041 -0.0249294 -0.00012064 0.047086 0.0299097 -0.0493794 -0.0349625 0.0497522 0.0437285 -0.0513792 -0.054912 0.0538159 0.0510954 0.0507549 -0.0514078 -0.0503868 -0.0515639 0.0508793 -0.0502537 -0.0504206 -0.0509042 -0.0504593 -0.0501126 0.0507939 0.0507766
internal_weight=71.967 40.4545 9.72951 5.68857 30.725 31.5125 2.8499 1.43466 30.2263 4.06146 4.04094 0.498683 26.1649 3.73383 3.96203 0.868907 0.689879 4.65422 22.431 0.434166 3.09312 0.314048 4.26465 2.77907 1.42082 0.552825 0.342324 0.867999 3.89094 3.55859
internal_count=25440 5721 2702 898 3019 19719 1413 510 2746 764 1804 273 1982 393 1800 156 46 283 1589 129 1644 98 275 1546 682 166 155 516 262 244
is_linear=0
shrinkage=0.05


Tree=83
num_leaves=31
num_cat=0
split_feature=9 13 18 2 5 9 7 0 9 3 3 1 9 3 3 3 9 0 9 8 2 3 3 0 8 7 8 0 7 8
split_gain=45.1649 6.79926 6.07624 3.30222 1.24255 0.587872 0.780273 1.28605 0.494106 2.4315 0.467895 0.312648 0.0568177 0.901316 0.0124581 0.00835341 0.00313083 0.00171108 0.000739948 0.000330206 0.000301365 0.000139308 0.000118058 4.30078e-05 4.62856e-05 1.37823e-05 6.0988e-05 1.12121e-05 6.02945e-06 1.9344e-06
threshold=-0.53134802822849891 1.0000000180025095e-35 1.0000000180025095e-35 2.740319461670996 8.1242221757212558 -0.71929357792026261 119.50000000000001 0.18981894877374797 -0.26634925049910491 4.6478001079635041 4.6478001079635041 11.655418162737622 -1.0000000180025095e-35 4.6478001079635041 7.4985928023719568 7.4662273925763296 -0.64496489641977461 0.23679151610846974 -0.19294029418538369 194.13802816901412 2.6735537653587347 7.5898413843865926 7.4874537278250921 0.37202812412846625 254.08333333333334 198.50000000000003 225.05125284738043 1.2123139845310107 125.50000000000001 179.4531187624751
decision_type=2 2 2 2 2 2 2 2 2 2 2 2 2 2 2 2 2 2 2 2 2 2 2 2 2 2 2 2 2 2
left_child=5 4 11 18 10 -1 -7 16 9 -6 -2 14 13 -10 15 17 -8 -3 -4 29 -19 -16 27 24 -23 26 -25 28 -20 -14
right_child=1 2 3 -5 8 6 7 -9 12 -11 -12 -13 19 -15 21 -17 -18 20 22 -21 -22 23 -24 25 -26 -27 -28 -29 -30 -31
leaf_value=-0.050074702432709332 -0.05007597682906078 -0.057853017413882817 0.053094466689053946 -0.050102562203149327 -0.050074661197186267 -0.050074759757762294 0.057738509384157088 -0.050077649268627011 -0.050087923078670708 0.050691768055375896 0.050720528179218655 0.050976248559957783 0.050679673309545252 0.050707112220323175 -0.051785682066992238 -0.061737980530058634 0.050635977025133595 -0.050134026803737158 0.050695602541735545 0.051790306582165629 -0.052751020000330488 -0.05152963219291249 0.051673342621043949 -0.051109419369073851 -0.050073248155258127 -0.050078691773522914 -0.050081707718876149 0.05104359800072638 0.050893256273603082 0.050810095929653111
leaf_weight=27.236383208772171 0.45825430040713655 0.12544125516433158 0.40345087461173523 0.99553983542136837 0.75182073342148514 1.4459479948272922 0.27959874039515853 0.56683416455052793 0.23798744555097728 2.9387033674865961 0.15376419760286808 0.075137451291084179 20.598857241682712 3.2583844754844904 0.14932532457169179 0.45816332311369479 0.34861234389245488 0.25815837027039379 2.7148091085255159 0.69371723011135955 0.19169579818844795 0.1233439393108714 0.38590257242321957 0.19076169014442745 0.097821212490089238 1.716145225567743 0.59344876394607127 0.2998482035472988 0.44976261816918839 0.28828125167637964
leaf_count=18286 305 4 9 624 505 970 13 370 146 219 11 4 1557 238 23 15 30 135 202 30 9 30 14 16 67 1129 390 17 27 19
internal_value=-0.00173343 0.0339856 -0.00345233 0.0318721 0.0457456 -0.0478907 -0.0253675 0.00452721 0.0472454 0.030164 -0.0247518 -0.0500491 0.0497592 0.0438463 -0.0519933 -0.0567008 0.0537971 -0.0526891 0.0510573 0.0507171 -0.0512492 -0.0502987 0.0508438 -0.0502172 -0.0508855 -0.050158 -0.0503317 0.0507514 0.0507237 0.0506815
internal_weight=68.4859 38.6085 9.22876 5.24931 29.3798 29.8774 2.64099 1.19505 28.7678 3.69052 0.612018 3.97944 25.0772 3.49637 3.9043 1.03346 0.628211 0.575295 4.25377 21.5809 0.449854 2.87085 3.85032 2.72152 0.221165 2.50036 0.78421 3.46442 3.16457 20.8871
internal_count=25414 5745 2715 893 3030 19669 1383 413 2714 724 316 1822 1990 384 1818 163 43 148 269 1606 144 1655 260 1632 97 1535 406 246 229 1576
is_linear=0
shrinkage=0.05


Tree=84
num_leaves=31
num_cat=0
split_feature=9 13 18 2 5 9 7 0 9 3 1 3 9 3 3 3 9 0 9 8 2 4 0 3 0 8 7 7 8 8
split_gain=42.9667 6.45072 5.82441 3.18266 1.20258 0.655166 0.839635 1.27937 0.51782 2.48414 0.369503 0.149366 0.0628009 0.947836 0.0107345 0.006981 0.00263224 0.00143619 0.00088054 0.000291853 0.000247674 0.000154416 0.000186426 0.000100876 3.87518e-05 3.58105e-05 9.12372e-06 9.0088e-06 3.19107e-05 1.96911e-06
threshold=-0.53134802822849891 1.0000000180025095e-35 1.0000000180025095e-35 2.740319461670996 8.0461435594711883 -0.71929357792026261 119.50000000000001 0.11812552495011401 -0.26634925049910491 4.6478001079635041 11.655418162737622 4.6478001079635041 -1.0000000180025095e-35 4.6478001079635041 7.4985928023719568 7.4662273925763296 -0.64496489641977461 0.23679151610846974 -0.21171336248670511 194.13802816901412 2.6735537653587347 7.5019101675073623 0.64848281364238425 7.4874537278250921 0.37202812412846625 254.08333333333334 124.50000000000001 198.50000000000003 270.04000000000002 179.4531187624751
decision_type=2 2 2 2 2 2 2 2 2 2 2 2 2 2 2 2 2 2 2 2 2 2 2 2 2 2 2 2 2 2
left_child=5 4 10 18 11 -1 -7 16 9 -6 14 -2 13 -10 15 17 -8 -3 -4 29 -19 22 -16 26 25 -23 -20 28 -26 -14
right_child=1 2 3 -5 8 6 7 -9 12 -11 -12 -13 19 -15 21 -17 -18 20 23 -21 -22 24 -24 -25 27 -27 -28 -29 -30 -31
leaf_value=-0.050071054365110793 -0.050072495709529034 -0.057415948047697667 0.053280038852443423 -0.050090537421235232 -0.05007101246558289 -0.050071108836240802 0.056969755510982635 -0.050073890406651937 -0.050082103364061541 0.050658522884934755 0.050927733062995917 0.050701535926482799 0.050646104700830863 0.050673689988624808 -0.052762173067054587 -0.061095189050153965 0.050606951604876084 -0.050124372086231356 0.050669174099798688 0.051705886111819921 -0.052574594078752424 -0.0514076290879436 -0.050182027544162004 0.051665956555623761 -0.050798237948207405 -0.050072972863380055 0.050889242818426453 -0.050074751239696652 -0.050072046110004757 0.050780085473854181
leaf_weight=25.904420588631186 0.36361763940658676 0.12020871485583384 0.38908185996115197 0.95864505437202741 0.77468600135762544 1.4067452689632767 0.28385667409747839 0.54432063980493695 0.25147266895510911 2.915866463445127 0.089424159377813228 0.040906663984060287 19.607448013499383 3.2509968895465136 0.13655152020510319 0.43938272423110902 0.38032745756208874 0.23194022930692881 2.8900389252230534 0.67404027841985126 0.1857181255472824 0.12163152045104686 0.14366770593915135 0.29658204130828369 0.21533051377628032 0.085649567074142396 0.56266649439930905 1.5652283472009001 0.50855664676055312 0.27812590450048347
leaf_count=18282 254 4 8 641 547 992 15 374 164 228 5 3 1557 249 17 14 34 130 224 30 10 33 77 11 23 60 35 1085 356 19
internal_value=-0.00151788 0.0339575 -0.00304407 0.0319999 0.0457061 -0.0476631 -0.0238123 0.00675397 0.0469536 0.0295143 -0.0495198 -0.0398819 0.0496284 0.0434396 -0.0519126 -0.0564195 0.0533263 -0.0526 0.051016 0.0506827 -0.0512139 -0.0503264 -0.0514393 0.050781 -0.0502015 -0.0508561 0.050705 -0.0501422 -0.0502881 0.050648
internal_weight=65.6171 37.0975 8.9403 5.09701 28.1572 28.5197 2.61525 1.2085 27.7526 3.69055 3.84329 0.404524 24.0621 3.50247 3.75387 0.97725 0.664184 0.537867 4.13837 20.5596 0.417658 2.77662 0.280219 3.74929 2.4964 0.207281 3.45271 2.28912 0.723887 19.8856
internal_count=25481 5784 2733 919 3051 19697 1415 423 2794 775 1814 257 2019 413 1809 158 49 144 278 1606 140 1651 94 270 1557 93 259 1464 379 1576
is_linear=0
shrinkage=0.05


Tree=85
num_leaves=31
num_cat=0
split_feature=9 7 13 18 0 9 3 9 7 0 1 9 3 8 0 9 9 8 8 3 0 8 7 6 8 4 7 4 6 7
split_gain=41.3206 5.93527 2.21127 4.59793 1.81794 0.793913 3.39587 0.624973 0.782164 1.21853 0.333416 0.0689619 0.815769 0.00918424 0.00374317 0.00227636 0.000709519 0.000637538 0.000266827 7.88427e-05 1.45979e-05 9.99522e-06 3.80748e-06 2.64535e-06 1.50361e-06 1.2947e-06 9.60198e-07 4.34559e-07 4.18299e-07 2.38591e-07
threshold=-0.53134802822849891 199.50000000000003 8.889385476361246e-05 1.0000000180025095e-35 2.4534387858054241 -0.21171336248670511 4.6478001079635041 -0.71929357792026261 119.50000000000001 0.11812552495011401 11.655418162737622 -1.0000000180025095e-35 4.6478001079635041 99.083333333333357 0.23679151610846974 -0.64496489641977461 -0.21171336248670511 249.16666666666671 194.13802816901412 7.4874537278250921 1.1744478143752708 270.04000000000002 125.50000000000001 3.7540968051196413 179.4531187624751 5.5471267646873921 193.50000000000003 7.3808759299945494 2.1376109762125082 182.50000000000003
decision_type=2 2 2 2 2 2 2 2 2 2 2 2 2 2 2 2 2 2 2 2 2 2 2 2 2 2 2 2 2 2
left_child=7 2 5 13 16 6 -2 -1 -9 15 -3 12 -7 -4 -15 -10 -5 -16 24 20 22 -19 27 28 -13 29 -14 -18 -6 -8
right_child=1 10 3 4 23 11 25 8 9 -11 -12 18 26 14 17 -17 19 21 -20 -21 -22 -23 -24 -25 -26 -27 -28 -29 -30 -31
leaf_value=-0.050067582769144407 -0.050067521228990067 -0.050072948480553894 -0.064083254297433778 0.052999752753417353 -0.050067369487054036 -0.05008186597364897 0.050614414081299852 -0.050067629266616565 0.056640370576432612 -0.050070125916924758 0.050881665490543328 0.050613967926222705 0.050635317818643333 -0.056974649337822585 -0.052349550938752737 0.050572217339767182 0.050625488517602749 -0.050641994356379977 0.051678861577163018 0.051517204390848961 0.050940936276678929 -0.05006954376514311 0.050805791614305262 -0.050560110746564205 0.050737586222349113 0.050735378231643591 0.050735745839292447 0.050696133337595865 -0.050222062149940454 0.050663444074755162
leaf_weight=24.812415260938 1.0949372072936991 2.0766731698531653 0.17963439994491537 0.39550398103892792 0.41918284934945393 0.22017222270369829 3.0333504229784021 1.312475114129483 0.27154338452965021 0.52266044239513576 0.08513796143233765 18.800674378871925 2.0389693593606357 0.32824184442870308 0.54015165881719418 0.35870953649282433 2.2300845049321669 0.085263512562960386 0.60889329109340806 0.32316990103572596 0.52802954427897919 0.72154684120323509 0.36305384431034315 0.031044487841427326 0.24924689251929422 0.25489548873156298 0.26946197357028712 0.24123223405331362 0.048786700936034322 0.27022949419915665
leaf_count=18408 813 1499 3 9 312 146 253 973 15 378 5 1569 165 23 36 34 184 10 27 13 36 526 24 3 18 18 19 18 13 21
internal_value=-0.00142325 0.034184 0.0393996 0.0130756 0.039972 0.0457107 0.0269337 -0.0476819 -0.0236722 0.00637635 -0.0460971 0.0496488 0.0418763 -0.053339 -0.0521868 0.0531867 0.0509872 -0.0510201 0.0506485 0.0507713 0.0506996 -0.05013 0.0506546 -0.0501131 0.0506156 0.0506268 0.050647 0.0506324 -0.0500835 0.0506184
internal_weight=62.7154 35.4376 33.2758 6.43493 4.58009 26.8408 4.65341 27.2778 2.46539 1.15291 2.16181 22.1874 2.5286 1.85484 1.6752 0.630253 4.08107 1.34696 19.6588 3.68557 3.3624 0.80681 2.83437 0.499014 19.0499 3.55848 2.30843 2.47132 0.46797 3.30358
internal_count=25571 5763 4259 1210 612 3049 1105 19808 1400 427 1504 1944 330 598 595 49 284 572 1614 275 262 536 226 328 1587 292 184 202 325 274
is_linear=0
shrinkage=0.05


Tree=86
num_leaves=31
num_cat=0
split_feature=8 11 7 13 7 11 8 5 8 7 7 6 11 5 8 6 3 11 7 7 7 16 7 8 11 4 7 5 7 4
split_gain=29.8343 8.8842 11.8838 3.82925 3.06503 1.03766 0.710608 0.0288601 0.00458173 0.00431741 0.00264317 0.000522157 0.000173038 0.000121455 4.76635e-05 6.42416e-05 1.83534e-05 1.6834e-05 4.90218e-06 4.58289e-06 4.48474e-06 1.75339e-06 1.36206e-06 1.28756e-06 7.64876e-06 6.44553e-07 3.99813e-07 1.70791e-06 3.68209e-07 2.65744e-07
threshold=259.0384615384616 0.033908045977011504 119.50000000000001 5.0199571647247921e-05 129.50000000000003 0.99767021301032111 206.05555555555557 10.312375075747115 158.15699658703076 175.50000000000003 121.50000000000001 2.3541757980523781 0.036375661375661381 10.133340735382275 125.14398496240602 2.8071697798334694 9.259987307338216 0.011976477337923123 165.50000000000003 124.50000000000001 199.50000000000003 1.0000000180025095e-35 193.50000000000003 265.04409317803669 0.046536796536796543 5.3729582179059152 182.50000000000003 8.5518729798429955 179.50000000000003 5.0657496176235997
decision_type=2 2 2 2 2 2 2 2 2 2 2 2 2 2 2 2 2 2 2 2 2 2 2 2 2 2 2 2 2 2
left_child=1 2 21 7 6 23 8 10 11 -6 -4 -3 -13 20 19 -16 17 -5 -19 -14 -11 -1 28 24 -2 -24 27 -18 29 -12
right_child=5 4 3 16 9 -7 -8 -9 -10 13 22 12 14 -15 15 -17 26 18 -20 -21 -22 -23 25 -25 -26 -27 -28 -29 -30 -31
leaf_value=-0.050065457665213565 -0.050064380144380138 0.048612381634489457 0.055173960948404183 -0.051239710394368747 -0.058602692031388154 0.050697503819399949 -0.0065480613512074598 0.034135637049629262 0.043751244795324912 -0.050622996907211018 0.050623533286220448 0.051446903578339843 0.050583793136178591 -0.052891017668094176 0.05051589268423521 0.051305593384705299 -0.0500723318046285 -0.050615791625903343 -0.050092118892170405 0.050761294113801786 -0.050093614362011984 -0.050388338538534555 0.050614801186608008 -0.050064642978617506 -0.050790465322344762 0.050726380114521699 -0.050064032562120712 -0.05046334984789224 0.050612240049447824 0.050578408433476711
leaf_weight=7.3047190117649725 0.24773325643037125 0.32512690708973835 0.3306721579283457 0.068176568020134942 0.44143020699266244 0.25862038694322009 0.56028484634589304 0.26946907327510405 0.24714091618079592 0.051373654510825872 0.35130674112588156 0.6313880598172571 18.088364896364517 0.051672205328941345 0.4839303153567005 0.55047866608947515 0.14362520806025714 0.078748540370725095 0.10332950833253562 0.37110628932714362 0.18082283507101238 0.042290406534448155 0.25187667366117228 20.873752966406755 0.042491991189308465 0.26624066755175591 0.66412474552635103 0.034666677704080939 1.2265166230499742 4.577321641612798
leaf_count=5661 193 28 17 13 26 21 37 33 23 11 29 36 1586 1 36 32 108 18 72 26 120 20 21 16253 8 19 520 7 103 407
internal_value=-0.00173259 0.0250438 -0.00366689 0.0370815 0.0455657 -0.0488496 0.0490143 0.0501927 0.0505184 -0.0555092 0.0508105 0.0506001 0.0506323 -0.0506986 0.0506059 0.0509361 -0.0501936 -0.0505695 -0.0503186 0.0505874 -0.0502107 -0.0500673 0.0505943 -0.0500661 -0.0501707 0.0506721 -0.0500819 -0.0501484 0.0505877 0.0505816
internal_weight=59.1188 37.6962 15.7131 8.36607 21.9831 21.4226 21.2578 7.2734 20.6975 0.725299 7.00393 20.4504 20.1253 0.283869 19.4939 1.03441 1.09267 0.250255 0.182078 18.4595 0.232196 7.34701 6.67326 21.164 0.290225 0.518117 0.842417 0.178292 6.15515 4.92863
internal_count=25485 9010 7048 1367 1962 16475 1804 629 1767 158 596 1744 1716 132 1680 68 738 103 90 1612 131 5681 579 16454 201 40 635 115 539 436
is_linear=0
shrinkage=0.05


Tree=87
num_leaves=31
num_cat=0
split_feature=9 13 18 2 9 3 9 8 0 1 9 3 3 3 9 0 9 8 2 4 6 3 0 8 0 8 9 11 16 3
split_gain=37.1361 5.58232 4.97393 2.73965 0.737749 3.07945 0.557764 0.601023 1.20084 0.321815 0.0564954 0.709615 0.00707144 0.00410695 0.00179148 0.00101742 0.000549476 0.000221797 0.000176683 0.0001012 0.0001302 3.02796e-05 2.35849e-05 2.42628e-05 6.39287e-06 5.31545e-06 2.43298e-05 1.65129e-05 7.40314e-06 2.33673e-06
threshold=-0.53134802822849891 1.0000000180025095e-35 1.0000000180025095e-35 2.740319461670996 -0.21171336248670511 4.6478001079635041 -0.71929357792026261 214.08333333333334 0.18981894877374797 11.655418162737622 -1.0000000180025095e-35 4.6478001079635041 7.4985928023719568 7.4662273925763296 -0.64496489641977461 0.25312869671181232 -0.19294029418538369 194.13802816901412 2.6735537653587347 7.5019101675073623 3.5805906715287965 7.4874537278250921 0.37202812412846625 276.07250470809799 1.2123139845310107 270.04000000000002 0.095300673146820905 0.011976477337923123 1.0000000180025095e-35 7.4154760425143449
decision_type=2 2 2 2 2 2 2 2 2 2 2 2 2 2 2 2 2 2 2 2 2 2 2 2 2 2 2 2 2 2
left_child=6 4 9 16 5 -2 -1 -8 14 12 11 -6 13 15 -9 -3 -4 -12 -17 20 -14 24 23 -21 29 26 27 -24 -29 -18
right_child=1 2 3 -5 10 -7 7 8 -10 -11 17 -13 19 -15 -16 18 21 -19 -20 22 -22 -23 25 -25 -26 -27 -28 28 -30 -31
leaf_value=-0.050061152781269186 -0.050061084720359042 -0.056588165061021559 0.052589383166857163 -0.050083344314634064 -0.050073449019133937 0.050564125200164338 -0.050061195351431269 0.0561961223180251 -0.050063083484173689 0.050809809756432414 0.050556622192789218 0.050584610396270026 -0.050153607537280875 -0.059350971713894224 0.050521216316653517 -0.050109336187722113 0.05056972160876412 0.051554373605159881 -0.052394943966887014 -0.051257384378661189 -0.052451762370721293 0.051161759505207995 -0.051403436676965508 -0.050060429767205941 0.050861091657279804 -0.050061466112061741 -0.05006740457906711 -0.050225569982526946 -0.050826269563501683 0.050713206043396457
leaf_weight=22.301489488221709 0.99811239470727997 0.10954244667664159 0.41668725106865201 0.82813117210753251 0.19081494770944418 3.1914593586698174 1.1085539939813309 0.24153177998960018 0.56276825140230358 0.078420257195830234 17.372288490645591 2.1248953426256776 0.12785003671888295 0.39398562768474221 0.32783194584771969 0.20275615993887186 2.3169280877336873 0.57544387690722842 0.14503647875972092 0.10012329521123353 0.11898853874299675 0.27157332468777884 0.054058987530879454 0.073356865323148668 0.23192173894494761 0.99070411687716842 0.69803679455071688 0.14971565315499902 0.078019842272624373 0.32335247099399556
leaf_count=18282 819 4 11 636 141 290 908 14 451 5 1597 187 81 14 34 131 210 29 8 29 16 13 4 61 16 810 553 76 8 24
internal_value=-0.0013511 0.0339951 -0.00310421 0.0318308 0.0456913 0.0265914 -0.0476719 -0.0238917 0.00173275 -0.0492753 0.0496403 0.0422904 -0.0516961 -0.0556093 0.0529286 -0.052386 0.0508833 0.0505886 -0.0510625 -0.0503027 -0.0512614 0.0506571 -0.0501923 -0.0507512 0.0506094 -0.0501431 -0.0502257 -0.0506178 -0.0504314 0.0505873
internal_weight=56.7044 32.1622 7.70919 4.38859 24.453 4.18957 24.5422 2.24069 1.13213 3.3206 20.2634 2.31571 3.24217 0.851321 0.569364 0.457335 3.56046 17.9477 0.347793 2.39085 0.246839 3.14378 2.14402 0.17348 2.8722 1.97054 0.979831 0.281794 0.227735 2.64028
internal_count=25462 5773 2710 910 3063 1109 19689 1407 499 1800 1954 328 1795 157 48 143 274 1626 139 1638 97 263 1541 90 250 1451 641 88 84 234
is_linear=0
shrinkage=0.05


Tree=88
num_leaves=31
num_cat=0
split_feature=9 7 13 18 11 5 9 7 0 9 3 3 1 9 3 8 0 9 9 8 8 3 0 7 8 5 7 8 8 4
split_gain=35.1393 5.14289 1.87145 3.72604 1.5469 0.971417 0.574216 0.697018 1.06896 0.393789 1.96535 0.311706 0.291531 0.0438464 0.708165 0.00553075 0.00263444 0.00151697 0.000472234 0.000223822 0.000133785 2.35849e-05 5.84563e-06 2.90075e-06 2.09231e-06 1.68939e-06 7.25272e-07 6.6719e-07 4.51797e-07 3.6648e-07
threshold=-0.53134802822849891 199.50000000000003 8.889385476361246e-05 1.0000000180025095e-35 0.033908045977011504 8.105272220662707 -0.71929357792026261 119.50000000000001 0.11812552495011401 -0.26634925049910491 4.6478001079635041 4.6478001079635041 11.655418162737622 -1.0000000180025095e-35 4.6478001079635041 114.08333333333336 0.23679151610846974 -0.64496489641977461 -0.19294029418538369 251.04347826086959 194.13802816901412 7.4767551062824937 1.2123139845310107 125.50000000000001 276.07250470809799 8.5518729798429955 192.50000000000003 254.08333333333334 177.27179487179492 7.3808759299945494
decision_type=2 2 2 2 2 2 2 2 2 2 2 2 2 2 2 2 2 2 2 2 2 2 2 2 2 2 2 2 2 2
left_child=6 2 5 15 25 11 -1 -8 17 10 -7 -2 -3 14 -11 -4 -17 -9 -6 -18 28 22 23 29 -21 -5 -16 -12 -15 -20
right_child=1 12 3 4 18 9 7 8 -10 13 27 -13 -14 20 26 16 19 -19 21 24 -22 -23 -24 -25 -26 -27 -28 -29 -30 -31
leaf_value=-0.050058166982570734 -0.050059180333272904 -0.050063376072053814 -0.061441436878374771 -0.050071434231312065 0.052455853389005574 -0.050058127770145504 -0.05005820709243182 0.055729839695998887 -0.050060782246071446 -0.050068248591001632 0.050529999433809494 0.050563728893397511 0.050769690725224283 0.050527569290913357 0.050539634162177917 -0.055983689641024986 -0.051572941569671994 0.050493399234932818 0.050529282747051575 -0.050381089173715955 0.051358617201103046 0.051086690529771273 0.050824264027269486 0.05069910341196391 -0.050060159876907366 -0.050481642883366297 0.050620806777561568 0.050618146376208463 0.050595213096513672 0.050593416534582741
leaf_weight=21.1637589634629 0.3453678702935673 1.8020711665740226 0.16590951499529083 0.40128704428207163 0.39869478158652816 0.60890292713885275 1.1288713250542053 0.23818407393991947 0.456602115300484 0.18748038401828582 2.1577866533771162 0.099034314043819904 0.0746531132608651 16.086339998990287 2.2879801755771045 0.29303438414353866 0.40340043208561815 0.32983093056827761 1.9105865210294739 0.055282047367654741 0.50035936571657558 0.25047366321086872 0.2237604372203349 0.31526780501008023 0.62451016873819754 0.026773768477141857 0.31280522979795922 0.23838848806917656 0.25069378409534593 0.2521461285650729
leaf_count=18237 295 1506 4 325 11 525 972 15 382 148 208 9 5 1557 217 24 33 36 185 13 29 13 16 24 527 3 26 20 22 22
internal_value=-0.00142216 0.0341111 0.0394091 0.0126791 0.0394071 0.0455731 -0.0475553 -0.0229576 0.00690052 0.0470107 0.0301554 -0.0276355 -0.0460524 0.0495915 0.043784 -0.0528174 -0.0517778 0.0526892 0.0508407 -0.0506399 0.0505533 0.0506225 0.0505795 0.0505574 -0.0500863 -0.0500971 0.0505494 0.0505388 0.0505286 0.0505368
internal_weight=53.5902 30.273 28.3963 5.32113 3.77899 23.0751 23.3172 2.15349 1.02462 22.6307 3.00508 0.444402 1.87672 19.6257 2.78827 1.54214 1.37623 0.568015 3.35093 1.08319 16.8374 2.95223 2.70176 2.478 0.679792 0.428061 2.60079 2.39618 16.337 2.16273
internal_count=25409 5767 4256 1200 599 3056 19642 1405 433 2752 753 304 1511 1999 391 601 597 51 271 573 1608 260 247 231 540 328 243 228 1579 207
is_linear=0
shrinkage=0.05


Tree=89
num_leaves=31
num_cat=0
split_feature=9 7 6 8 9 7 3 1 9 7 0 1 8 11 7 4 11 8 4 4 3 8 4 8 0 7 7 4 0 1
split_gain=34.2571 4.85277 1.6757 1.23487 0.957021 2.42332 0.938012 0.548655 0.470752 0.61497 0.958276 0.276978 0.246837 0.0902576 0.809079 0.119064 0.0615296 0.036401 0.00126698 0.000230169 0.000229907 0.00010138 1.19304e-05 1.07917e-05 1.02871e-05 2.94785e-06 2.45592e-06 2.6701e-07 2.18542e-07 1.74071e-07
threshold=-0.53134802822849891 199.50000000000003 2.1376109762125082 265.04409317803669 -0.21171336248670511 94.500000000000014 7.3839892650846801 9.9394336746564438 -0.71929357792026261 119.50000000000001 0.11812552495011401 11.655418162737622 239.12500000000003 0.036375661375661381 94.500000000000014 7.3808759299945494 0.036375661375661381 197.13358778625957 5.5114085413964808 7.1944365692869114 5.2548844000372066 208.16666666666671 5.4183177007383536 114.08333333333336 1.1744478143752708 125.50000000000001 122.50000000000001 7.1944365692869114 1.79356664220696 10.602000862585358
decision_type=2 2 2 2 2 2 2 2 2 2 2 2 2 2 2 2 2 2 2 2 2 2 2 2 2 2 2 2 2 2
left_child=8 2 27 4 5 -4 16 28 -1 -10 18 29 13 14 21 19 20 23 -11 22 -7 -6 -16 25 26 -15 -25 -2 -5 -3
right_child=1 11 3 7 12 6 -8 -9 9 10 -12 -13 -14 17 15 -17 -18 -19 -20 -21 -22 -23 -24 24 -26 -27 -28 -29 -30 -31
leaf_value=-0.050055328639180441 -0.050181888905232321 -0.050058312150479269 -0.050055657966306871 -0.050058452924763588 -0.050067845408298423 0.050507014974038526 -0.052071001578518551 0.050513170698772564 -0.050055362532324454 0.050478106573163817 -0.05005779538519145 0.050731590599416468 0.0043793431688361256 0.050501994519066701 0.050515764007837652 0.01454986375995778 0.024080655349271424 0.029553298992367139 0.055565561620425453 0.048901867548820088 0.05215483295491477 -0.052661614668596618 0.050891223607386973 0.050516036076793239 0.050838521226696944 0.050682346081536572 0.05070741278695462 -0.050056375629943209 -0.050219230941254057 -0.050184144661066833
leaf_weight=20.189917905721817 0.046699152328080085 1.6401712006772857 0.91200754954480601 0.49317381239961733 0.17526959488168659 2.7684580050408854 0.2486901192460208 0.18401413224637508 1.0848465459421266 0.27145790308713902 0.41829572292044759 0.071064224466681369 0.31763126701116462 15.522179516032342 2.6022536130622043 0.25020374148152758 0.23530809395015229 0.20959176495671172 0.22284235851839185 0.23007868602871884 0.2292023580521344 0.04798734188079834 0.23030175827443589 0.80409091897308715 0.47154350578784932 0.22992785088718015 0.2117946445941925 0.45738924300530925 0.022082308772951365 0.027952372562140115
leaf_count=18289 21 1457 824 436 141 279 23 19 982 31 368 5 9 1578 258 22 7 6 14 18 11 1 18 80 36 18 17 411 13 8
internal_value=-0.00112794 0.0350025 0.0402359 0.0419605 0.0437445 0.0224974 0.0415025 -0.0235979 -0.0477645 -0.0246096 0.00563895 -0.045942 0.0481267 0.0487888 0.0415047 0.0477134 0.0487004 0.050265 0.0527717 0.0504228 0.050633 -0.0506254 0.0505463 0.0505168 0.0506455 0.0505046 0.0505559 -0.050068 -0.0500653 -0.0500604
internal_weight=50.8264 28.6391 26.8999 26.3958 25.6965 4.39367 3.48166 0.69927 22.1874 1.99744 0.912596 1.73919 21.3029 20.9852 3.53609 3.31284 3.23297 17.4491 0.4943 3.06263 2.99766 0.223257 2.83256 17.2395 1.48743 15.7521 1.01589 0.504088 0.515256 1.66812
internal_count=25400 5716 4246 3814 3346 1144 320 468 19684 1395 413 1470 2202 2193 458 316 297 1735 45 294 290 142 276 1729 133 1596 97 432 449 1465
is_linear=0
shrinkage=0.05


Tree=90
num_leaves=31
num_cat=0
split_feature=9 13 18 2 5 9 7 0 9 3 1 3 9 3 3 3 8 0 9 2 8 4 6 3 7 8 0 9 8 3
split_gain=31.7943 4.86288 4.44675 2.341 0.950693 0.480629 0.611417 0.928718 0.359622 1.74072 0.276874 0.233181 0.0426967 0.662069 0.00564563 0.00337375 0.000981476 0.000735683 0.00029539 0.000127525 0.000122806 7.28119e-05 9.05609e-05 4.32506e-05 2.04597e-05 5.39063e-05 3.94368e-06 2.20519e-06 8.31143e-07 6.5576e-07
threshold=-0.53134802822849891 1.0000000180025095e-35 1.0000000180025095e-35 2.740319461670996 8.105272220662707 -0.71929357792026261 119.50000000000001 0.11812552495011401 -0.26634925049910491 4.6478001079635041 11.655418162737622 4.6478001079635041 -1.0000000180025095e-35 4.6478001079635041 7.4985928023719568 7.4662273925763296 247.02307692307696 0.23679151610846974 -0.19294029418538369 2.6735537653587347 194.13802816901412 7.5019101675073623 3.5805906715287965 7.4874537278250921 198.50000000000003 267.48845327604732 1.2123139845310107 0.32400281177755735 177.27179487179492 7.4154760425143449
decision_type=2 2 2 2 2 2 2 2 2 2 2 2 2 2 2 2 2 2 2 2 2 2 2 2 2 2 2 2 2 2
left_child=5 4 10 18 11 -1 -7 16 9 -6 14 -2 13 -10 15 17 -8 -3 -4 -19 28 22 -16 26 25 -23 27 29 -14 -20
right_child=1 2 3 -5 8 6 7 -9 12 -11 -12 -13 20 -15 21 -17 -18 19 23 -21 -22 24 -24 -25 -26 -27 -28 -29 -30 -31
leaf_value=-0.050052625568209309 -0.050053529464410412 -0.055927815584048995 0.05219047719580603 -0.050073565218755813 -0.050052588360272945 -0.050052656339426974 0.050458243696624029 -0.050054992925140998 -0.050061378088491294 0.050486522456704333 0.050695400200856472 0.050513997238180799 0.050476861147950608 0.050497632062874324 -0.050129195207776756 -0.058738570009312589 0.054937196729901806 -0.050097781756187287 0.050481714190222196 -0.052090437002793255 0.05127995272650842 -0.050985538843999589 -0.0521886766674792 0.051200659747073475 -0.050055788071574514 -0.050061101130216501 0.050720723051943861 0.050663175806505457 0.05057107011517617 0.050577034324679561
leaf_weight=19.230693329358477 0.31887406494934722 0.10051305219531048 0.32008803822100196 0.70473027578555036 0.54262067598757413 1.0309054609388102 0.26132610393688072 0.40014077059458941 0.17593751777895805 2.0840634973719716 0.06764541845768679 0.070356906391680241 14.756445491686444 2.3498228741809726 0.10721230623312328 0.36812649696366861 0.22992623224854469 0.17184580536559224 1.9269192451611181 0.15070611913688481 0.49352707806974727 0.24864229978993524 0.10630480543477461 0.26126498542726029 1.1976380937267093 0.43114293308462948 0.23466097190976132 0.20286482013761986 0.23789018858224231 0.19907361082732666
leaf_count=18312 301 4 10 623 517 981 31 370 154 219 5 7 1577 242 83 14 16 127 205 10 30 27 16 13 1119 400 19 16 22 18
internal_value=-0.00146475 0.033656 -0.00310172 0.0322934 0.0455408 -0.0476697 -0.0238314 0.00649379 0.0470006 0.0297171 -0.0492941 -0.0318751 0.0495209 0.043493 -0.0516409 -0.0552384 0.0525546 -0.0521927 0.0507509 -0.0510288 0.0505039 -0.0502796 -0.0511546 0.0505878 -0.0501801 -0.0503992 0.0505254 0.0505057 0.0504784 0.0504906
internal_weight=48.9819 27.8289 6.79938 3.8496 21.0295 21.153 1.9223 0.891393 20.6403 2.62668 2.94978 0.389231 18.0136 2.52576 2.88213 0.791191 0.491252 0.423065 3.14487 0.322552 15.4879 2.09094 0.213517 2.82478 1.87742 0.679785 2.56352 2.32886 14.9943 2.12599
internal_count=25488 5778 2709 904 3069 19710 1398 417 2761 736 1805 308 2025 396 1800 155 47 141 281 137 1629 1645 99 271 1546 427 258 239 1599 223
is_linear=0
shrinkage=0.05


Tree=91
num_leaves=31
num_cat=0
split_feature=9 13 7 1 5 9 7 0 9 3 1 3 3 9 3 8 11 3 3 3 9 8 9 11 0 9 3 7 8 0
split_gain=30.1379 4.33852 3.76821 1.87924 0.797161 0.425357 0.545163 0.881165 0.370954 1.7185 0.260961 0.256319 0.16357 0.0408815 0.621371 0.0393736 0.0296557 0.0278478 0.00537132 0.00287062 0.00101915 0.000122847 0.0001122 8.47044e-05 6.91333e-05 5.99108e-05 2.88286e-05 1.78841e-05 1.84189e-05 1.67192e-05
threshold=-0.53134802822849891 1.0000000180025095e-35 129.50000000000003 2.8029010331479989 8.0695940463597982 -0.71929357792026261 119.50000000000001 0.11812552495011401 -0.26634925049910491 4.6478001079635041 11.655418162737622 6.929516292058147 4.6478001079635041 -1.0000000180025095e-35 4.6478001079635041 135.64166666666668 0.039230769230769243 7.1308985102962454 7.4985928023719568 7.4662273925763296 -0.64496489641977461 194.13802816901412 -0.19294029418538369 0.046536796536796543 0.18981894877374797 0.5397819860804921 7.4874537278250921 198.50000000000003 270.04000000000002 1.9603048091329318
decision_type=2 2 2 2 2 2 2 2 2 2 2 2 2 2 2 2 2 2 2 2 2 2 2 2 2 2 2 2 2 2
left_child=5 4 3 11 12 -1 -7 20 9 -6 18 -3 -2 14 -10 22 -17 -18 19 23 -8 -15 -13 -4 -20 -5 -24 28 29 -26
right_child=1 2 10 25 8 6 7 -9 13 -11 -12 15 -14 21 -16 16 17 -19 24 -21 -22 -23 26 -25 27 -27 -28 -29 -30 -31
leaf_value=-0.050050063568370523 -0.0500506361321328 -0.0062029746850973356 -0.052270458636521827 -0.050074996340764323 -0.050050022712376553 -0.050050079458767154 0.055227390128698595 -0.050052232760528517 -0.05005853692328957 0.050460880722634188 0.050661027864591396 0.051718139285257841 0.050489121421553707 0.05045461673463391 0.050472448510526097 0.051579048491352898 0.03935030330272269 0.0055319720482530964 -0.051949998864266315 -0.059457047183961879 0.050428951109163726 0.051285048408243855 0.050491695247225271 -0.050094193200539296 -0.050949024870136583 -0.05135976627826614 0.051118276887606021 -0.050052290607406583 -0.050049915474853018 -0.050178769618734437
leaf_weight=18.212637917255055 0.25939063192345813 0.23087585304165248 0.11043303750921118 0.5112479671370237 0.54114259372000661 0.9805864073568944 0.19598624808713794 0.39149871258996427 0.16542643483263519 1.9860620796680448 0.064388872124254592 0.22205631213728416 0.047929785214364529 13.972072155214828 2.1694777831435204 0.14381838962435711 0.12551192956743762 0.1182004720903933 0.054269906948320901 0.27170030184788629 0.25415693689137697 0.46000615879893381 2.2135151922702794 0.075130380515474826 0.18218790902756143 0.11031914642080665 0.20017344877123822 1.472878102911636 0.22299076872877777 0.11487101414240897
leaf_count=18230 258 33 6 472 542 981 13 381 152 220 5 7 5 1566 235 7 18 29 12 8 32 28 236 56 17 35 11 1450 224 74
internal_value=-0.0016411 0.0338229 -0.00176626 0.0293605 0.0455239 -0.0477456 -0.0247132 0.00480643 0.0467964 0.0289388 -0.0487283 0.0445768 -0.0343704 0.049488 0.0433499 0.0484547 0.0335737 0.0229484 -0.0512836 -0.0561831 0.0525181 0.0504811 0.0506426 -0.0513893 -0.0501892 -0.050303 0.0505437 -0.0501413 -0.0503934 -0.0506512
internal_weight=46.0809 26.0461 6.44457 3.87572 19.6015 20.0349 1.82223 0.841642 19.2942 2.5272 2.56885 3.25415 0.30732 16.767 2.3349 3.02328 0.387531 0.243712 2.50446 0.457264 0.450143 14.4321 2.63574 0.185563 2.0472 0.621567 2.41369 1.99293 0.52005 0.297059
internal_count=25343 5706 2700 848 3006 19637 1407 426 2743 762 1852 341 263 1981 387 308 54 47 1847 70 45 1594 254 62 1777 507 247 1765 315 91
is_linear=0
shrinkage=0.05


Tree=92
num_leaves=31
num_cat=0
split_feature=9 13 18 3 5 9 7 0 9 3 1 3 9 8 3 3 3 9 0 9 9 8 8 4 6 3 7 8 0 7
split_gain=28.66 4.32126 4.07074 2.15863 0.881021 0.405446 0.520026 0.831198 0.311411 1.88607 0.249829 0.211214 0.013138 0.136649 0.128671 0.00414693 0.00239119 0.000829218 0.000631216 0.000255343 0.000217279 0.000117386 9.51081e-05 5.52305e-05 6.7878e-05 2.84285e-05 1.33317e-05 3.89299e-05 5.52218e-06 1.7582e-06
threshold=-0.53134802822849891 1.0000000180025095e-35 1.0000000180025095e-35 7.6955305627591644 8.105272220662707 -0.71929357792026261 119.50000000000001 0.11812552495011401 -0.19294029418538369 4.6478001079635041 11.655418162737622 4.6478001079635041 -0.032921913680208796 152.05000000000004 4.6478001079635041 7.4985928023719568 7.4662273925763296 -0.64496489641977461 0.23679151610846974 -0.21171336248670511 1.0000000180025095e-35 194.13802816901412 152.05000000000004 7.5019101675073623 3.5805906715287965 7.4874537278250921 198.50000000000003 267.48845327604732 1.1744478143752708 125.50000000000001
decision_type=2 2 2 2 2 2 2 2 2 2 2 2 2 2 2 2 2 2 2 2 2 2 2 2 2 2 2 2 2 2
left_child=5 4 10 19 11 -1 -7 17 9 -6 15 -2 13 14 -10 16 18 -8 -3 -4 -14 -22 -20 24 -17 28 27 -25 29 -21
right_child=1 2 3 -5 8 6 7 -9 12 -11 -12 -13 20 -15 -16 23 -18 -19 22 25 21 -23 -24 26 -26 -27 -28 -29 -30 -31
leaf_value=-0.050047609842544499 -0.050048448106385382 -0.055577983479924389 0.052112723564538756 -0.050065925135047901 -0.050047617579956398 -0.050047639933081346 0.054831476961717807 -0.050049804208867399 -0.050055097185723742 0.050441281152944717 0.050628372386200521 0.05046419336153482 0.048715565336048643 0.050448404635981804 0.050500707525028235 -0.050122779413905805 -0.057743669373647333 0.050408643101961831 -0.051906689057180246 0.05044670208308475 0.050432458196397925 0.05122524264667741 -0.050121027405135979 -0.050898664071456635 -0.051996371744097603 0.051074918902420198 -0.050050384281291993 -0.050054944275765505 0.05067796381982112 0.050580347107299584
leaf_weight=17.368893480976116 0.29443534760503709 0.095585740928072371 0.28949537593871388 0.64938845444703464 0.56554214120843349 0.92908006231300422 0.19307562708854675 0.36833640263648704 0.069246356084483263 2.6782012432813644 0.061287097632884868 0.063546520657837391 0.1807692090514913 1.2103593526408074 0.058849606662988663 0.097828923084307351 0.34104397404007614 0.2349193450063467 0.13438078691251576 1.7577181584201769 13.2401646124199 0.48399192094802934 0.16753678733948618 0.20778010867070396 0.095563050941564143 0.23363716434687365 1.0731418989598749 0.39975561038590968 0.35930103249847878 0.28616037731990207
leaf_count=18278 307 4 9 637 595 977 14 376 65 310 5 7 21 138 6 81 16 31 12 202 1559 31 130 25 15 13 1110 411 34 26
internal_value=-0.00158866 0.0335359 -0.00249346 0.0324023 0.0454844 -0.0477512 -0.0246346 0.00501477 0.0469888 0.0329212 -0.0491581 -0.0322061 0.0499823 0.0452511 -0.00385794 -0.0514989 -0.0546722 0.0524039 -0.0520369 0.0507031 0.0504377 0.0504604 -0.0509158 -0.0502484 -0.0510486 0.0505484 -0.0501563 -0.0503435 0.0504972 0.0504654
internal_weight=44.189 25.0947 6.2496 3.5757 18.8451 19.0943 1.72541 0.796331 18.4871 3.24374 2.6739 0.357982 15.2434 1.33846 0.128096 2.61262 0.738547 0.427995 0.397503 2.92631 13.9049 13.7242 0.301918 1.87407 0.193392 2.63682 1.68068 0.607536 2.40318 2.04388
internal_count=25445 5769 2730 921 3039 19676 1398 421 2725 905 1809 314 1820 209 71 1804 162 45 146 284 1611 1590 142 1642 96 275 1546 436 262 228
is_linear=0
shrinkage=0.05


Tree=93
num_leaves=31
num_cat=0
split_feature=9 13 18 2 9 3 9 7 0 1 9 3 3 3 8 0 9 8 2 4 0 3 7 8 7 4 8 3 7 3
split_gain=27.1837 4.20342 3.75879 1.991 0.529032 2.31064 0.368373 0.486 0.771801 0.237314 0.0447595 0.539094 0.00377039 0.00189823 0.000637523 0.000510304 0.000158005 0.000106886 9.62785e-05 4.55056e-05 5.72768e-05 2.50801e-05 1.33315e-05 3.45149e-05 2.11506e-06 3.56215e-07 3.55809e-07 3.01937e-07 2.92876e-07 2.83241e-07
threshold=-0.53134802822849891 1.0000000180025095e-35 1.0000000180025095e-35 2.740319461670996 -0.21171336248670511 4.6478001079635041 -0.71929357792026261 119.50000000000001 0.11812552495011401 11.655418162737622 -1.0000000180025095e-35 4.6478001079635041 7.4985928023719568 7.4662273925763296 247.02307692307696 0.23679151610846974 -0.19294029418538369 194.13802816901412 2.6735537653587347 7.5019101675073623 0.64848281364238425 7.4874537278250921 198.50000000000003 267.48845327604732 124.50000000000001 5.5471267646873921 177.27179487179492 7.7523350709649703 193.50000000000003 7.4021465497810377
decision_type=2 2 2 2 2 2 2 2 2 2 2 2 2 2 2 2 2 2 2 2 2 2 2 2 2 2 2 2 2 2
left_child=6 4 9 16 5 -2 -1 -8 14 12 11 -6 13 15 -9 -3 -4 26 -17 20 -14 24 23 -21 29 -7 -12 -22 -13 -18
right_child=1 2 3 -5 10 25 7 8 -10 -11 17 28 19 -15 -16 18 21 -19 -20 22 27 -23 -24 -25 -26 -27 -28 -29 -30 -31
leaf_value=-0.050045288175388294 -0.050045239984433693 -0.055278233651169822 0.051846100716287091 -0.050063186316976219 -0.050055895958007107 0.050412975490200712 -0.050045317212509134 0.050396315393908091 -0.05004730161325846 0.050597350406348697 0.050409838709386527 0.050425220965322926 -0.051859993093009815 -0.057376795524926007 0.054407906868186855 -0.050075903018055069 0.05041983535660563 0.05120482730943509 -0.052019630221482087 -0.05085309888204579 -0.050245203452710031 0.05102351949140721 -0.05004759032096992 -0.05005267414971995 0.050560303185366397 0.050489755052551225 0.050478476860069094 -0.050057580430714635 0.050494232548112611 0.050487742552411508
leaf_weight=16.483648213674318 0.74599241808755978 0.091404527076519915 0.23808121588081155 0.60226801474345837 0.14597787533421502 2.2971004853025083 0.88838799484074005 0.2034401367418468 0.34346006345003843 0.058332933112978824 12.434158970136185 1.3841607430949805 0.092892048298381158 0.32434271031524986 0.19298800127580762 0.14469438855303451 1.6982640023343276 0.43864210089668709 0.11382622516248375 0.21295524790184561 0.032193012244533747 0.20625312998890866 1.0399354103137737 0.36641432746546343 0.34759963070973743 0.16169760935008515 0.19172178022563535 0.064214407291729003 0.17294663190841664 0.16881956858560432
leaf_count=18234 826 4 9 620 144 283 982 28 369 5 1542 166 17 14 15 126 207 28 6 26 17 12 1132 395 34 17 21 64 18 18
internal_value=-0.00165515 0.0335016 -0.00349897 0.0320242 0.0454474 0.0270328 -0.0478041 -0.0251163 0.00481621 -0.0490881 0.0494437 0.0418196 -0.0514301 -0.0546212 0.0523492 -0.0520671 0.050617 0.0504375 -0.0509317 -0.0502404 -0.050974 0.0504962 -0.0501547 -0.0503469 0.0504471 0.050418 0.0504109 -0.0501202 0.0504329 0.050426
internal_weight=41.8868 23.7749 5.80249 3.26129 17.9724 3.20479 18.1119 1.62828 0.739888 2.54121 14.7676 1.70309 2.48287 0.674268 0.396428 0.349925 2.65902 13.0645 0.258521 1.8086 0.189299 2.42094 1.6193 0.57937 2.21468 2.4588 12.6259 0.0964074 1.55711 1.86708
internal_count=25379 5751 2706 900 3045 1126 19628 1394 412 1806 1919 328 1801 150 43 136 280 1591 132 1651 98 271 1553 421 259 300 1563 81 184 225
is_linear=0
shrinkage=0.05


Tree=94
num_leaves=31
num_cat=0
split_feature=9 7 13 8 2 5 9 7 1 9 3 1 3 9 3 4 1 8 5 6 8 2 9 8 8 3 3 9 2 8
split_gain=26.4349 3.80314 1.30378 2.65606 1.06888 0.68481 0.357355 0.459993 0.749868 0.325478 1.34351 0.173981 0.0900042 0.0461777 0.695647 0.0403204 0.000901854 0.000524692 0.000367451 0.000392541 0.000175574 0.000158344 7.36503e-05 4.50362e-05 2.83921e-05 2.65546e-05 2.11073e-05 1.87182e-05 5.94252e-06 3.06405e-06
threshold=-0.53134802822849891 199.50000000000003 8.889385476361246e-05 141.03601694915258 2.740319461670996 8.0461435594711883 -0.71929357792026261 119.50000000000001 1.4978661367769956 -0.3014177459159994 4.6478001079635041 11.655418162737622 4.6478001079635041 -1.0000000180025095e-35 4.6478001079635041 7.5019101675073623 2.524928003624769 247.02307692307696 10.133340735382275 3.6208330082595634 251.04347826086959 2.4414009612931857 -0.19294029418538369 94.083333333333357 197.13358778625957 7.2320092860153666 7.4874537278250921 -0.064281490419500806 2.6735537653587347 270.04000000000002
decision_type=2 2 2 2 2 2 2 2 2 2 2 2 2 2 2 2 2 2 2 2 2 2 2 2 2 2 2 2 2 2
left_child=6 2 5 4 15 12 -1 -8 17 10 -7 -3 -2 14 -11 22 18 -9 19 28 21 -18 -4 -24 -15 -6 -25 -23 -5 -22
right_child=1 11 3 16 25 9 7 8 -10 13 -12 -13 -14 24 -16 -17 20 -19 -20 -21 29 27 23 26 -26 -27 -28 -29 -30 -31
leaf_value=-0.050043077781641743 -0.050043580785856884 -0.050046212458591623 0.051364785148275353 -0.050099932159462894 -0.051521322407576155 -0.050043046059209312 -0.050043107930240083 0.050377147267551749 -0.050045070958701435 -0.05004949363667071 0.050393151866458243 0.050567881827705025 0.050423173528955749 0.050390925968155198 0.050407861886711681 0.027277253152224352 -0.052812686099644207 0.054077733295940837 -0.056399616842231937 -0.05507862173490629 -0.050491129061066335 -0.050296533735918171 0.049769733616764886 0.050431132416315062 0.050877717493299751 -0.050062454776570155 0.050997556399180077 -0.051266342720341675 -0.050911122091282957 -0.050044273988904098
leaf_weight=15.791278707270978 0.20940689893906039 1.3164920809213061 0.2184050949290407 0.058074123749974893 0.03529799380339671 0.43402672105004114 0.84341056295670458 0.19315292313694954 0.33692536636954173 0.18609223648673934 1.4300214354880152 0.04441561922430981 0.024948329664766788 12.196459452155956 2.3305551735684276 0.20229016058146942 0.14596748305484653 0.19001771649345756 0.1005939245223999 0.085949540371075273 0.042031574761494994 0.12947555212303996 0.24953159491997157 1.8448484018445017 0.30707948654890138 0.26817568991100416 0.1805692696943878 0.080806374724488705 0.036936366115696728 0.4394091822905466
leaf_count=18363 242 1491 10 48 3 505 980 28 380 202 185 4 3 1586 292 7 5 16 1 2 7 68 31 226 26 278 11 6 4 503
internal_value=-0.00137565 0.0342663 0.0394588 0.0142009 0.0387306 0.0455353 -0.0477855 -0.0249837 0.00436715 0.0467135 0.0270075 -0.0467625 -0.0393484 0.0491591 0.0429796 0.048746 -0.0515288 0.0522123 -0.0539769 -0.0526302 -0.050706 -0.0515475 0.0504877 0.0504035 0.0504029 -0.0502321 0.0504816 -0.0506692 -0.0504153 -0.0500833
internal_weight=39.9526 22.5979 21.237 4.11836 2.99912 17.1186 17.3548 1.56351 0.720096 16.8842 1.86405 1.36091 0.234355 15.0202 2.51665 2.69564 1.11924 0.383171 0.281554 0.18096 0.83769 0.356249 2.49335 2.27495 12.5035 0.303474 2.02542 0.210282 0.0950105 0.481441
internal_count=25513 5746 4251 1210 566 3041 19767 1404 424 2796 690 1495 245 2106 494 285 644 44 55 54 589 79 278 268 1612 281 237 74 52 510
is_linear=0
shrinkage=0.05


Tree=95
num_leaves=31
num_cat=0
split_feature=9 7 6 8 9 7 3 1 9 7 0 8 0 1 11 8 7 4 9 7 3 11 3 8 0 4 4 9 1 4
split_gain=24.9846 3.66415 1.1879 0.941366 0.700218 1.84007 0.880989 0.35367 0.340016 0.448442 0.709211 0.27159 0.291032 0.165542 0.0508455 0.441283 0.0126473 0.0107943 0.000536875 1.25453e-05 4.26389e-06 2.02989e-06 1.4317e-06 5.5362e-07 1.0329e-06 1.28633e-07 9.87637e-08 9.29807e-08 7.06925e-08 5.99725e-08
threshold=-0.53134802822849891 199.50000000000003 2.1376109762125082 270.04000000000002 -0.19294029418538369 94.500000000000014 7.3346551887924436 10.070801030819768 -0.71929357792026261 120.50000000000001 0.11812552495011401 194.13802816901412 0.11812552495011401 11.655418162737622 0.033908045977011504 147.01898734177217 193.50000000000003 7.3808759299945494 -0.64496489641977461 124.50000000000001 7.4021465497810377 0.036375661375661381 5.2548844000372066 114.08333333333336 1.2349869032859482 7.1944365692869114 5.3867833963027953 -0.032921913680208796 10.602000862585358 5.5353618778730294
decision_type=2 2 2 2 2 2 2 2 2 2 2 2 2 2 2 2 2 2 2 2 2 2 2 2 2 2 2 2 2 2
left_child=8 2 25 4 5 -4 17 -5 -1 -10 18 14 26 28 15 27 -17 22 -11 21 -21 -16 29 -23 -25 -2 -13 -6 -3 -7
right_child=1 13 3 7 11 6 -8 -9 9 10 -12 12 -14 -15 19 16 -18 -19 -20 20 -22 23 -24 24 -26 -27 -28 -29 -30 -31
leaf_value=-0.050040977127379184 -0.05014132434310771 -0.050043288650863375 -0.05004122971370295 -0.050042580235314042 -0.050049566067868714 0.050372247169381427 -0.051765666570265684 0.050340120767232932 -0.050041001816157608 0.054155535589672621 -0.050042930417645431 0.050387407217756634 -0.0011004566398006238 0.05053987821323136 0.050507357966921643 0.050378123748951155 0.035463315144892225 0.037900396381728201 0.05031903124880982 0.050495753638186536 0.050812710486644333 0.050370891637435966 0.050508911944851353 0.050380554506365853 0.050504120443712136 -0.050041592949517599 0.050433778111052444 -0.050157987283646281 -0.050136369652106064 0.050401271753136294
leaf_weight=14.965761511877647 0.035881354182499048 1.2445831185905252 0.6948719421052475 0.38005599065218021 0.09823818173026666 1.9430391294881717 0.23471341771073628 0.11408326681703329 0.81950300373136886 0.16859440482221544 0.31656605674652383 0.35776256024837383 0.57218706328421831 0.042272262275218853 0.2916035605594488 1.2492360854521392 0.16038332972675551 0.18677355721592892 0.19861573772504926 0.21337406383827406 0.21106800995767117 11.360238819848743 0.21979753719642747 0.67126130452379662 0.2260821801610291 0.32683131168596447 0.16910315630957484 0.024758005514736392 0.020738063380122074 0.19592107972130168
leaf_count=18294 21 1491 847 454 107 265 24 17 1001 14 375 47 18 4 32 168 19 7 32 24 16 1555 23 90 25 397 20 9 8 25
internal_value=-0.00154208 0.0342892 0.039607 0.0412684 0.043033 0.0227354 0.0409246 -0.026867 -0.047764 -0.0250959 0.00480066 0.047553 0.023589 -0.0467931 0.0493686 0.040756 0.0486812 0.0494712 0.0520805 0.050386 0.0506534 0.050377 0.0503874 0.0503739 0.0504117 -0.0500515 0.0504023 -0.0500714 -0.0500448 0.0503749
internal_weight=37.7139 21.2449 19.9373 19.5746 19.0804 3.47512 2.78024 0.494139 16.469 1.50328 0.683776 15.6053 1.09905 1.30759 14.5062 1.53262 1.40962 2.54553 0.36721 12.9736 0.424442 12.5492 2.35876 12.2576 0.897343 0.362713 0.526866 0.122996 1.26532 2.13896
internal_count=25429 5713 4210 3792 3321 1191 344 471 19716 1422 421 2130 85 1503 2045 303 187 320 46 1742 40 1702 313 1670 115 418 67 116 1499 290
is_linear=0
shrinkage=0.05


Tree=96
num_leaves=31
num_cat=0
split_feature=9 13 18 2 5 9 7 0 9 4 1 7 9 4 4 2 0 9 9 4 8 0 8 7 0 7 4 4 7 2
split_gain=23.707 3.55864 3.37621 1.75052 0.657636 0.352818 0.452269 0.681537 0.267089 1.33255 0.164323 0.128271 0.0304679 0.486541 0.00354576 0.00119059 0.00107891 0.000470473 0.000161924 0.000126325 0.000116655 0.000108468 6.8863e-05 1.94346e-05 9.63362e-06 8.38088e-06 8.10036e-06 4.11393e-06 3.19353e-06 1.15489e-05
threshold=-0.53134802822849891 1.0000000180025095e-35 1.0000000180025095e-35 2.740319461670996 8.0695940463597982 -0.71929357792026261 119.50000000000001 0.11812552495011401 -0.26634925049910491 5.0845003501084243 11.655418162737622 122.50000000000001 -1.0000000180025095e-35 5.0005792898547883 7.0934015215887589 2.524928003624769 0.1538913039458861 -0.64496489641977461 -0.21171336248670511 7.8270413409112187 233.12500000000003 0.78449347986537321 194.13802816901412 164.50000000000003 0.37202812412846625 126.50000000000001 8.371126408585047 7.3808759299945494 198.50000000000003 3.8393944990995772
decision_type=2 2 2 2 2 2 2 2 2 2 2 2 2 2 2 2 2 2 2 2 2 2 2 2 2 2 2 2 2 2
left_child=5 4 10 18 11 -1 -7 17 9 -6 14 -2 13 -10 15 -3 -16 -8 -4 20 21 -18 -14 -23 26 27 -21 -20 29 -26
right_child=1 2 3 -5 8 6 7 -9 12 -11 -12 -13 22 -15 16 -17 19 -19 25 24 -22 23 -24 -25 28 -27 -28 -29 -30 -31
leaf_value=-0.050038977112665799 -0.050039711526141978 -0.053102826564478935 0.051830897970291924 -0.050054191628431513 -0.050038946902594611 -0.050039003125624593 0.053951354852521463 -0.050040738261032537 -0.050046483317165061 0.050359108735926861 0.050513269180356236 0.050380105135209977 0.050353556525252745 0.050368411427155126 -0.055671233348073161 -0.05960540924824731 -0.052644860827357934 0.050339926007023417 0.050375165046890671 -0.050913506941384794 -0.050105912795765442 -0.051391248615851252 0.051032286138530183 -0.050170464827349048 -0.050125623608954596 0.050695230579128218 -0.050038075206565419 0.050586245779833228 -0.050041668888943229 -0.051062464368071027
leaf_weight=14.248116355913224 0.21211860841140406 0.1279363483772612 0.23278331570327315 0.52660158002981905 0.41453360364539671 0.77179754892131203 0.16104840813204646 0.29671292909188196 0.12941783963469689 1.6303917043842373 0.040231268852949031 0.037408291827887297 11.116140178870404 1.7769951904192565 0.10252244950970624 0.15650504524819553 0.15162682789377857 0.20494049740955234 1.6205720128491528 0.069685921072959789 0.18064018728910014 0.056750402553007007 0.38670840533450324 0.076614423771388829 0.32637238170718752 0.28696832666173566 0.04256374848773703 0.26917552854865778 0.81269511382561177 0.036584059707820415
leaf_count=18309 270 52 8 630 533 991 14 370 152 231 4 5 1596 246 9 12 11 33 225 29 194 4 30 61 332 26 56 28 1021 2
internal_value=-0.00123138 0.0337395 -0.00247373 0.0325288 0.045539 -0.0476594 -0.0240239 0.00627392 0.0468392 0.0300071 -0.0496006 -0.0349851 0.0494061 0.0435517 -0.0514823 -0.0566807 -0.0506857 0.0519291 0.0505775 -0.0503942 -0.0511 -0.05173 0.0503764 -0.0506899 -0.050139 0.0504435 -0.0505816 0.0504052 -0.0500967 -0.0502201
internal_weight=36.5032 20.8205 5.11683 2.9361 15.7037 15.6826 1.4345 0.662702 15.4542 2.04493 2.18073 0.249527 13.4093 1.90641 2.1405 0.284441 1.85606 0.365989 2.4095 1.75353 0.465632 0.284992 11.5028 0.133365 1.2879 2.17672 0.11225 1.88975 1.17565 0.362956
internal_count=25484 5767 2704 917 3063 19717 1408 417 2788 764 1787 275 2024 398 1783 64 1719 47 287 1710 270 76 1626 65 1440 279 85 253 1355 334
is_linear=0
shrinkage=0.05


Tree=97
num_leaves=31
num_cat=0
split_feature=9 13 18 2 5 9 7 0 9 3 3 4 9 8 3 3 8 0 9 9 9 2 8 4 6 3 7 8 0 7
split_gain=22.3588 3.54536 3.15058 1.66965 0.63587 0.303953 0.384451 0.647496 0.247336 1.45284 0.20295 0.156094 0.0102635 0.106373 0.100187 0.00291003 0.00185093 0.00062332 0.000409724 0.000213378 0.000133635 0.00013043 4.63274e-05 2.84883e-05 3.70992e-05 1.40678e-05 8.51551e-06 2.27554e-05 2.76544e-06 7.30941e-07
threshold=-0.53134802822849891 1.0000000180025095e-35 1.0000000180025095e-35 3.5408542930527882 8.105272220662707 -0.71929357792026261 119.50000000000001 0.11812552495011401 -0.19294029418538369 4.6478001079635041 4.6478001079635041 14.836867121650442 -0.032921913680208796 152.05000000000004 4.6478001079635041 7.4985928023719568 123.02727272727275 0.23679151610846974 -0.64496489641977461 1.0000000180025095e-35 -0.21171336248670511 2.3502401828962087 194.13802816901412 7.5019101675073623 3.5805906715287965 7.4874537278250921 198.50000000000003 267.48845327604732 1.1744478143752708 125.50000000000001
decision_type=2 2 2 2 2 2 2 2 2 2 2 2 2 2 2 2 2 2 2 2 2 2 2 2 2 2 2 2 2 2
left_child=5 4 11 20 10 -1 -7 18 9 -6 -2 15 13 14 -10 16 -3 -18 -8 -14 -4 -19 -21 24 -17 28 27 -25 29 -22
right_child=1 2 3 -5 8 6 7 -9 12 -11 -12 -13 19 -15 -16 23 17 21 -20 22 25 -23 -24 26 -26 -27 -28 -29 -30 -31
leaf_value=-0.050037074193357456 -0.050037440811367885 -0.059196520659047791 0.051803947144163844 -0.050050777538425885 -0.050037076328996045 -0.05003709602037798 0.053876849754328965 -0.050038758678877263 -0.05004365169581626 0.050343096236202735 0.050365995831619041 0.050487987962420801 0.048353009430280931 0.050349451764832978 0.05038914099910953 -0.050099975663128418 -0.055077413433746149 -0.050064056370051471 0.050328863615239118 0.050336013291276793 0.050347336669347847 -0.052264222904227553 0.050942863939633348 -0.05075933591851748 -0.051614662968736319 0.050831125810363878 -0.050039280631527773 -0.050043610878712869 0.050531312137451129 0.05044708551337377
leaf_weight=13.56355905899545 0.22627294732956471 0.14809337549377222 0.19436249416321549 0.5069300808245315 0.4383133302908403 0.71856585150817298 0.14868830936029553 0.29594348178943619 0.054042880132327609 2.029537970200181 0.064728165045380592 0.038287844508886226 0.13487149914726337 0.93997643562033772 0.045939628500491381 0.082984564476646372 0.17407989857019857 0.12574989342829213 0.17972818668931723 10.600800650194284 1.3236662973649806 0.14507060253527015 0.32411107094958502 0.1741778638679532 0.078825710515957326 0.19827999360859383 0.84305639640660957 0.30642692872788757 0.28279109438881267 0.21324379462748755
leaf_count=18322 304 6 7 640 592 970 13 388 64 301 9 4 20 137 6 86 8 137 30 1600 195 12 27 23 16 14 1118 403 34 25
internal_value=-0.00159121 0.0333761 -0.00380915 0.0317974 0.0454788 -0.0477905 -0.0250998 0.00360005 0.0469407 0.0325146 -0.0277044 -0.0495508 0.0498831 0.0451341 -0.00389713 -0.0513937 -0.0543548 -0.0527431 0.0519352 0.0503296 0.0505518 -0.0512426 0.050354 -0.0502116 -0.0508379 0.0504312 -0.050135 -0.050303 0.0503876 0.0503612
internal_weight=34.6011 19.6946 4.83603 2.71927 14.8586 14.9065 1.34293 0.62436 14.5676 2.46785 0.291001 2.11675 12.0997 1.03996 0.0999825 2.07847 0.592994 0.4449 0.328416 11.0598 2.21234 0.27082 10.9249 1.48547 0.16181 2.01798 1.32366 0.480605 1.8197 1.53691
internal_count=25511 5788 2728 915 3060 19723 1401 431 2747 893 313 1813 1854 207 70 1809 163 157 43 1647 275 149 1627 1646 102 268 1544 426 254 220
is_linear=0
shrinkage=0.05


Tree=98
num_leaves=31
num_cat=0
split_feature=9 13 18 2 5 9 7 0 9 7 1 7 9 7 1 6 5 9 0 9 11 8 8 7 7 7 8 0 8 1
split_gain=21.1119 3.40553 3.02052 1.57158 0.583541 0.347447 0.425812 0.631169 0.246403 1.0898 0.184583 0.115786 0.0375554 0.566354 0.00172231 0.00184691 0.00103872 0.000363406 0.000147854 6.5151e-05 6.47114e-05 0.000126683 3.82236e-05 1.2119e-05 5.69259e-06 3.97861e-06 1.15305e-05 2.46916e-06 1.77708e-06 1.06816e-06
threshold=-0.53134802822849891 1.0000000180025095e-35 1.0000000180025095e-35 2.740319461670996 8.0695940463597982 -0.71929357792026261 119.50000000000001 0.11812552495011401 -0.3014177459159994 119.50000000000001 11.655418162737622 122.50000000000001 -1.0000000180025095e-35 119.50000000000001 2.524928003624769 2.8456684802487424 7.8182618211285275 -0.64496489641977461 0.1538913039458861 -0.19294029418538369 0.033908045977011504 249.16666666666671 194.13802816901412 146.50000000000003 127.50000000000001 194.50000000000003 227.14705882352942 1.2229444441331263 270.04000000000002 2.740319461670996
decision_type=2 2 2 2 2 2 2 2 2 2 2 2 2 2 2 2 2 2 2 2 2 2 2 2 2 2 2 2 2 2
left_child=5 4 10 19 11 -1 -7 17 9 -6 14 -2 13 -10 15 23 -17 -8 -18 -4 25 -22 -14 -3 27 26 -16 29 -23 -21
right_child=1 2 3 -5 8 6 7 -9 12 -11 -12 -13 22 -15 20 16 18 -19 -20 24 21 28 -24 -25 -26 -27 -28 -29 -30 -31
leaf_value=-0.050035266496167623 -0.050035944336258825 -0.050816042099376083 0.051325931284429076 -0.050049197619284828 -0.050035238493332274 -0.050035285560412174 0.053577015103925166 -0.050036898635089339 -0.050040874936058223 0.050322139083217365 0.050463956091636175 0.05034367738465171 0.050319715447643625 0.050332858179494816 -0.050681943497053475 -0.059309629108463983 -0.05540859594859681 0.050304251275485705 -0.052826991958345185 0.050329799470264086 -0.051896048819139451 -0.050454301559823111 0.050874057656174344 -0.050086922623016943 0.050675637976951626 -0.050037907026837497 -0.050045283639166327 0.050567362692882992 -0.050037316820116931 0.050440821989644752
leaf_weight=12.903127383149693 0.1891625212738316 0.082149840309284516 0.20656133536249432 0.47616720863152284 0.34766350506106469 0.68920157669344806 0.14662654534913599 0.27154365571914241 0.1517099790507922 1.2190354499034581 0.045546786859631427 0.03387214383110404 9.958291161805386 1.9080907162278888 0.10532519547268726 0.13232806324958801 0.088084660470485687 0.20122758392244577 0.14975290902657434 1.3532282058149578 0.17031451541697606 0.029352665762417018 0.32099170377478081 0.18609519838355482 0.16106236539781082 0.65479341760510579 0.21896790049504489 0.13879198767244805 0.19727441458962858 0.25794262159615744
leaf_count=18323 266 32 10 628 494 978 14 374 202 192 5 5 1579 292 16 1 1 36 48 210 18 6 29 212 15 908 300 14 270 33
internal_value=-0.00156567 0.0332248 -0.00387206 0.0320266 0.0454437 -0.0475456 -0.0229965 0.00708949 0.0467306 0.028052 -0.0490725 -0.0347914 0.0491022 0.0429401 -0.051323 -0.0534694 -0.0557587 0.0516838 -0.0537831 0.0504824 -0.0503272 -0.0508657 0.050337 -0.0503102 0.0503912 -0.0501088 -0.0502521 0.050365 -0.0500913 0.0503476
internal_weight=32.9943 18.7826 4.65374 2.59375 14.1288 14.2117 1.3086 0.619398 13.9058 1.5667 2.05999 0.223035 12.3391 2.0598 2.01444 0.638411 0.370166 0.347854 0.237838 2.11759 1.37603 0.396942 10.2793 0.268245 1.91103 0.979087 0.324293 1.74996 0.226627 1.61117
internal_count=25511 5786 2727 910 3059 19725 1402 424 2788 686 1817 271 2102 494 1812 294 50 50 49 282 1518 294 1608 244 272 1224 316 257 276 243
is_linear=0
shrinkage=0.05


Tree=99
num_leaves=31
num_cat=0
split_feature=9 13 18 2 5 9 7 0 9 4 1 6 9 4 4 2 0 8 9 9 4 8 0 8 7 7 7 8 8 4
split_gain=20.2142 3.10781 2.80133 1.50431 0.568863 0.270231 0.347507 0.570425 0.251921 1.17951 0.175222 0.0705113 0.0281339 0.423255 0.00218643 0.000753831 0.000681131 0.000272956 0.000156288 0.000104466 8.12573e-05 7.62459e-05 6.45e-05 3.01356e-05 1.19402e-05 4.2285e-06 3.40724e-06 1.14275e-05 1.4786e-06 8.48016e-07
threshold=-0.53134802822849891 1.0000000180025095e-35 1.0000000180025095e-35 2.740319461670996 8.0461435594711883 -0.71929357792026261 119.50000000000001 0.11812552495011401 -0.26634925049910491 5.0845003501084243 11.655418162737622 3.2493258900699948 -0.032921913680208796 5.0005792898547883 7.0934015215887589 2.524928003624769 0.1538913039458861 247.02307692307696 0.023891963637538541 -0.21171336248670511 7.8270413409112187 233.12500000000003 0.78449347986537321 194.13802816901412 164.50000000000003 124.50000000000001 198.50000000000003 249.16666666666671 265.04409317803669 7.3808759299945494
decision_type=2 2 2 2 2 2 2 2 2 2 2 2 2 2 2 2 2 2 2 2 2 2 2 2 2 2 2 2 2 2
left_child=5 4 10 19 11 -1 -7 17 9 -6 14 -2 13 -10 15 -3 -16 -8 -14 -4 21 22 -18 -20 -24 29 27 -22 -23 -21
right_child=1 2 3 -5 8 6 7 -9 12 -11 -12 -13 18 -15 16 -17 20 -19 23 25 26 28 24 -25 -26 -27 -28 -29 -30 -31
leaf_value=-0.050033546413237422 0.05032894760448408 -0.05258085952075623 0.05157009040546761 -0.050046459396503276 -0.050033518630721634 -0.050033564225507192 0.05029969752281737 -0.050035041292403652 -0.050036093191058451 0.050308564392885995 0.050441128457753254 -0.050034238008023806 0.048843804350781152 0.050316153955848646 -0.054810895594140346 -0.058065271575342949 -0.052218078318281541 0.053353616742697618 0.050303912238942941 0.05031899492341662 -0.050668550269253758 -0.050419963239649528 -0.051186545495331671 0.050839064634615294 -0.050148978384922382 0.050534877684509587 -0.050035713336417931 -0.050041983059626621 -0.050039003911448936 0.050427224307028506
leaf_weight=12.252902383101175 0.019465831108393838 0.11459189880406384 0.20139714237302575 0.45652857708046202 0.37222758342977691 0.6469049384468224 0.15073861693963408 0.25936586374882609 0.11322243715403502 1.3736937665380535 0.043344558216631301 0.17333393433364108 0.18296876293606779 1.4596415599808095 0.089619013131596037 0.13823863462312147 0.13442126696463663 0.14218089543282986 9.4368374766781891 1.2801652923226359 0.10273530910490059 0.031079492415301502 0.048830820480361581 0.27061005961150009 0.064161162299569696 0.31896225549280632 0.73779907036805525 0.24949780059978366 0.14112733426736668 0.21079141041263927
leaf_count=18291 3 54 8 635 556 965 28 376 160 226 5 256 30 235 9 12 12 14 1573 208 17 7 4 25 59 37 1079 358 196 27
internal_value=-0.00157941 0.0334319 -0.00321933 0.0318916 0.0453644 -0.0478165 -0.025164 0.00396641 0.046609 0.0289158 -0.0489332 -0.0399012 0.0493037 0.0430923 -0.0512589 -0.0555795 -0.0505758 0.051782 0.0502915 0.0504898 -0.0503244 -0.0509156 -0.0514779 0.0503188 -0.0505974 0.0503696 -0.0500968 -0.0502247 -0.0501078 0.0503343
internal_weight=31.2174 17.7653 4.36329 2.46784 13.402 13.4521 1.19919 0.552285 13.2092 1.74592 1.89545 0.1928 11.4633 1.57286 1.8521 0.252831 1.59927 0.29292 9.89042 2.01132 1.50965 0.41962 0.247413 9.70745 0.112992 1.80992 1.09003 0.352233 0.172207 1.49096
internal_count=25465 5791 2727 915 3064 19674 1383 418 2805 782 1812 259 2023 395 1807 66 1741 42 1628 280 1732 278 75 1598 63 272 1454 375 203 235
is_linear=0
shrinkage=0.05


Tree=100
num_leaves=31
num_cat=0
split_feature=9 13 18 2 5 9 7 1 9 3 1 3 9 3 3 8 9 7 6 9 9 8 4 6 11 3 7 8 7 8
split_gain=19.132 2.90332 2.72229 1.38798 0.55982 0.317443 0.388611 0.578988 0.213889 1.09144 0.166458 0.066785 0.0235982 0.350472 0.00183624 0.00113999 0.00108978 0.00195494 0.00037483 0.000301975 8.5818e-05 3.38415e-05 1.99058e-05 2.28469e-05 1.42335e-05 9.62293e-06 5.46017e-06 1.41939e-05 6.79237e-07 2.01904e-07
threshold=-0.53134802822849891 1.0000000180025095e-35 1.0000000180025095e-35 2.740319461670996 8.0695940463597982 -0.71929357792026261 119.50000000000001 1.4978661367769956 -0.26634925049910491 4.6478001079635041 11.655418162737622 4.6478001079635041 -0.064281490419500806 4.6478001079635041 7.4985928023719568 99.083333333333357 -1.0000000180025095e-35 163.50000000000003 3.2690572671397136 -0.6582797577561984 -0.19294029418538369 194.13802816901412 7.5019101675073623 3.5805906715287965 0.04083333333333334 7.4874537278250921 198.50000000000003 267.48845327604732 124.50000000000001 179.4531187624751
decision_type=2 2 2 2 2 2 2 2 2 2 2 2 2 2 2 2 2 2 2 2 2 2 2 2 2 2 2 2 2 2
left_child=5 4 10 20 11 -1 -7 19 9 -6 14 -2 13 -10 15 -3 17 -14 24 -8 -4 29 23 -16 -17 28 27 -24 -22 -18
right_child=1 2 3 -5 8 6 7 -9 12 -11 -12 -13 16 -15 22 18 21 -19 -20 -21 25 -23 26 -25 -26 -27 -28 -29 -30 -31
leaf_value=-0.050031908804294617 -0.050032376807455495 -0.057806551148312228 0.051382323870286573 -0.05004449317572477 -0.050031882316309784 -0.050031917840036716 0.053414783993840691 -0.050033284918968947 -0.050033468263932512 0.050294279207157892 0.050419426766296162 0.050310255188446007 0.041122618181148235 0.050300412616534597 -0.050088224549890696 -0.051146892818827554 0.050288156787546792 0.050300012419902056 -0.053668646363463413 0.050270108215164061 0.050305808178977278 0.050817761021381726 -0.050645557301228286 -0.051418313022108024 -0.050086218540074834 0.050751298536198045 -0.050033880533711855 -0.050037614345374598 0.050397156682999801 0.050353132281928142
leaf_weight=11.658716474310497 0.16947138018440711 0.1293572669965205 0.2308598840609194 0.41719976352760557 0.33880093629704866 0.63243046309798845 0.12614565738476813 0.25038291339296848 0.0938494605361474 1.3563784752041099 0.041247918270528205 0.018380968365818262 0.091116779076400145 1.1987937833182511 0.062889929569791891 0.045632358873263001 8.7731873230077255 0.15978831518441439 0.21761934272944927 0.19335923576727509 1.3294119625352321 0.31331060035154301 0.15200628660386406 0.06634377728914842 0.10307116166222841 0.14079119497910153 0.72760878165718168 0.26062784809619188 0.24027729826048005 0.12121152365580279
leaf_count=18296 264 5 11 609 532 992 12 382 142 234 5 3 21 203 77 4 1540 27 27 39 225 30 25 13 114 11 1120 398 33 18
internal_value=-0.00161392 0.0335223 -0.00268058 0.0326962 0.0454568 -0.0475093 -0.0230479 0.00689742 0.0467498 0.030243 -0.0488704 -0.0402141 0.0493525 0.0430159 -0.0511906 -0.0537714 0.0502184 0.0469672 -0.0523465 0.0515117 0.0504774 0.050307 -0.0501829 -0.050771 -0.0504117 0.0503553 -0.0501163 -0.0502616 0.0503198 0.050289
internal_weight=29.6603 16.7992 4.16494 2.35854 12.6343 12.861 1.20232 0.569888 12.4464 1.69518 1.8064 0.187852 10.7513 1.29264 1.76516 0.49568 9.45861 0.250905 0.366323 0.319505 1.94134 9.20771 1.26948 0.129234 0.148704 1.71048 1.14024 0.412634 1.56969 8.8944
internal_count=25412 5691 2677 889 3014 19721 1425 433 2747 766 1788 267 1981 345 1783 150 1636 48 145 51 280 1588 1633 90 118 269 1543 423 258 1558
is_linear=0
shrinkage=0.05


Tree=101
num_leaves=31
num_cat=0
split_feature=9 13 18 2 5 9 7 1 9 3 1 3 9 3 3 8 6 9 9 8 8 4 6 3 7 8 7 7 8 7
split_gain=18.2584 2.87114 2.58845 1.31302 0.532694 0.240388 0.312111 0.511342 0.215719 0.93846 0.158286 0.063222 0.0369185 0.520196 0.0015481 0.00101627 0.00029657 0.000214877 7.23057e-05 3.59948e-05 3.17572e-05 1.65563e-05 1.95931e-05 6.1703e-06 4.52492e-06 1.25962e-05 1.38594e-06 5.7788e-07 1.92304e-07 1.75065e-07
threshold=-0.53134802822849891 1.0000000180025095e-35 1.0000000180025095e-35 2.740319461670996 8.0695940463597982 -0.71929357792026261 119.50000000000001 1.4978661367769956 -0.3014177459159994 4.6478001079635041 11.655418162737622 4.6478001079635041 -1.0000000180025095e-35 4.6478001079635041 7.4985928023719568 99.083333333333357 3.2690572671397136 -0.64496489641977461 -0.21171336248670511 197.13358778625957 152.05000000000004 7.5019101675073623 3.5805906715287965 7.4874537278250921 198.50000000000003 267.48845327604732 97.500000000000014 124.50000000000001 259.0384615384616 191.50000000000003
decision_type=2 2 2 2 2 2 2 2 2 2 2 2 2 2 2 2 2 2 2 2 2 2 2 2 2 2 2 2 2 2
left_child=5 4 10 18 11 -1 -7 17 9 -6 14 -2 13 -10 15 -3 20 -8 -4 -14 -17 22 -16 26 25 -23 -20 -28 -22 -15
right_child=1 2 3 -5 8 6 7 -9 12 -11 -12 -13 19 29 21 16 -18 -19 23 -21 28 24 -24 -25 -26 -27 27 -29 -30 -31
leaf_value=-0.050030351074668335 -0.050030692173454072 -0.057403315131812731 0.051374186784623035 -0.050038047648672646 -0.050030326018068338 -0.050030368896539348 0.053132408226938335 -0.050031723857378176 -0.050037310206401155 0.050277079005718497 0.050398806398364172 0.050293664340145011 0.050274942475737619 0.050280389223345205 -0.050081761036009267 -0.051407035271268914 -0.053484547612551371 0.050270763990040539 0.050477629815988911 0.05083080686198671 -0.050189444255449814 -0.05063823917855248 -0.051323328100346059 0.050669625058001017 -0.050031801183721608 -0.050035703697409797 0.050287172530375436 0.050373542545591787 -0.05003312838795243 0.050327357731127356
leaf_weight=11.072805585048629 0.16164150671102362 0.12346126907505039 0.19112580735236417 0.39615629642503325 0.30108310218202028 0.58717688301112392 0.12507545854896307 0.23347919940715656 0.14020644006086413 1.0339083168655632 0.039251884445547947 0.017393221147358418 8.5789715042337722 1.4166904948651788 0.062745618168264516 0.086195501964539289 0.20746277281432413 0.13795137032866478 0.12241155141964544 0.30146849388256747 0.02796092617791146 0.13316045119427122 0.064380568161141127 0.13492705440148722 0.69998833443969488 0.24881320394342765 1.1285885418765245 0.23378233844414342 0.066396860085660592 0.23069995315745462
leaf_count=18267 265 5 9 617 497 968 13 374 213 189 5 3 1579 256 81 9 26 28 18 29 13 22 15 12 1136 400 201 34 103 36
internal_value=-0.00154635 0.0332954 -0.0036504 0.032416 0.045326 -0.0478307 -0.0253557 0.00382496 0.0466029 0.0276546 -0.0488813 -0.0402842 0.0489741 0.0424182 -0.0511462 -0.0534522 -0.052195 0.0516315 0.0504544 0.0502938 -0.0507132 -0.0501708 -0.0507105 0.0503459 -0.0501073 -0.0502458 0.0503165 0.050302 -0.0500794 0.050287
internal_weight=28.3054 16.1489 3.96681 2.20699 12.1821 12.1565 1.08368 0.496506 12.003 1.33499 1.75982 0.179035 10.668 1.7876 1.72057 0.511477 0.388016 0.263027 1.81084 8.88044 0.180553 1.20909 0.127126 1.61971 1.08196 0.381974 1.48478 1.36237 0.0943578 1.64739
internal_count=25423 5773 2706 891 3067 19650 1383 415 2799 686 1815 268 2113 505 1810 156 151 41 274 1608 125 1654 96 265 1558 422 253 235 116 292
is_linear=0
shrinkage=0.05


Tree=102
num_leaves=31
num_cat=0
split_feature=9 7 13 18 2 5 9 7 2 9 3 9 6 9 3 8 9 9 9 8 3 8 9 7 5 3 8 7 8 8
split_gain=17.5208 2.56825 0.899835 1.8847 0.756989 0.490551 0.275335 0.344384 0.501586 0.20686 1.00047 0.116619 0.0788191 0.0240109 0.357185 0.000318315 0.000292995 0.000196213 4.66113e-05 1.90834e-05 6.71878e-06 5.19062e-06 8.60881e-07 5.27102e-07 2.12214e-07 1.58884e-07 1.50556e-07 1.10656e-07 6.57807e-08 3.88562e-08
threshold=-0.53134802822849891 199.50000000000003 8.889385476361246e-05 1.0000000180025095e-35 3.3140206880897671 8.0695940463597982 -0.71929357792026261 119.50000000000001 0.89587973461402759 -0.26634925049910491 4.6478001079635041 4.1796846060151642 3.2493258900699948 -0.032921913680208796 4.6478001079635041 241.54798761609911 1.0000000180025095e-35 -0.64496489641977461 -0.21171336248670511 194.13802816901412 7.4874537278250921 265.04409317803669 -0.15093364397138662 124.50000000000001 8.5518729798429955 6.9874885418068855 179.4531187624751 193.50000000000003 254.08333333333334 312.1153846153847
decision_type=2 2 2 2 2 2 2 2 2 2 2 2 2 2 2 2 2 2 2 2 2 2 2 2 2 2 2 2 2 2
left_child=6 2 5 15 18 12 -1 -8 17 10 -7 -3 -2 14 -11 -4 -15 -9 -5 26 22 -17 -20 25 -6 -24 -18 -16 -12 -23
right_child=1 11 3 4 24 9 7 8 -10 13 28 -13 -14 16 27 21 19 -19 20 -21 -22 29 23 -25 -26 -27 -28 -29 -30 -31
leaf_value=-0.050028869010746026 0.050283672311036802 -0.050031315609437292 -0.052106035428447453 0.051281812491297596 -0.050035793101987393 -0.050028847735144766 -0.050028890683623706 0.05292557516782366 -0.050030082179615902 -0.050031422133576468 0.050261400254323831 0.050379203632164908 -0.050029449198433509 0.047626288943532623 0.05026731246092745 -0.050582743312688618 0.050260659167034441 0.050251779378857643 0.050425155848581649 0.050705515487154143 0.050645853833264892 -0.050105543110290245 0.050324930400665172 0.050356074877147418 -0.050240088995363787 0.050266872861157677 0.050321174277093809 0.050317089898673832 0.050299976512877966 -0.05003004422692621
leaf_weight=10.582223416946361 0.02242590533569 0.89581947165425013 0.42444665118819203 0.14051582943648111 0.19613395427586522 0.31406931142555272 0.5632321258890467 0.1215685314964503 0.21626478177495301 0.095706940337547119 1.0705381361767647 0.029881365597248077 0.15441252465825528 0.10575282480567949 1.0977994869463144 0.049721414688974619 8.0319979405030555 0.15751751349307597 0.12544845463708032 0.2493327474221595 0.15505152661353361 0.018042409210465848 0.13393760984763436 0.23620887007564295 0.013592366361990571 0.98067002836614847 0.10411277553066689 0.12428757641464461 0.12322998838499177 0.30734019234660082
leaf_count=18353 4 1510 39 7 318 545 976 14 365 156 207 4 265 20 208 10 1557 34 19 27 14 20 23 36 3 187 17 20 21 520
internal_value=-0.00143496 0.0339166 0.0391503 0.01363 0.0397757 0.0453255 -0.0475968 -0.023284 0.00712601 0.0466167 0.029375 -0.0467901 -0.0373082 0.0492671 0.0429876 -0.0511682 0.0502417 0.0514165 0.050408 0.0502746 0.0503327 -0.0501069 0.0502999 0.0502882 -0.050049 0.0502738 0.0502614 0.0502724 0.0502654 -0.0500342
internal_weight=26.8413 15.2005 14.2748 2.78111 1.98156 11.4937 11.6408 1.05858 0.495351 11.3168 1.50784 0.925701 0.176838 9.80899 1.31779 0.799551 8.4912 0.279086 1.77183 8.38544 1.63132 0.375104 1.47626 1.35082 0.209726 1.11461 8.13611 1.22209 1.19377 0.325383
internal_count=25499 5757 4243 1196 607 3047 19742 1389 413 2778 773 1514 269 2005 384 589 1621 48 286 1601 279 550 265 246 321 210 1574 228 228 540
is_linear=0
shrinkage=0.05


Tree=103
num_leaves=31
num_cat=0
split_feature=9 13 18 2 5 9 8 0 9 3 1 0 9 3 4 2 0 9 9 3 3 8 0 11 3 0 8 0 8 9
split_gain=16.4763 2.45041 2.25142 1.23695 0.471814 0.231846 0.253466 0.520191 0.191919 0.946265 0.142733 0.0351798 0.0252478 0.371437 0.00120252 0.000392054 0.000377008 0.000177071 5.61519e-05 3.39911e-05 4.83231e-05 2.04896e-05 1.26125e-05 7.97311e-06 5.75245e-06 3.50439e-06 3.19842e-06 1.05286e-06 7.10934e-07 2.98791e-06
threshold=-0.53134802822849891 1.0000000180025095e-35 1.0000000180025095e-35 2.740319461670996 8.0461435594711883 -0.71929357792026261 214.08333333333334 0.18981894877374797 -0.26634925049910491 4.6478001079635041 11.655418162737622 0.076760849601760842 -1.0000000180025095e-35 4.6478001079635041 7.0934015215887589 2.524928003624769 0.1538913039458861 -0.64496489641977461 -0.21171336248670511 7.4985928023719568 7.4874537278250921 194.13802816901412 0.18981894877374797 0.04083333333333334 7.4874537278250921 0.37202812412846625 254.08333333333334 1.1744478143752708 265.04409317803669 0.095300673146820905
decision_type=2 2 2 2 2 2 2 2 2 2 2 2 2 2 2 2 2 2 2 2 2 2 2 2 2 2 2 2 2 2
left_child=5 4 10 18 11 -1 -7 17 9 -6 14 -2 13 -10 15 -3 -16 -8 -4 20 23 -14 -21 -18 27 26 -24 -20 29 -27
right_child=1 2 3 -5 8 6 7 -9 12 -11 -12 -13 21 -15 16 -17 19 -19 24 22 -22 -23 25 -25 -26 28 -28 -29 -30 -31
leaf_value=-0.050027460574499742 -0.050027890790872845 -0.052122996874396456 0.051443771445492663 -0.050037802283098176 -0.050027439760518912 -0.050027480100650737 0.052919540148546364 -0.050028289134742568 -0.050036736492446346 0.050252853960167577 0.050360573553243505 0.040899560937279443 0.0502486609595778 0.050259568959388559 -0.053894778230283047 -0.056461520700349183 -0.05093280088752497 0.050238924488915454 0.050266944721064799 -0.051116201788895345 -0.052284830877061463 0.050721337347943422 -0.050686309475092652 -0.050075524593172299 0.050614078021077161 -0.050326421587870207 -0.050028052003681281 0.050386350761448234 -0.050027560599167326 -0.050037944015154559
leaf_weight=10.056386005424427 0.13767140603158523 0.093915762408868786 0.11919471435248863 0.3761396703775971 0.29656712053110723 0.50229585345369077 0.11022269609384239 0.25560467300238088 0.099657417507839408 1.1377082695253191 0.035542855039238819 0.011528349248692393 7.6340082199312755 1.2523114169016478 0.074795187974814215 0.11687088100006804 0.041546155815012642 0.13966823206283152 1.1712671830318866 0.031370272918138542 0.045674051274545491 0.23636825708672393 0.046040309534873591 0.07812213446595706 0.1475798347964884 0.12265908473636955 0.030798160703852773 0.21915241330862034 0.46588981850072742 0.33465671609155834
leaf_count=18334 249 52 5 640 541 915 12 456 163 228 5 4 1552 245 9 12 7 32 226 12 5 26 23 102 14 79 56 36 848 570
internal_value=-0.00188251 0.0334544 -0.00257837 0.031819 0.0452962 -0.0477362 -0.0248726 0.00012315 0.0465324 0.0295178 -0.0486566 -0.0430021 0.0491786 0.0428664 -0.0510308 -0.0545285 -0.0504509 0.0514213 0.0503983 -0.0502357 -0.0509012 0.0502629 -0.050129 -0.0503732 0.0503173 -0.050098 -0.0504225 0.0502858 -0.050071 -0.0501153
internal_weight=25.4212 14.357 3.55122 2.03333 10.8058 11.0642 1.00779 0.505496 10.6566 1.43428 1.51788 0.1492 9.22235 1.35197 1.48234 0.210787 1.27155 0.249891 1.65719 1.19676 0.165342 7.87038 1.03141 0.119668 1.538 1.00004 0.0768385 1.39042 0.923206 0.457316
internal_count=25458 5709 2701 921 3008 19749 1415 500 2755 769 1780 253 1986 408 1775 64 1711 44 281 1702 114 1578 1588 109 276 1576 79 262 1497 649
is_linear=0
shrinkage=0.05


Tree=104
num_leaves=31
num_cat=0
split_feature=9 13 18 2 5 9 7 0 9 3 4 6 9 7 3 3 9 0 9 4 6 11 3 4 11 7 2 0 0 0
split_gain=15.7612 2.34303 2.18391 1.16351 0.455014 0.241777 0.296419 0.473235 0.172282 1.00466 0.135671 0.0710319 0.0129607 0.214979 0.00101617 0.000543732 0.000145313 0.000125912 3.83952e-05 1.08309e-05 1.24187e-05 7.40246e-06 5.04797e-06 4.86165e-06 1.38201e-05 1.69581e-06 3.22919e-06 1.35114e-06 2.68213e-06 8.71603e-07
threshold=-0.53134802822849891 1.0000000180025095e-35 1.0000000180025095e-35 3.5408542930527882 8.0695940463597982 -0.71929357792026261 119.50000000000001 0.11812552495011401 -0.21171336248670511 4.6478001079635041 14.836867121650442 3.2493258900699948 -1.0000000180025095e-35 126.50000000000001 7.4985928023719568 7.4662273925763296 -0.64496489641977461 0.23679151610846974 -0.21171336248670511 7.5019101675073623 3.5805906715287965 0.04083333333333334 7.4874537278250921 10.061836522390848 0.997102658158731 194.50000000000003 3.8393944990995772 0.37202812412846625 0.36049360971056749 1.1744478143752708
decision_type=2 2 2 2 2 2 2 2 2 2 2 2 2 2 2 2 2 2 2 2 2 2 2 2 2 2 2 2 2 2
left_child=5 4 10 18 11 -1 -7 16 9 -6 14 -2 13 -10 15 17 -8 -3 -4 20 -16 -19 29 -14 -25 26 27 28 -21 -20
right_child=1 2 3 -5 8 6 7 -9 12 -11 -12 -13 23 -15 19 -17 -18 21 22 25 -22 -23 -24 24 -26 -27 -28 -29 -30 -31
leaf_value=-0.050026120484878062 0.050254823250754754 -0.053097624742058425 0.051165385504035724 -0.050036448446416443 -0.05002609850513582 -0.050026137294682672 0.05264498975182981 -0.050027310411589067 -0.050040659520318498 0.050240238372615834 0.050342864282757339 -0.050026656019533426 0.050236574047742649 0.05024853249640187 -0.050072061723708094 -0.054801992181388454 0.050227077649072242 -0.050878109424277063 0.050254278735418934 -0.050025788450621972 -0.051124236472285201 -0.050065886787387527 0.050595281585870192 0.050237512483485174 0.050702557308923729 -0.050027723588598097 -0.050852904101725764 -0.050090821577813784 -0.050848083806422577 0.050364629739759338
leaf_weight=9.5411448864615505 0.020157292019574835 0.057893873803549378 0.14108939329162251 0.3520340180839413 0.30503453459823404 0.51641997456318023 0.11062282719649374 0.21212845289846882 0.057034732191820647 1.3805212983861563 0.033821002580225579 0.14244281582068652 6.8688986343331644 0.84666303871199489 0.056120786292012559 0.21685393323423341 0.1417779813054949 0.039946157892700285 1.1106936731375747 0.02156464965082705 0.056055349617963657 0.09421321572153829 0.13292177952826034 0.57273916108533729 0.22155927587300539 0.59608162136282772 0.016490630805492401 0.25156337826047093 0.01835929456865415 0.2133039399050175
leaf_count=18286 4 4 8 627 585 989 14 395 91 291 5 270 1468 173 82 12 34 8 225 42 16 129 13 122 25 1121 1 374 3 37
internal_value=-0.00148363 0.0336144 -0.00236533 0.0322504 0.0453912 -0.0475959 -0.0239583 0.00502146 0.0467073 0.0320951 -0.0486325 -0.0375949 0.0495823 0.043919 -0.0509814 -0.0530861 0.0512868 -0.0511487 0.0503778 -0.0501344 -0.0505978 -0.0503077 0.0503015 0.0502501 0.0503672 -0.0500769 -0.0501722 -0.0501337 -0.0504039 0.0502721
internal_weight=24.3462 13.8241 3.40901 1.95004 10.4151 10.5221 0.980949 0.464529 10.2525 1.68556 1.45896 0.1626 8.56689 0.903698 1.42514 0.408907 0.252401 0.192053 1.59801 1.01624 0.112176 0.134159 1.45692 7.6632 0.794298 0.90406 0.307978 0.291487 0.0399239 1.324
internal_count=25454 5736 2707 910 3029 19718 1432 443 2755 876 1797 274 1879 264 1792 153 48 141 283 1639 98 137 275 1615 147 1541 420 419 45 262
is_linear=0
shrinkage=0.05


Tree=105
num_leaves=31
num_cat=0
split_feature=9 13 18 2 5 9 3 4 9 7 2 4 9 4 9 7 3 8 6 9 8 8 4 6 3 7 8 7 7 8
split_gain=15.2318 2.33144 2.18271 1.10567 0.434495 0.177376 1.00617 0.103721 0.103044 0.149956 0.302859 0.0332069 0.0138911 0.222461 0.0011181 0.00228593 0.000836885 0.000535936 0.000160871 3.93068e-05 1.97734e-05 1.80076e-05 8.74191e-06 1.09696e-05 4.25532e-06 2.42301e-06 6.50094e-06 7.59698e-07 3.59799e-07 9.84182e-08
threshold=-0.53134802822849891 1.0000000180025095e-35 1.0000000180025095e-35 2.740319461670996 8.0461435594711883 -0.21171336248670511 4.6478001079635041 14.836867121650442 -0.69397300885068869 119.50000000000001 0.89587973461402759 4.9522934739897151 -1.0000000180025095e-35 5.0005792898547883 -0.70688395170678076 126.50000000000001 7.4985928023719568 99.083333333333357 3.2690572671397136 -0.21171336248670511 197.13358778625957 152.05000000000004 7.5019101675073623 3.5805906715287965 7.4874537278250921 198.50000000000003 267.48845327604732 97.500000000000014 124.50000000000001 259.0384615384616
decision_type=2 2 2 2 2 2 2 2 2 2 2 2 2 2 2 2 2 2 2 2 2 2 2 2 2 2 2 2 2 2
left_child=8 4 7 19 11 6 -6 16 14 -10 -11 -2 13 -7 -1 -16 17 -3 21 -4 -14 -19 23 -18 27 26 -24 -21 -29 -23
right_child=1 2 3 -5 5 12 -8 -9 9 10 -12 -13 20 -15 15 -17 22 18 -20 24 -22 29 25 -25 -26 -27 -28 28 -30 -31
leaf_value=-0.05002485993361673 -0.050025384410415812 -0.05587248974366843 0.051120861025717404 -0.05003109642435704 -0.050024824835470272 -0.050037463416239096 0.05022831755318722 0.050326029219635929 -0.050024829141601369 0.05020110057783294 -0.050025120258834911 0.041085577089776698 0.05022474031445559 0.050235501380107128 -0.050024965070282972 -0.028043539158342991 -0.050067720182498679 -0.051160879669767435 -0.052812072533339319 0.050391017067820301 0.050679324929860992 -0.050146421493746776 -0.050504806270648385 -0.051078071099408019 0.050564295743941973 -0.050026383893188198 -0.050029346761617424 0.050234752536617168 0.050307740134752921 -0.050027205799171685
leaf_weight=9.1539264444436395 0.12704406553530034 0.10568260547006392 0.15721112163737405 0.33339061017613869 0.30752383783692394 0.059187566919715162 1.3443474611267445 0.025745619088411442 0.4077697796747114 0.14043693919666111 0.16269029999966733 0.010855117114260793 7.0765062100254008 0.84489939082413912 0.035867033002431437 0.017646500200498849 0.054591968830209225 0.070235850173048675 0.17277819471200928 0.10036950465291727 0.24758637230843294 0.025254997715819627 0.11190561694093049 0.052895066590281203 0.12552657723426808 0.57350651588058099 0.20107040504808538 0.95645809778943636 0.20504915365017951 0.055044632987119257
leaf_count=18433 253 6 9 634 620 101 298 4 822 39 327 4 1590 182 72 27 84 8 28 18 29 15 25 15 13 1133 394 208 36 104
internal_value=-0.00163706 0.033243 -0.0030238 0.0325477 0.0452864 0.0465166 0.0315645 -0.0491361 -0.0485666 -0.0302254 -0.00359094 -0.0428533 0.0495183 0.043671 -0.0499827 -0.0427764 -0.0509357 -0.0527814 -0.051771 0.0503716 0.0502401 -0.0505761 -0.0501391 -0.0505649 0.0502867 -0.0500874 -0.0501993 0.050259 0.0502476 -0.0500647
internal_weight=23.263 13.3447 3.32672 1.87801 10.018 9.88005 1.65187 1.44871 9.91834 0.710897 0.303127 0.137899 8.22818 0.904087 9.20744 0.0535135 1.42297 0.428996 0.323314 1.54461 7.32409 0.150535 0.99397 0.107487 1.3874 0.886483 0.312976 1.26188 1.16151 0.0802996
internal_count=25531 5811 2734 918 3077 2820 918 1816 19720 1188 366 257 1902 283 18532 99 1812 161 155 284 1619 127 1651 99 275 1552 419 262 244 119
is_linear=0
shrinkage=0.05


Tree=106
num_leaves=31
num_cat=0
split_feature=9 7 6 8 9 7 3 9 7 0 1 1 8 14 0 11 8 7 9 4 7 7 3 8 0 3 7 4 9 4
split_gain=14.4211 2.1037 0.687662 0.546918 0.410131 1.07719 0.458194 0.24608 0.296145 0.430209 0.227888 0.11837 0.103181 0.12368 0.0417908 0.0350842 0.277923 0.00806355 0.000199595 2.12199e-05 2.55307e-06 6.01315e-07 5.12411e-07 1.27287e-07 1.4986e-07 9.25661e-08 5.30816e-08 4.05524e-08 2.96425e-08 2.40198e-08
threshold=-0.53134802822849891 199.50000000000003 2.1376109762125082 265.04409317803669 -0.19294029418538369 94.500000000000014 7.3346551887924436 -0.71929357792026261 119.50000000000001 0.11812552495011401 9.9394336746564438 11.655418162737622 194.13802816901412 1.0000000180025095e-35 1.0420517301188057 0.033908045977011504 147.01898734177217 192.50000000000003 -0.68468895303587851 7.2902926497970748 128.50000000000003 119.50000000000001 7.4662273925763296 114.08333333333336 1.2349869032859482 5.2548844000372066 124.50000000000001 5.4827179284163234 -0.032921913680208796 7.1944365692869114
decision_type=2 2 2 2 2 2 2 2 2 2 2 2 2 2 2 2 2 2 2 2 2 2 2 2 2 2 2 2 2 2
left_child=7 2 29 4 5 -4 14 -1 -9 18 -5 -3 15 -14 19 16 28 -18 -10 25 21 23 26 -17 -25 -7 -23 -20 -6 -2
right_child=1 11 3 10 12 6 -8 8 9 -11 -12 -13 13 -15 -16 20 17 -19 27 -21 -22 22 -24 24 -26 -27 -28 -29 -30 -31
leaf_value=-0.050023629874984724 -0.050080805641377374 -0.050025761233085178 -0.050023787910726251 -0.050028598525019279 -0.05002851893783429 0.050215398085028895 -0.051071911190119196 -0.05002364621741423 0.053155921777542275 -0.050024868954186702 0.050223045886075138 0.050310027950035009 0.050231424276490994 0.0036054068682498707 0.016170971086863946 0.050213282211568122 0.050218199379148842 0.035021107206790268 0.050223057188838988 0.051021001503849764 0.050493698662142698 0.050222958782941585 0.050369856076650232 0.050221841011634231 0.050285207788030833 0.050265669027058417 0.050268951926915384 0.050171340834480951 -0.050100507517938965 -0.050024010919170053
leaf_weight=8.6442500397970417 0.020646861696147378 0.73348722321679893 0.40548334771301364 0.22719881273224096 0.059803251439006999 1.2751419730484483 0.12569069204619143 0.46582857970497826 0.091307618888095021 0.18411661949357949 0.07553173741325736 0.030621979385614395 0.28683728352189064 0.28211245685815889 0.095756859518587478 6.6527234928216785 0.72091081412509084 0.099310391582548618 0.07504932046867907 0.087746876291930564 0.085086225066333898 0.15345289837568987 0.11165564646944404 0.30908977123908687 0.13364848727360368 0.098655718844383844 0.10611378587782383 0.076587714022025466 0.018793471390377792 0.18928838206920773
leaf_count=18309 21 1507 856 459 113 299 23 986 8 377 18 5 63 16 6 1574 167 20 19 5 11 35 16 71 26 19 22 23 11 398
internal_value=-0.00122923 0.0343581 0.0396423 0.041292 0.0430992 0.0231332 0.0407589 -0.0474424 -0.0224525 0.0076215 -0.0250157 -0.0460048 0.0477223 0.027112 0.0481706 0.0491099 0.0397715 0.0483782 0.051309 0.0502672 0.0502214 0.0502183 0.0502803 0.050215 0.050241 0.050219 0.0502418 0.0501969 -0.0500457 -0.0500296
internal_weight=21.9219 12.3848 11.6207 11.4107 11.108 2.08848 1.68299 9.53714 0.89289 0.427061 0.302731 0.764109 9.01954 0.56895 1.5573 8.45059 0.898818 0.820221 0.242945 1.46154 7.55177 7.46668 0.371222 7.09546 0.442738 1.3738 0.259567 0.151637 0.0785967 0.209935
internal_count=25483 5761 4249 3830 3353 1208 352 19722 1413 427 477 1512 2145 79 329 2066 311 187 50 323 1755 1744 73 1671 97 318 57 42 124 419
is_linear=0
shrinkage=0.05


Tree=107
num_leaves=31
num_cat=0
split_feature=9 13 18 3 5 9 8 0 9 3 1 8 9 3 3 8 0 9 9 11 8 4 6 3 0 8 5 11 9 0
split_gain=13.3908 2.15103 1.91995 0.996054 0.390424 0.209759 0.219862 0.435196 0.154887 0.679018 0.116864 0.0317164 0.0256215 0.371717 0.000782083 0.000537356 0.000157895 0.000134684 2.98308e-05 2.5435e-05 1.585e-05 7.71544e-06 9.13272e-06 3.19607e-06 2.0051e-06 1.81103e-06 6.0931e-07 2.87366e-06 4.85369e-07 3.86928e-07
threshold=-0.53134802822849891 1.0000000180025095e-35 1.0000000180025095e-35 8.0688727607448723 8.0461435594711883 -0.71929357792026261 206.05555555555557 0.18981894877374797 -0.3014177459159994 4.6478001079635041 11.655418162737622 147.01898734177217 -1.0000000180025095e-35 4.6478001079635041 7.4985928023719568 99.083333333333357 0.25312869671181232 -0.6582797577561984 -0.21171336248670511 0.044466403162055343 194.13802816901412 7.5019101675073623 3.5805906715287965 7.4874537278250921 0.37202812412846625 254.08333333333334 8.0461435594711883 0.011834733893557424 -0.15093364397138662 1.0319771468058165
decision_type=2 2 2 2 2 2 2 2 2 2 2 2 2 2 2 2 2 2 2 2 2 2 2 2 2 2 2 2 2 2
left_child=5 4 10 18 11 -1 -7 17 9 -6 14 -2 13 -10 15 -3 -17 -8 -4 -18 -14 22 -16 28 25 -23 27 -26 -20 -29
right_child=1 2 3 -5 8 6 7 -9 12 -11 -12 -13 20 -15 21 16 19 -19 23 -21 -22 24 -24 -25 26 -27 -28 29 -30 -31
leaf_value=-0.050022480066273523 -0.050022779128936573 -0.055876054893096508 0.051057745433071969 -0.050031206061218282 -0.050022462408136265 -0.05002249967248551 0.052703293020018561 -0.050023197645284345 -0.050028576137049224 0.050205077136598955 0.050294814826177682 0.045040748730500985 0.050203267408096955 0.050212488667149016 -0.050064595837529938 -0.053154834677647006 -0.051256553466225409 0.050191556481541937 0.050341070900055324 -0.050040107474806542 0.050626201833001441 -0.050532021918654857 -0.051017300371673194 0.050502005469480728 -0.050777448030133558 -0.050022884959963071 -0.050029374437824431 -0.050356896780385768 0.050221479785082235 -0.050056946954009376
leaf_weight=8.2373719601018802 0.11453255172818799 0.10459570313105249 0.1288654664531349 0.30221744929440331 0.2176950803550407 0.40370569075458007 0.097051940159872174 0.20821444332250394 0.1001303033262938 0.75522077200002968 0.029137115925550572 0.0095018646097742021 6.2775090751238185 1.2108914107084272 0.049548949929885566 0.11571047673351131 0.11278906554798596 0.11858305823989213 0.092577259521931299 0.069421069521922618 0.22962868027389038 0.044553765474120155 0.051094645197736099 0.1211041947826742 0.015889054600847885 0.028728398698149249 0.51803833045414649 0.011482543253805488 1.0154890308622269 0.16890096376300789
leaf_count=18341 253 6 8 627 485 898 12 453 205 186 5 3 1558 289 84 8 22 34 18 122 30 35 17 14 2 64 1109 3 238 319
internal_value=-0.00183132 0.0330562 -0.00371865 0.0320644 0.0453493 -0.0476117 -0.0236155 0.00153657 0.0465922 0.0277786 -0.0487292 -0.0427403 0.0489334 0.0425565 -0.0509645 -0.0527928 -0.0517104 0.051322 0.050334 -0.0507931 0.0502182 -0.050136 -0.0505483 0.0502581 -0.0500834 -0.0503324 -0.0500578 -0.0501328 0.0502315 -0.050076
internal_weight=20.9602 11.8953 2.98014 1.66025 8.91511 9.06493 0.827555 0.423849 8.79108 0.972916 1.31989 0.124034 7.81816 1.31102 1.29075 0.402516 0.297921 0.215635 1.35804 0.18221 6.50714 0.888237 0.100644 1.22917 0.787593 0.0732822 0.714311 0.196273 1.10807 0.180384
internal_count=25448 5710 2701 905 3009 19738 1397 499 2753 671 1796 256 2082 494 1791 158 152 46 278 144 1588 1633 101 270 1532 99 1433 324 256 322
is_linear=0
shrinkage=0.05


Tree=108
num_leaves=31
num_cat=0
split_feature=9 3 9 16 19 9 3 3 18 9 8 0 15 3 9 9 0 9 8 0 1 1 4 3 8 8 6 5 19 0
split_gain=12.8338 1.76727 1.73874 0.394713 0.299188 0.23497 0.918806 0.227424 0.381439 0.197869 0.210392 0.417273 0.0252022 0.398321 0.000193845 0.000110043 7.50253e-05 3.03032e-05 9.4206e-06 7.07595e-06 4.23501e-06 6.43631e-07 4.56875e-07 3.37526e-07 2.42104e-07 1.37309e-06 5.01093e-07 7.60244e-07 2.41085e-07 1.25336e-07
threshold=-0.53134802822849891 7.4544301786633325 4.1796846060151642 1.0000000180025095e-35 1.0000000180025095e-35 -0.26634925049910491 4.6478001079635041 7.5735311307123743 1.0000000180025095e-35 -0.71929357792026261 206.05555555555557 0.11812552495011401 1.0000000180025095e-35 4.6478001079635041 0.38459858393803353 -0.64496489641977461 0.23679151610846974 -0.21171336248670511 194.13802816901412 0.37202812412846625 2.8617925509761908 4.791641144189394 5.5471267646873921 7.6029003377032449 214.08333333333334 155.03734939759039 2.5018183597364749 8.1242221757212558 1.0000000180025095e-35 1.199365564352278
decision_type=2 2 2 2 2 2 2 2 2 2 2 2 2 2 2 2 2 2 2 2 2 2 2 2 2 2 2 2 2 2
left_child=9 3 7 4 5 6 -2 8 14 -1 -11 15 17 -14 -3 -12 -5 -7 -4 20 -9 -22 -8 -21 25 -25 -27 -28 -29 -19
right_child=1 2 18 16 -6 12 22 19 -10 10 11 -13 13 -15 -16 -17 -18 29 -20 23 21 -23 -24 24 -26 26 27 28 -30 -31
leaf_value=-0.050021382386536986 -0.050021374519225392 -0.052392716681002163 0.050200930454933214 -0.052673674968890388 -0.050809313587190701 0.051039742046165029 0.050193687998745865 -0.050906814860326957 0.050412112361698826 -0.050021401617562217 0.052506405678208849 -0.050022351027014279 -0.050026900855250515 0.050200697942299144 -0.055676467750167082 0.050188793267418236 -0.050037861260434129 0.050194246319076298 0.05058852832069221 -0.050330469730596294 -0.050020794754976165 -0.050382335624382261 0.050309106897752379 -0.050026950323879972 -0.050023177651341913 -0.050027828024454712 -0.0504936099188295 -0.050266323246095548 -0.050050402890099467 0.050252461817796995
leaf_weight=7.8320947361935396 0.30494031921261633 0.083040637196972411 0.6690450976602732 0.050005051656626942 0.08137978540617119 0.10812654951586953 0.81834638095460832 0.038853827456477918 0.16821743873879313 0.39255176120787094 0.095013377722352743 0.20074014333658852 0.10689637713949185 1.3641470915172247 0.09795721570844762 0.11111517273820937 0.058675358450273052 5.8835648200474688 0.20474151405505836 0.010574191925115772 0.023667312256293371 0.025653070013504475 0.095774491783231497 0.37094486565911189 0.52811445185216144 0.023611910204635933 0.029293778730789199 0.031049989222083241 0.022149978583911434 0.093932507093995699
leaf_count=18332 714 35 170 3 27 7 213 8 24 918 13 457 230 344 7 32 111 1530 28 6 57 30 19 804 1221 52 7 12 40 21
internal_value=-0.00170277 0.0333807 -0.00544567 0.0434574 0.0446195 0.0455044 0.0251346 -0.0389614 -0.00379262 -0.0476028 -0.0239072 0.00128802 0.0487905 0.0429175 -0.0541699 0.0512571 -0.0512506 0.0502102 0.0502918 -0.0500868 -0.0505164 -0.0502088 0.0502058 -0.0500495 -0.0500465 -0.0500723 -0.0502309 -0.0502891 -0.0501764 0.0501952
internal_weight=19.9242 11.2927 2.32692 8.96579 8.85711 8.77573 1.21906 1.45313 0.349215 8.63152 0.79942 0.406869 7.55667 1.47104 0.180998 0.206129 0.10868 6.08562 0.873787 1.10391 0.0881742 0.0493204 0.914121 1.01574 1.00516 0.477051 0.106106 0.0824937 0.0532 5.9775
internal_count=25472 5720 2501 3219 3105 3078 946 2303 66 19752 1420 502 2132 574 42 45 114 1558 198 2237 95 87 232 2142 2136 915 111 59 52 1551
is_linear=0
shrinkage=0.05


Tree=109
num_leaves=31
num_cat=0
split_feature=9 13 18 2 5 9 7 0 9 3 3 0 9 3 3 8 0 8 9 2 8 7 3 7 8 7 7 7 8 8
split_gain=12.1576 1.8961 1.79417 0.900267 0.340973 0.18534 0.23446 0.358352 0.135825 0.614728 0.100242 0.0847843 0.0219025 0.320997 0.000582285 0.000396271 0.000120845 8.82546e-05 2.26838e-05 2.19694e-05 1.21821e-05 4.5336e-06 2.29563e-06 1.1721e-06 3.32245e-06 5.18073e-07 1.69944e-07 5.17983e-08 2.94155e-08 1.63525e-08
threshold=-0.53134802822849891 1.0000000180025095e-35 1.0000000180025095e-35 2.740319461670996 8.105272220662707 -0.71929357792026261 119.50000000000001 0.11812552495011401 -0.3014177459159994 4.6478001079635041 4.6478001079635041 4.0052769909929866 -1.0000000180025095e-35 4.6478001079635041 7.4985928023719568 99.083333333333357 0.23679151610846974 247.02307692307696 -0.21171336248670511 2.3502401828962087 194.13802816901412 81.500000000000014 7.4874537278250921 198.50000000000003 267.48845327604732 97.500000000000014 124.50000000000001 191.50000000000003 177.27179487179492 133.16666666666671
decision_type=2 2 2 2 2 2 2 2 2 2 2 2 2 2 2 2 2 2 2 2 2 2 2 2 2 2 2 2 2 2
left_child=5 4 11 18 10 -1 -7 17 9 -6 -2 14 13 -10 15 -3 -17 -8 -4 -18 28 -16 25 24 -23 -20 29 -15 -14 -27
right_child=1 2 3 -5 8 6 7 -9 12 -11 -12 -13 20 27 21 16 19 -19 22 -21 -22 23 -24 -25 -26 26 -28 -29 -30 -31
leaf_value=-0.050020340987629898 -0.050020659719584581 -0.055261434735916451 0.050928800854676173 -0.050028500647000443 -0.050020323910862141 -0.050020352230864429 0.050178982278010278 -0.050021358059047762 -0.050026034439351733 0.050185277030846409 0.05019896580360457 0.050266625762276973 0.050183377080597495 0.05018751222726528 -0.050685438400471544 -0.05286061642720067 -0.050035400043504465 0.052310760013886695 0.050333861610509491 -0.051187362381384022 0.050579504641809984 -0.050392186415048161 0.050466745166081343 -0.050021765318247591 -0.050023750659417755 0.050188875942008652 0.050247323351428598 0.050218147576153331 0.050212792674516463 0.050210632506129615
leaf_weight=7.4208388517436106 0.11972909240284746 0.095679546822792672 0.13038569223135699 0.27127912102150742 0.19576901142136094 0.40549647304578851 0.10094077698886395 0.15883911855053157 0.086400328960734352 0.70142517844215035 0.031519102398306131 0.021104678511619679 5.6353252187836933 0.89904415863566078 0.030857509729685262 0.10457785433391109 0.071812503505498171 0.09354264463763684 0.07948346249759175 0.097694460011553019 0.20136593678034831 0.09350347935105674 0.095918239559978136 0.49733587144874036 0.17705482331803069 0.7025580785702914 0.1646599736995995 0.16299281385727227 0.08629013830795873 0.098471002420410514
leaf_count=18260 292 6 9 619 482 997 31 379 195 191 8 4 1548 242 28 6 141 14 17 11 28 27 12 1195 425 189 36 38 21 24
internal_value=-0.00158312 0.0331114 -0.00291695 0.0326615 0.0452352 -0.0476136 -0.0240769 0.00569747 0.0466468 0.0283203 -0.0291356 -0.0490567 0.048972 0.0426525 -0.0508506 -0.0524911 -0.051524 0.0512043 0.050304 -0.0506993 0.0501973 -0.0500912 0.0502326 -0.0500673 -0.0501511 0.0502112 0.0502011 0.0501922 0.0501838 0.0501916
internal_weight=19.0319 10.8522 2.73238 1.54276 8.11986 8.17966 0.758819 0.353323 7.96861 0.897194 0.151248 1.18962 7.07142 1.14844 1.16852 0.369764 0.274085 0.194483 1.27148 0.169507 5.92298 0.798752 1.14109 0.767894 0.270558 1.04517 0.965689 1.06204 5.72162 0.801029
internal_count=25475 5794 2749 906 3045 19681 1421 424 2745 673 300 1843 2072 475 1839 164 158 45 287 152 1597 1675 278 1647 452 266 249 280 1569 213
is_linear=0
shrinkage=0.05


Tree=110
num_leaves=31
num_cat=0
split_feature=9 13 18 2 5 9 8 0 9 3 6 1 9 3 4 2 0 9 0 8 4 8 9 6 6 3 0 8 8 9
split_gain=11.5615 1.81472 1.58837 0.840849 0.325228 0.189993 0.193518 0.383382 0.133785 0.643077 0.10446 0.102264 0.0150387 0.235659 0.000503428 0.000225989 0.000153859 8.81566e-05 3.55681e-05 1.22356e-05 8.51744e-06 8.49073e-06 8.32489e-06 3.4711e-06 2.53901e-06 2.00194e-06 1.46328e-06 1.16498e-06 2.4985e-07 1.36193e-06
threshold=-0.53134802822849891 1.0000000180025095e-35 1.0000000180025095e-35 2.740319461670996 8.105272220662707 -0.71929357792026261 206.05555555555557 0.11812552495011401 -0.26634925049910491 4.6478001079635041 3.2493258900699948 11.655418162737622 -1.0000000180025095e-35 4.6478001079635041 7.0934015215887589 2.524928003624769 0.1538913039458861 -0.6582797577561984 0.27328611250455342 194.13802816901412 7.6133230286147189 206.05555555555557 -0.19294029418538369 3.5805906715287965 3.0304079172532492 7.4874537278250921 0.37202812412846625 254.08333333333334 214.08333333333334 0.10405968019844282
decision_type=2 2 2 2 2 2 2 2 2 2 2 2 2 2 2 2 2 2 2 2 2 2 2 2 2 2 2 2 2 2
left_child=5 4 11 22 10 -1 -7 17 9 -6 -2 14 13 -10 15 18 -16 -8 -3 -14 21 24 -4 -20 -18 -24 27 -22 29 -28
right_child=1 2 3 -5 8 6 7 -9 12 -11 -12 -13 19 -15 16 -17 20 -19 23 -21 26 -23 25 -25 -26 -27 28 -29 -30 -31
leaf_value=-0.05001934641008992 0.050187824889856805 -0.052414462098949594 0.050706656930821742 -0.050027173607492592 -0.05001933304557378 -0.050019358836125599 0.05232225671601301 -0.050020173202073262 -0.050026503541360234 0.050178079158810202 -0.050019631041916993 0.050259343939844263 0.050174960033680917 0.050181188645493507 -0.052829748266822033 -0.054935136165230082 -0.050513537848517934 0.050163967881822286 -0.050035240260019487 0.050575989982329463 -0.050485687264574391 -0.050030424098531347 0.05019383724293535 -0.050911353508421811 -0.051042631799020577 0.05043320332995932 -0.050282083310032782 -0.050019845053577407 -0.050021712341529329 -0.050021305439202149
leaf_weight=7.0638592992909262 0.033478915458543201 0.045302087062736751 0.094260610174387582 0.25617963445256475 0.20206603506812815 0.34663994336733761 0.084173077368177474 0.18288587109418586 0.063005930831422918 0.77172557287849486 0.11652515194145963 0.02562426868826162 5.5124323698692024 0.85272499499842525 0.057020699750864878 0.092303656652802601 0.04323758406098932 0.10804059356451035 0.024722670903429389 0.19699729047715653 0.036102708341786638 0.061526555306045339 0.94504280341789104 0.020831452304264531 0.047677561116870493 0.096246944274753332 0.066348154796287417 0.021361889899708331 0.36046467980486341 0.20403393128071912
leaf_count=18272 9 3 8 614 523 896 12 461 145 219 299 5 1588 238 10 11 33 36 50 27 29 137 255 6 8 13 39 55 912 510
internal_value=-0.00159213 0.0333047 -0.00375238 0.0317972 0.0452521 -0.0475227 -0.023087 0.00180189 0.0466913 0.0293867 -0.0276547 -0.0484634 0.0492348 0.0432865 -0.0508037 -0.0531927 -0.0503163 0.0511091 -0.0514224 0.0501888 -0.0501459 -0.050484 0.0502567 -0.0504359 -0.050791 0.050216 -0.050071 -0.0503125 -0.050049 -0.0500853
internal_weight=18.0328 10.2472 2.49829 1.39173 7.74896 7.7856 0.721739 0.3751 7.59895 0.973792 0.150004 1.10656 6.62516 0.915731 1.08093 0.18316 0.897774 0.192214 0.0908562 5.70943 0.840753 0.152442 1.13555 0.0455541 0.0909151 1.04129 0.688311 0.0574646 0.630847 0.270382
internal_count=25423 5746 2698 890 3048 19677 1405 509 2740 742 308 1808 1998 383 1803 70 1733 48 59 1615 1723 178 276 56 41 268 1545 84 1461 549
is_linear=0
shrinkage=0.05


Tree=111
num_leaves=31
num_cat=0
split_feature=9 13 18 2 5 9 7 1 9 3 1 3 9 3 4 2 3 9 5 9 2 8 2 7 8 3 7 7 8 7
split_gain=11.135 1.67234 1.55496 0.828951 0.308457 0.166987 0.207148 0.326151 0.121127 0.54432 0.0971086 0.0910813 0.0205341 0.289729 0.000399717 0.000207222 8.45457e-05 7.20138e-05 6.91695e-05 1.73685e-05 1.37642e-05 9.5976e-06 2.69128e-06 2.48709e-06 5.38117e-06 1.71523e-06 3.47147e-07 1.31191e-07 3.68178e-08 3.65653e-08
threshold=-0.53134802822849891 1.0000000180025095e-35 1.0000000180025095e-35 2.740319461670996 8.105272220662707 -0.71929357792026261 119.50000000000001 1.4978661367769956 -0.3014177459159994 4.6478001079635041 11.655418162737622 4.6478001079635041 -1.0000000180025095e-35 4.6478001079635041 7.0934015215887589 2.524928003624769 7.4985928023719568 -0.64496489641977461 10.133340735382275 -0.21171336248670511 2.3502401828962087 194.13802816901412 1.7005986908310777 198.50000000000003 262.0263157894737 7.4874537278250921 97.500000000000014 124.50000000000001 179.4531187624751 191.50000000000003
decision_type=2 2 2 2 2 2 2 2 2 2 2 2 2 2 2 2 2 2 2 2 2 2 2 2 2 2 2 2 2 2
left_child=5 4 10 19 11 -1 -7 17 9 -6 14 -2 13 -10 15 22 18 -8 20 -4 -16 28 -3 24 -18 26 -21 -28 -14 -15
right_child=1 2 3 -5 8 6 7 -9 12 -11 -12 -13 21 29 16 -17 23 -19 -20 25 -22 -23 -24 -25 -26 -27 27 -29 -30 -31
leaf_value=-0.050018404802458838 -0.050018678634128538 -0.050027569384481496 0.050865579119833915 -0.050025376414210003 -0.050018390856995311 -0.05001841663061754 0.052193674458796857 -0.050019294624762504 -0.050023588625289987 0.050167245599047651 0.050246634286197349 0.050181312059781435 0.050165851827275967 0.050169602769903926 -0.050033684780276227 -0.054696367475085807 -0.050476408632085301 0.050161039513114916 -0.052855852472262592 0.050295500628453872 -0.05107574057545107 0.050528012480067878 -0.050828511740770903 -0.050019475569654914 -0.050025463817828991 0.050410493194652621 0.050174181617050853 0.050226737492716347 0.050200662459915203 0.050197969742315607
leaf_weight=6.7234740665880972 0.10825928606209156 0.021160815085749851 0.11315554426982988 0.25124576003872801 0.17347068621893402 0.36214720399584788 0.08080657385289669 0.14624435055884533 0.078196457383455487 0.62063055322505534 0.024380568880587927 0.028689813101664186 5.2091406527906656 0.80027335183694959 0.049394365196349099 0.087795136903878301 0.11293510813266039 0.094574072165414691 0.051111575216054916 0.074422482633963005 0.088406196562573314 0.19004548317752767 0.020794664422282949 0.43306682561524212 0.15971561276819557 0.099332190584391356 0.71419755928218365 0.14242022065445781 0.077082114992663153 0.13239503628574312
leaf_count=18283 292 49 8 637 472 984 12 386 195 187 5 8 1581 238 106 10 28 32 1 18 12 29 6 1155 421 14 209 34 20 34
internal_value=-0.00129787 0.0334984 -0.00237689 0.0322096 0.0453157 -0.0476243 -0.0240834 0.00511927 0.046714 0.0282818 -0.0483744 -0.0290275 0.0489703 0.0424228 -0.0507216 -0.0533151 -0.0503454 0.0510976 -0.0512849 0.0502776 -0.0507022 0.0501789 -0.0504245 -0.050094 -0.0502123 0.050213 0.0501919 0.0501829 0.0501664 0.0501736
internal_weight=17.269 9.86172 2.44353 1.39477 7.41818 7.40725 0.683772 0.321625 7.28123 0.794101 1.04876 0.136949 6.48713 1.01086 1.02438 0.129751 0.89463 0.175381 0.188912 1.14353 0.137801 5.47627 0.0419555 0.705718 0.272651 1.03037 0.93104 0.856618 5.28622 0.932668
internal_count=25466 5769 2713 920 3056 19697 1414 430 2756 659 1793 300 2097 467 1788 65 1723 44 119 283 118 1630 55 1604 449 275 261 243 1601 272
is_linear=0
shrinkage=0.05


Tree=112
num_leaves=31
num_cat=0
split_feature=9 13 18 2 5 9 7 0 9 4 1 6 9 4 4 2 0 9 0 9 4 8 0 8 6 7 0 4 7 7
split_gain=10.4508 1.67455 1.49699 0.770495 0.300354 0.177468 0.218877 0.310034 0.119376 0.59212 0.0924894 0.058464 0.013984 0.219115 0.000365209 0.000172353 0.000111506 7.31338e-05 2.66832e-05 1.50139e-05 1.08617e-05 1.13556e-05 8.94725e-06 7.63973e-06 2.76398e-06 1.84507e-06 1.0989e-06 8.23883e-07 8.20409e-07 3.45742e-07
threshold=-0.53134802822849891 1.0000000180025095e-35 1.0000000180025095e-35 2.740319461670996 8.0695940463597982 -0.71929357792026261 119.50000000000001 0.11812552495011401 -0.26634925049910491 5.0845003501084243 11.655418162737622 3.2493258900699948 -1.0000000180025095e-35 5.0005792898547883 7.0934015215887589 2.524928003624769 0.1538913039458861 -0.67304356876361637 0.27328611250455342 -0.21171336248670511 7.8270413409112187 233.12500000000003 0.78449347986537321 194.13802816901412 3.5805906715287965 164.50000000000003 0.37202812412846625 8.371126408585047 126.50000000000001 198.50000000000003
decision_type=2 2 2 2 2 2 2 2 2 2 2 2 2 2 2 2 2 2 2 2 2 2 2 2 2 2 2 2 2 2
left_child=5 4 10 19 11 -1 -7 17 9 -6 14 -2 13 -10 15 18 -16 -8 -3 -4 21 22 -18 -14 -20 -24 27 -22 -21 -28
right_child=1 2 3 -5 8 6 7 -9 12 -11 -12 -13 23 -15 16 -17 20 -19 24 28 26 -23 25 -25 -26 -27 29 -29 -30 -31
leaf_value=-0.050017504849586086 0.050172586684163828 -0.052179676782517205 0.050850180223180955 -0.050023311913502171 -0.050017491957232832 -0.050017516651935746 0.052212186714023417 -0.050018463657381586 -0.050023759229465697 0.05016087693694038 0.050234546446575629 -0.05001788371045307 0.050158292190640524 0.050165010809539501 -0.05258540396373601 -0.054498138256792575 -0.051149904724651397 0.050147057038091893 -0.050031384570766502 0.050176493629952745 -0.050437311201994108 -0.050037035305599976 -0.050720102575942339 0.050491515466336928 -0.050850199313732997 -0.050075885248814449 -0.050105694500805924 -0.050017074660499851 0.050311381733899097 -0.0500186104909923
leaf_weight=6.4358060287486305 0.017120375996453663 0.041260112891904788 0.09604643564671278 0.23372539997217257 0.18529037563712325 0.34725886187516319 0.072377958917059004 0.13279452270944603 0.058626276091672369 0.72328780894167721 0.023196954280138127 0.097379715793067589 4.9432189385406673 0.78924657544121146 0.051093451562337577 0.082949174015084282 0.072341686143772677 0.1051585361128673 0.023633588687516749 0.83547504735179223 0.032862597232451662 0.083357405528659001 0.016424674424342811 0.17820862773805846 0.018276427814271301 0.0343771354528144 0.16403386773890816 0.018079931673128158 0.13030741782858968 0.37349198825540952
leaf_count=18399 5 3 7 629 530 992 10 367 150 227 5 275 1573 242 8 10 11 39 53 250 29 201 3 29 4 61 333 53 26 1046
internal_value=-0.00175338 0.0330437 -0.00365755 0.0321634 0.0452782 -0.0474895 -0.0227479 0.00776662 0.0466153 0.0297311 -0.0484798 -0.0350371 0.0491852 0.0432374 -0.0507421 -0.0528855 -0.0503212 0.050989 -0.0512771 0.050254 -0.0501757 -0.0504877 -0.0507928 0.0501699 -0.0503885 -0.0502842 -0.0500662 -0.0502882 0.0501947 -0.0500452
internal_weight=16.4167 9.32331 2.33093 1.29555 6.99238 7.0934 0.65759 0.310331 6.87788 0.908578 1.03538 0.1145 5.9693 0.847873 1.01218 0.166119 0.846063 0.177536 0.0831701 1.06183 0.794969 0.206501 0.123143 5.12143 0.04191 0.0508018 0.588468 0.0509425 0.965782 0.537526
internal_count=25570 5763 2732 912 3031 19807 1408 416 2751 757 1820 280 1994 392 1815 70 1745 49 60 283 1737 276 75 1602 57 64 1461 82 276 1379
is_linear=0
shrinkage=0.05


Tree=113
num_leaves=31
num_cat=0
split_feature=9 13 18 2 9 3 9 7 0 1 9 3 4 2 0 9 11 9 8 4 8 3 0 0 8 0 7 8 7 8
split_gain=10.0685 1.4859 1.38386 0.737463 0.195035 0.830678 0.140063 0.17827 0.289177 0.0708976 0.0163826 0.194142 0.000346747 0.000122386 9.86729e-05 4.93512e-05 1.97293e-05 9.48482e-06 6.4097e-06 5.99953e-06 5.45162e-06 1.29868e-06 3.59302e-07 8.70384e-07 1.78795e-07 1.39554e-07 1.05775e-07 3.9187e-07 6.59327e-08 2.71436e-08
threshold=-0.53134802822849891 1.0000000180025095e-35 1.0000000180025095e-35 2.740319461670996 -0.21171336248670511 4.6478001079635041 -0.71929357792026261 119.50000000000001 0.11812552495011401 11.655418162737622 -1.0000000180025095e-35 4.6478001079635041 7.0934015215887589 2.524928003624769 0.1538913039458861 -0.64496489641977461 0.10555555555555557 -0.19294029418538369 194.13802816901412 7.6133230286147189 206.05555555555557 7.4874537278250921 0.37202812412846625 0.36049360971056749 267.48845327604732 1.2123139845310107 198.50000000000003 225.05125284738043 125.50000000000001 179.4531187624751
decision_type=2 2 2 2 2 2 2 2 2 2 2 2 2 2 2 2 2 2 2 2 2 2 2 2 2 2 2 2 2 2
left_child=6 4 9 17 5 -2 -1 -8 15 12 11 -6 13 16 -14 -9 -3 -4 29 20 -16 25 23 -21 -22 28 27 -24 -19 -12
right_child=1 2 3 -5 10 -7 7 8 -10 -11 18 -13 14 -15 19 -17 -18 21 -20 22 24 -23 26 -25 -26 -27 -28 -29 -30 -31
leaf_value=-0.050016651805759184 -0.050016644103733944 -0.050028520138455705 0.050686633741508239 -0.050023170130418348 -0.050023541273167806 0.050152883764800829 -0.050016663271470453 0.051947269011306509 -0.050017474641084594 0.050224269007563715 0.050150089730484397 0.050157736713965478 -0.052432234468784727 -0.054262881831139045 -0.050691334692321316 0.050146326954551707 -0.051921616080421 0.050154231537759976 0.050467069349550059 -0.050016345197570901 -0.050204456768471795 0.05037383811912393 -0.050193514818416433 -0.050505654822447503 -0.050017756035294902 0.050231175208015781 -0.050017689484191045 -0.050021531258261177 0.050197428324928531 0.0501815076380061
leaf_weight=6.079579184006433 0.27074647010886088 0.020376511209178827 0.10541776102036238 0.22385819381452177 0.05294601703644719 0.87858569296076894 0.32901018569828178 0.07477968093007803 0.13238184570218436 0.017746783792972565 4.6659675971604866 0.55831335880793631 0.049151354527566582 0.079212075390387326 0.077104437019443139 0.077425557188689709 0.042402333579957485 0.64792024972848572 0.16554116318002332 0.025754842557944357 0.017636821372434497 0.083267206558957696 0.044365685258526355 0.014044212555745617 0.046986300149001181 0.076114829629659653 0.35782862061751075 0.130683498486178 0.10228077624924481 0.069774996489286312
leaf_count=18271 814 50 10 626 138 290 988 13 386 4 1564 179 9 10 36 29 9 213 29 79 9 13 17 7 135 19 1053 371 27 20
internal_value=-0.00147411 0.0336033 -0.002412 0.0321208 0.0452923 0.0265561 -0.0477188 -0.0249515 0.00402619 -0.0487475 0.0491986 0.0414802 -0.0506872 -0.0529561 -0.0502653 0.0510311 -0.0513072 0.0502377 0.0501612 -0.0501162 -0.0504074 0.0501856 -0.0500441 -0.050189 -0.0500687 0.0501667 -0.0500333 -0.0500651 0.0501601 0.0501506
internal_weight=15.5172 8.82403 2.16215 1.23886 6.66188 1.14933 6.69318 0.613597 0.284587 0.923293 5.51254 0.611259 0.905547 0.141991 0.763556 0.152205 0.0627788 1.015 4.90128 0.714404 0.141728 0.909583 0.572677 0.0397991 0.0646231 0.826316 0.532878 0.175049 0.750201 4.73574
internal_count=25418 5731 2697 908 3034 1104 19687 1416 428 1789 1930 317 1785 69 1716 42 59 282 1613 1707 180 272 1527 86 144 259 1441 388 240 1584
is_linear=0
shrinkage=0.05


Tree=114
num_leaves=31
num_cat=0
split_feature=8 11 7 3 19 1 18 0 1 11 3 2 3 8 3 8 3 7 4 11 0 11 8 5 7 3 0 7 3 8
split_gain=7.26073 2.12759 2.98056 1.34896 0.263597 0.255601 0.152659 0.249643 0.0668238 0.0394195 0.0574022 0.000810055 0.000356596 2.08212e-05 6.47322e-05 9.36348e-06 5.99704e-06 4.06403e-06 2.88793e-06 2.63253e-06 2.17148e-06 1.20418e-06 2.47107e-08 1.59643e-08 1.42992e-08 1.12789e-08 6.96727e-09 1.20144e-08 1.29049e-08 4.39362e-09
threshold=259.0384615384616 0.26666666666666672 94.500000000000014 7.4662273925763296 1.0000000180025095e-35 10.070801030819768 1.0000000180025095e-35 1.5781651660286891 11.655418162737622 0.048809523809523817 6.929516292058147 2.6735537653587347 7.4985928023719568 247.02307692307696 4.9732735209982879 194.13802816901412 7.3839892650846801 199.50000000000003 7.3808759299945494 0.033908045977011504 0.77405942769094171 0.04083333333333334 125.14398496240602 8.5518729798429955 193.50000000000003 5.2012518591713119 0.08715175671995333 127.50000000000001 5.1676349844808334 270.04000000000002
decision_type=2 2 2 2 2 2 2 2 2 2 2 2 2 2 2 2 2 2 2 2 2 2 2 2 2 2 2 2 2 2
left_child=1 2 19 4 9 29 8 -8 12 11 -11 13 -5 16 -15 22 18 -14 24 -1 -6 -22 -3 -9 26 -16 -4 -28 -29 -2
right_child=5 15 3 6 20 -7 7 23 -10 10 -12 -13 17 14 25 -17 -18 -19 -20 -21 21 -23 -24 -25 -26 -27 27 28 -30 -31
leaf_value=-0.050016033342647565 -0.050025051553321855 0.050142561967942506 0.050143866355560784 -0.05314223248875713 -0.050941500931885736 0.050178845901382489 0.050305602855620669 -0.050019075724236362 0.050213282035621504 -0.0074337236458429006 0.048664421796714152 0.045483713499189261 -0.05041307386973426 0.051952001794573682 0.050141582636423702 0.050638906828333122 0.049660657128313683 -0.050017739172461356 0.050471010667395989 -0.050548070343969187 -0.050566873436413064 -0.050062259386289845 0.050175715371333168 -0.050074588156504174 0.050163743725481116 0.050166371500770968 0.05014608043772481 0.050148846622898327 0.050177727914222328 -0.050015876812895557
leaf_weight=1.7440836924943122 0.13393420317152127 4.1873953607864678 1.2950752979377314 0.14273741870420042 0.021533820923650526 0.064439521636813768 0.12590229883790016 0.10742422443581745 0.016884863842278719 0.075575075257802271 0.11497428361326456 0.09485874167876307 0.091401443496579304 0.06734410545323033 0.11742591066285968 0.097373406402766594 0.062405622360529267 0.22512633350561373 0.071220959536731132 0.023564452450955176 0.025895998755004257 0.021754229179350659 0.05696882028132666 0.014726671972312033 0.11943894764408458 0.075321370270103216 0.41921599186025549 0.08267020620405674 0.072682973928749561 5.0733432025590446
leaf_count=5488 400 1477 456 5 6 21 24 321 4 23 37 35 37 11 42 8 21 682 11 19 9 38 17 26 37 23 146 28 21 16007
internal_value=-0.00167129 0.0242825 0.00280188 0.0297767 0.0458311 -0.0487914 -0.0309068 0.000898592 -0.047476 0.0483295 0.026415 0.0500149 -0.0510675 0.0501953 0.0506175 0.0501541 0.0501435 -0.0501319 0.0501582 -0.0500231 -0.0505248 -0.0503365 0.050143 -0.0500258 0.050147 0.0501513 0.0501459 0.0501505 0.0501624 -0.0500161
internal_weight=14.8427 9.57098 5.22924 3.4616 2.73739 5.27172 0.724203 0.248053 0.47615 2.66821 0.190549 2.47766 0.459265 2.3828 0.260091 4.34174 2.12271 0.316528 2.0603 1.76765 0.069184 0.0476502 4.24436 0.122151 1.98908 0.192747 1.86964 0.574569 0.155353 5.20728
internal_count=25480 9052 7550 2043 944 16428 1099 371 728 891 60 831 724 796 76 1502 720 719 699 5507 53 47 1494 347 688 65 651 195 49 16407
is_linear=0
shrinkage=0.05


Tree=115
num_leaves=31
num_cat=0
split_feature=9 13 18 2 5 9 7 0 9 3 1 3 9 3 3 9 9 0 9 2 4 6 0 2 3 7 13 1 0 0
split_gain=8.96905 1.41354 1.27865 0.667133 0.257551 0.143454 0.17846 0.263659 0.105941 0.522712 0.0794362 0.0503097 0.0127943 0.192316 0.00023989 0.000124316 4.52008e-05 4.05528e-05 9.64922e-06 7.9558e-06 2.47815e-06 2.7767e-06 1.14778e-06 1.71264e-06 8.41551e-07 6.3751e-07 8.99938e-07 5.10431e-07 4.46774e-07 2.20354e-07
threshold=-0.53134802822849891 1.0000000180025095e-35 1.0000000180025095e-35 2.740319461670996 8.0695940463597982 -0.71929357792026261 119.50000000000001 0.11812552495011401 -0.26634925049910491 4.6478001079635041 11.655418162737622 4.6478001079635041 -1.0000000180025095e-35 4.6478001079635041 7.4985928023719568 0.38459858393803353 -0.67304356876361637 0.1538913039458861 -0.21171336248670511 2.3502401828962087 7.5019101675073623 3.5805906715287965 2.3492559089303566 5.4659459730803723 7.4874537278250921 198.50000000000003 0.021858576206402299 2.8029010331479989 0.39807142246227761 1.1744478143752708
decision_type=2 2 2 2 2 2 2 2 2 2 2 2 2 2 2 2 2 2 2 2 2 2 2 2 2 2 2 2 2 2
left_child=5 4 10 18 11 -1 -7 16 9 -6 14 -2 13 -10 15 17 -8 -3 -4 -19 21 -16 -14 -24 29 26 -22 28 -28 -20
right_child=1 2 3 -5 8 6 7 -9 12 -11 -12 -13 22 -15 20 -17 -18 19 24 -21 25 -23 23 -25 -26 -27 27 -29 -30 -31
leaf_value=-0.050015065761292388 -0.050015381524316296 -0.052312559843835975 0.050709749512811486 -0.050020807574377379 -0.050015057414505008 -0.050015074343603819 0.051899420148660613 -0.050015873370707654 -0.050020430539760678 0.05013835217670564 0.050201739030389637 0.050148474896354059 0.050137332867860478 0.05014179192540838 -0.050021688226689225 -0.053186843967520527 0.050128347563844849 -0.050026974464562717 0.050146513861628307 -0.050869559420616106 -0.050378842140706696 -0.050700959869502515 0.050359202114096141 0.050137542659429352 0.050337986770793687 -0.050015969454572221 -0.050501302805643536 -0.050032431661588106 -0.050129932310103521 0.050224312610689527
leaf_weight=5.4980228365457142 0.08376238131313396 0.04225231707096111 0.093140292912721634 0.20257200664491393 0.16400224799872365 0.29679621761897745 0.062691789818927646 0.11547476763371378 0.051629443740239256 0.63354400731623173 0.019978474825620651 0.014742788625881076 4.0435176282189786 0.66762890480458736 0.027477121155243367 0.10970473902125377 0.084696543286554515 0.050077546387910843 0.64861997938714921 0.063590363948605955 0.030492577847326174 0.033250349835725501 0.15042446623556305 0.20714679290540516 0.070571457035839558 0.3446230826084502 0.011551029689144343 0.12208512128563598 0.0270966112439055 0.10587152512744069
leaf_count=18259 275 1 8 627 545 985 10 371 153 231 5 5 1492 238 79 14 36 132 227 14 22 13 34 76 12 1124 4 356 43 31
internal_value=-0.00163995 0.0330474 -0.00333467 0.0321082 0.0451596 -0.0475602 -0.0234437 0.00655776 0.0464943 0.0295435 -0.0483635 -0.0350243 0.0491345 0.042952 -0.0506474 -0.0518973 0.0508817 -0.05099 0.0502273 -0.0504984 -0.0500909 -0.0503936 0.0501449 0.0502308 0.0501729 -0.0500566 -0.0501298 -0.0500826 -0.0502409 0.0501574
internal_weight=14.077 8.01935 2.00295 1.12078 6.0164 6.05768 0.559659 0.262863 5.91789 0.797546 0.882179 0.0985052 5.12035 0.719258 0.862201 0.265625 0.147388 0.15592 0.918203 0.113668 0.596576 0.0607275 4.40109 0.357571 0.825063 0.535848 0.191225 0.160733 0.0386476 0.754492
internal_count=25422 5761 2712 905 3049 19661 1402 417 2769 776 1807 280 1993 391 1802 161 46 147 278 146 1641 92 1602 110 270 1549 425 403 47 258
is_linear=0
shrinkage=0.05


Tree=116
num_leaves=31
num_cat=0
split_feature=9 13 18 2 9 3 9 7 0 1 9 3 4 2 0 11 3 9 2 8 0 3 0 8 9 7 8 7 8 4
split_gain=8.72917 1.36045 1.21515 0.634854 0.170816 0.715117 0.0773321 0.108404 0.203689 0.0755236 0.0135766 0.167422 0.000206191 7.9909e-05 5.97421e-05 1.15837e-05 8.14054e-06 7.93315e-06 6.25484e-06 4.81142e-06 2.25457e-06 8.19919e-07 6.5421e-07 4.68783e-07 1.42713e-07 8.02154e-08 3.18893e-07 6.24739e-08 1.79066e-08 1.08456e-08
threshold=-0.53134802822849891 1.0000000180025095e-35 1.0000000180025095e-35 2.740319461670996 -0.21171336248670511 4.6478001079635041 -0.70688395170678076 119.50000000000001 0.11812552495011401 11.655418162737622 -1.0000000180025095e-35 4.6478001079635041 7.0934015215887589 2.524928003624769 0.1538913039458861 0.10555555555555557 7.4985928023719568 -0.21171336248670511 2.3502401828962087 194.13802816901412 0.18981894877374797 7.4874537278250921 0.37202812412846625 254.08333333333334 -0.15093364397138662 198.50000000000003 270.04000000000002 124.50000000000001 179.4531187624751 5.5471267646873921
decision_type=2 2 2 2 2 2 2 2 2 2 2 2 2 2 2 2 2 2 2 2 2 2 2 2 2 2 2 2 2 2
left_child=6 4 9 17 5 -2 -1 -8 -9 12 11 -6 13 15 -14 -3 18 -4 -16 28 -18 24 23 -22 -19 26 -24 -26 -12 -7
right_child=1 2 3 -5 10 29 7 8 -10 -11 19 -13 14 -15 16 -17 20 21 -20 -21 22 -23 25 -25 27 -27 -28 -29 -30 -31
leaf_value=-0.050014345492982663 -0.050014325489354083 -0.050380291656814985 0.050654563581391976 -0.050019540229701509 -0.050020245202863911 0.050129985451316486 -0.050014321509753101 0.050115803782696366 -0.050014658167797856 0.050191862328707641 0.050129112165809231 0.050136092750158824 -0.052080764058709865 -0.05356377968019671 -0.050027681421653786 -0.051714734170374067 -0.050635017395249851 0.050223404130147933 -0.050817921453287299 0.050412919772852928 -0.050362142760468243 0.050319326121079214 -0.050176740963855319 -0.050014090114207488 0.050134022918614664 -0.050015271500774373 -0.050014501631404744 0.050174895579401427 0.050157225977329724 0.050153187006568838
leaf_weight=5.2800362214038614 0.23390360918710928 0.028281594248255382 0.09258236363530159 0.19291695559513755 0.04553830504300993 0.69499978981912136 0.26193195872474451 0.09880231658462435 0.10451636114157736 0.019007759168744087 4.0326667604967952 0.49825075920671225 0.042500568320974708 0.070444346609292552 0.038779887487180531 0.038266898656729609 0.016775508527643979 0.057544686831533909 0.070675424940418452 0.15544397383928288 0.026615649490850046 0.077510768081992865 0.041867420106427744 0.015198933979263529 0.53077889769338071 0.32337467058096081 0.10951332087279297 0.11347998445853591 0.057445541489869245 0.054304070537909865
leaf_count=18422 817 42 9 631 138 269 915 47 361 5 1570 185 9 12 104 10 10 17 13 30 28 14 21 54 201 1104 380 35 19 18
internal_value=-0.0016798 0.0331964 -0.00342867 0.0320567 0.0452901 0.0263071 -0.0482924 -0.0287504 -0.00135645 -0.0483416 0.0491871 0.0417487 -0.0506192 -0.0523901 -0.0502652 -0.0511476 -0.0501452 0.050217 -0.0505379 0.0501399 -0.0500646 0.050165 -0.050046 -0.0502356 0.050148 -0.0500293 -0.0500594 0.0501412 0.0501295 0.0501317
internal_weight=13.424 7.67867 1.90612 1.06481 5.77255 0.983207 5.74529 0.465251 0.203319 0.841302 4.78935 0.543789 0.822294 0.136993 0.685301 0.0665485 0.642801 0.871897 0.109455 4.24556 0.533346 0.779314 0.51657 0.0418146 0.701804 0.474755 0.151381 0.644259 4.09011 0.749304
internal_count=25490 5745 2699 907 3046 1104 19745 1323 408 1792 1942 323 1787 64 1723 52 1714 276 117 1619 1597 267 1587 82 253 1505 401 236 1589 287
is_linear=0
shrinkage=0.05


Tree=117
num_leaves=31
num_cat=0
split_feature=9 13 18 4 5 9 7 0 9 4 1 6 9 4 4 8 9 6 9 4 8 6 8 6 7 8 7 7 8 4
split_gain=8.19236 1.23204 1.12328 0.605932 0.227418 0.137869 0.165334 0.243179 0.097201 0.47375 0.071612 0.0453721 0.0112578 0.171818 0.000192903 6.38939e-05 4.50667e-05 1.17297e-05 6.80183e-06 4.61258e-06 5.03533e-06 4.71156e-06 3.59389e-06 1.30577e-06 4.9542e-07 1.25933e-06 3.71621e-07 2.99381e-07 1.17797e-07 3.17942e-08
threshold=-0.53134802822849891 1.0000000180025095e-35 1.0000000180025095e-35 7.6133230286147189 8.0695940463597982 -0.71929357792026261 119.50000000000001 0.11812552495011401 -0.26634925049910491 5.0845003501084243 11.655418162737622 3.2493258900699948 -1.0000000180025095e-35 5.0005792898547883 7.0934015215887589 99.083333333333357 -0.6582797577561984 3.6208330082595634 -0.19294029418538369 7.8270413409112187 233.12500000000003 3.0304079172532492 194.13802816901412 3.5805906715287965 198.50000000000003 249.16666666666671 124.50000000000001 172.50000000000003 265.04409317803669 7.3808759299945494
decision_type=2 2 2 2 2 2 2 2 2 2 2 2 2 2 2 2 2 2 2 2 2 2 2 2 2 2 2 2 2 2
left_child=5 4 10 18 11 -1 -7 16 9 -6 14 -2 13 -10 15 -3 -8 23 -4 20 21 27 -14 -17 25 -21 29 -16 -22 -20
right_child=1 2 3 -5 8 6 7 -9 12 -11 -12 -13 22 -15 19 17 -18 -19 26 24 28 -23 -24 -25 -26 -27 -28 -29 -30 -31
leaf_value=-0.050013635067469232 0.050134308402414778 -0.053284942355845556 0.050606843405977535 -0.050019038733222568 -0.050013622411037288 -0.050013637054381055 0.051937539131387545 -0.050014333791613685 -0.050018522467356587 0.050125034369953872 0.050182471169948929 -0.050013846544717168 0.050123128536681064 0.050128012412996026 -0.050348624778111084 -0.050021076836802847 0.05011578953269713 -0.051705855786033129 0.050130244219236578 -0.050313030750363141 -0.050180045920497768 -0.050886780523302366 0.050386581137126733 -0.050696675189984379 -0.050014440995428802 -0.05001708203820629 0.050223854948440998 -0.050043189097418464 -0.050015667801651335 0.05016468522019786
leaf_weight=4.9956129861529917 0.013343585655093082 0.069205463951220403 0.092729470692574978 0.18437930103391409 0.14894411130808283 0.26444588450249273 0.061086683417670429 0.10541114353691228 0.046088072791461765 0.57052221288904548 0.01808403804898262 0.074189357925206423 3.8728630812838682 0.60566582740284503 0.01238177705090493 0.015143063792493194 0.07641567150130868 0.034775648717186414 0.51258542388677597 0.056378162727924064 0.013416022149613127 0.056935645057819784 0.133925589499995 0.01355318445712328 0.30091870788601227 0.099181959027191624 0.14596842927858233 0.022788795700762421 0.058091418162803166 0.077086866367608309
leaf_count=18334 5 14 10 628 547 970 10 375 151 230 5 270 1582 239 3 46 36 7 203 20 7 14 28 1 1085 351 40 56 200 25
internal_value=-0.00149464 0.0334225 -0.00266078 0.031957 0.0451978 -0.0474915 -0.0226578 0.00712293 0.046499 0.0293943 -0.0481417 -0.0347472 0.0491406 0.0430463 -0.0505038 -0.0522341 0.0509251 -0.0510884 0.0502033 -0.0501335 -0.0503613 -0.0506057 0.0501319 -0.0503402 -0.0500519 -0.0501243 0.0501524 -0.0501507 -0.0500465 0.0501347
internal_weight=12.7521 7.24915 1.7836 1.01275 5.46554 5.50297 0.507359 0.242913 5.37801 0.719466 0.770854 0.0875329 4.65854 0.651754 0.75277 0.132677 0.137502 0.0634719 0.82837 0.620092 0.163614 0.0921062 4.00679 0.0286962 0.456479 0.15556 0.735641 0.0351706 0.0715074 0.589672
internal_count=25492 5767 2715 906 3052 19725 1391 421 2777 777 1809 275 2000 390 1804 68 46 54 278 1736 280 73 1610 47 1456 371 268 59 207 228
is_linear=0
shrinkage=0.05


Tree=118
num_leaves=31
num_cat=0
split_feature=9 7 11 7 3 16 18 0 9 7 0 1 2 1 9 0 9 3 8 8 4 8 9 5 8 4 7 8 6 4
split_gain=7.8219 1.11053 0.440744 0.769538 0.865746 0.211612 0.151503 0.161015 0.126795 0.154221 0.229969 0.0536628 0.0352257 0.000167337 4.56131e-05 1.82191e-05 1.47989e-05 6.45386e-06 3.87691e-06 1.77646e-06 1.16729e-06 1.10929e-07 2.54612e-08 1.8272e-08 1.35362e-08 1.09673e-08 1.02223e-08 3.22586e-09 3.15915e-09 2.79637e-09
threshold=-0.53134802822849891 199.50000000000003 0.26666666666666672 94.500000000000014 7.4662273925763296 1.0000000180025095e-35 1.0000000180025095e-35 2.4534387858054241 -0.71929357792026261 119.50000000000001 0.18981894877374797 11.655418162737622 2.6735537653587347 2.524928003624769 -0.68468895303587851 1.2123139845310107 0.5397819860804921 7.4985928023719568 194.13802816901412 249.16666666666671 7.3808759299945494 270.04000000000002 0.32400281177755735 8.5518729798429955 133.16666666666671 7.2902926497970748 193.50000000000003 254.08333333333334 2.1376109762125082 7.1944365692869114
decision_type=2 2 2 2 2 2 2 2 2 2 2 2 2 2 2 2 2 2 2 2 2 2 2 2 2 2 2 2 2 2
left_child=8 2 3 -2 5 12 13 -8 -1 -10 14 -3 15 -6 -11 20 29 -15 24 -19 22 -21 25 28 -4 26 27 -5 -9 -7
right_child=1 11 18 4 6 16 7 23 9 10 -12 -13 -14 17 -16 -17 -18 19 -20 21 -22 -23 -24 -25 -26 -27 -28 -29 -30 -31
leaf_value=-0.050012973548924068 -0.050013841255138948 -0.050013853061643715 0.050116656447638269 0.050118574933492747 -0.052763521691601825 -0.050052219814781578 0.050255608701673775 -0.050012931824552881 -0.050012973330268745 0.052021127630559043 -0.050013497407950136 0.050174485564790351 0.020944925553455236 -0.051050713387178016 0.050106892063897047 0.049173167710889296 -0.051693502688695027 -0.050375333542064193 0.050395635605140321 -0.050163680446479078 0.050328224786569002 -0.050013145538023544 0.050156150639477592 -0.050107712775218118 0.050143767910678476 0.050141703042815726 0.050134936179531499 0.050131558530109144 -0.050046811229872715 -0.050015474996756716
leaf_weight=4.738563445804175 0.3133305711380675 0.39397929771803308 3.4345572562888274 1.6147383139468745 0.10084928144351568 0.0078600127599200986 0.096765757771208882 0.054259282711427659 0.25310512568103138 0.052758375997655094 0.10064344629063271 0.013834620360285044 0.10921266773948435 0.02221390389604494 0.075876024668104947 0.051147600868716725 0.031687244772911072 0.055972543486859649 0.12950206734240044 0.013938435033196583 0.070935770403593668 0.10031875698768999 0.051884862594306358 0.0061296151252463451 0.046665027504786738 0.059737440897151717 0.10653010988607992 0.049301147693768033 0.007880085613578558 0.015172878484008834
leaf_count=18281 1180 1485 1479 686 6 15 22 210 976 7 377 4 26 5 39 17 1 16 25 7 17 385 17 3 17 23 40 19 9 51
internal_value=-0.00126807 0.0334403 0.0384242 0.0240509 0.0328864 0.0460845 -0.0295497 0.00877295 -0.0475269 -0.0231053 0.00659868 -0.0466151 0.0485979 -0.0511137 0.050892 0.0501047 -0.0509925 -0.0502492 0.050127 -0.0501446 0.0501291 -0.0500315 0.0501216 -0.0500254 0.050117 0.0501206 0.0501199 0.050119 -0.0500172 -0.050028
internal_weight=12.1794 6.9584 6.55059 2.93987 2.62654 2.16821 0.458328 0.165035 5.22095 0.482383 0.229278 0.407814 2.11349 0.293293 0.128634 2.00428 0.0547201 0.192444 3.61072 0.17023 1.95313 0.114257 1.88219 0.068269 3.48122 1.83031 1.77057 1.66404 0.0621394 0.0230329
internal_count=25445 5765 4276 2755 1575 912 663 244 19680 1399 423 1489 845 419 46 819 67 413 1521 408 802 392 785 222 1496 768 745 705 219 66
is_linear=0
shrinkage=0.05


Tree=119
num_leaves=31
num_cat=0
split_feature=9 13 18 2 5 9 7 0 9 3 4 3 9 3 9 7 4 2 9 0 9 3 2 8 0 6 4 3 8 7
split_gain=7.44609 1.12865 1.0328 0.549029 0.205482 0.119938 0.147911 0.21795 0.0852832 0.415196 0.0647619 0.0410257 0.00939552 0.118323 0.00101118 0.00638336 0.000140415 5.27352e-05 3.13447e-05 1.0137e-05 5.70117e-06 5.66774e-06 4.3014e-06 3.13349e-06 1.20206e-06 8.90418e-07 6.15438e-07 5.43237e-07 3.00679e-07 1.23738e-07
threshold=-0.53134802822849891 1.0000000180025095e-35 1.0000000180025095e-35 2.740319461670996 8.0695940463597982 -0.71929357792026261 119.50000000000001 0.11812552495011401 -0.26634925049910491 4.6478001079635041 14.836867121650442 4.6478001079635041 -0.12453542817161221 4.6478001079635041 -1.0000000180025095e-35 147.50000000000003 7.0934015215887589 2.524928003624769 -0.6582797577561984 0.27328611250455342 -0.19294029418538369 7.4985928023719568 2.3502401828962087 194.13802816901412 0.37202812412846625 3.5805906715287965 7.5019101675073623 7.4874537278250921 254.08333333333334 198.50000000000003
decision_type=2 2 2 2 2 2 2 2 2 2 2 2 2 2 2 2 2 2 2 2 2 2 2 2 2 2 2 2 2 2
left_child=5 4 10 20 11 -1 -7 18 9 -6 16 -2 13 -10 15 -14 17 19 -8 -3 -4 22 -18 -16 26 -21 -23 -22 -28 -26
right_child=1 2 3 -5 8 6 7 -9 12 -11 -12 -13 14 -15 23 -17 21 -19 -20 25 27 24 -24 -25 29 -27 28 -29 -30 -31
leaf_value=-0.050012339323986181 -0.050012520221492399 -0.051584499467431655 0.050566003747123667 -0.050016445571933979 -0.05001232608967135 -0.050012341844941521 0.051709813537340381 -0.05001302567409404 -0.050012398199200107 0.050113300298775733 0.050165047557797909 0.050121496361679153 0.025166010188437699 0.050115670314678798 0.050111395431264284 0.050115636849369295 -0.05002365445742607 -0.053039181318343356 0.05010538094730959 -0.0500228853770915 0.050124671286497363 -0.050572178040029593 -0.050720398398543143 0.050358163869079611 -0.05007035748060034 -0.050578908106116975 -0.050294217146516246 0.050279229577585273 -0.050012545606910541 -0.050013034717146188
leaf_weight=4.5156010688369861 0.066850687828264088 0.030645112667116114 0.088541184784844518 0.16671065891569015 0.13033857074333255 0.24351318406115741 0.05681652866769582 0.095233529951656237 0.032201023568631526 0.50354867707937956 0.016368638491258025 0.012076894287019968 0.029918444284703472 0.35241892701014876 3.5232701832428597 0.1791331684216857 0.033862108379253186 0.06130454879894387 0.06557494169101119 0.01557461658376269 0.60797281446866691 0.013783306058030576 0.0640529727388639 0.1335189293604343 0.14342366019263864 0.013391058513661847 0.024340802090591751 0.062716488726437092 0.015512785917962901 0.27399026499188039
leaf_count=18314 269 3 10 634 529 987 11 374 130 224 5 5 28 154 1590 78 106 12 34 49 255 7 14 29 412 6 34 13 63 1091
internal_value=-0.00136012 0.0334797 -0.0025886 0.0321475 0.0453409 -0.0475319 -0.0232424 0.00671206 0.0466341 0.0295257 -0.0481299 -0.0346908 0.0491856 0.0417328 0.0499271 0.046545 -0.0504622 -0.0520095 0.0508502 -0.0509506 0.0501889 -0.0501333 -0.0504794 0.0501204 -0.0500614 -0.0502799 -0.0502842 0.0501391 -0.0501846 -0.0500327
internal_weight=11.5722 6.59547 1.63219 0.925941 4.96328 4.97674 0.461138 0.217625 4.88435 0.633887 0.70625 0.0789276 4.25046 0.38462 3.86584 0.209052 0.689881 0.120915 0.122391 0.0596108 0.75923 0.568966 0.0979151 3.65679 0.471051 0.0289657 0.0536369 0.670689 0.0398536 0.417414
internal_count=25470 5750 2714 912 3036 19720 1406 419 2762 753 1802 274 2009 284 1725 106 1797 70 45 58 278 1727 120 1619 1607 55 104 268 97 1503
is_linear=0
shrinkage=0.05


Tree=120
num_leaves=31
num_cat=0
split_feature=9 13 18 1 5 9 7 0 9 3 1 3 9 3 4 8 0 9 6 3 11 8 9 0 6 7 8 3 0 7
split_gain=7.01668 1.17302 1.00305 0.512074 0.190186 0.113243 0.14096 0.201754 0.080397 0.358311 0.0498533 0.0388872 0.0132235 0.185276 0.00011224 3.86721e-05 3.21284e-05 2.93979e-05 6.92429e-06 4.92701e-06 3.51374e-06 2.48308e-06 2.4415e-06 1.17388e-06 7.79177e-07 3.22214e-07 8.1286e-07 2.17639e-07 5.61557e-08 2.31425e-08
threshold=-0.53134802822849891 1.0000000180025095e-35 1.0000000180025095e-35 3.1567740231385479 8.0695940463597982 -0.71929357792026261 119.50000000000001 0.18981894877374797 -0.3014177459159994 4.6478001079635041 11.655418162737622 4.6478001079635041 -0.032921913680208796 4.6478001079635041 7.0934015215887589 99.083333333333357 0.1538913039458861 -0.67304356876361637 3.6208330082595634 7.4985928023719568 0.044466403162055343 194.13802816901412 -0.19294029418538369 0.18981894877374797 3.5805906715287965 198.50000000000003 267.48845327604732 7.4874537278250921 1.2123139845310107 125.50000000000001
decision_type=2 2 2 2 2 2 2 2 2 2 2 2 2 2 2 2 2 2 2 2 2 2 2 2 2 2 2 2 2 2
left_child=5 4 10 22 11 -1 -7 17 9 -6 14 -2 13 -10 15 -3 -16 -8 24 20 -18 -14 -4 -21 -17 26 -25 28 29 -24
right_child=1 2 3 -5 8 6 7 -9 12 -11 -12 -13 21 -15 16 18 19 -19 -20 23 -22 -23 27 25 -26 -27 -28 -29 -30 -31
leaf_value=-0.050011734760195617 -0.050011886673994269 -0.052815070058232653 0.050429276850278683 -0.050014741619149733 -0.05001172303584403 -0.050011740321448707 0.051707818217528873 -0.050012140389404935 -0.050012733598779092 0.050106874351454292 0.050157826357738688 0.05011555684639505 0.050106010125698444 0.050110686332354382 -0.051682577318447567 -0.05001827985212124 -0.050679307456559408 0.050099377575690419 -0.051463128192846944 -0.050511084070074964 -0.05002390455310695 0.050322541970242919 0.050108985016149125 -0.050241961050228101 -0.050598861522864129 -0.050012497652340421 -0.050013672686230352 0.050223176408790149 0.050166477393988086 0.050140386277627791
leaf_weight=4.3083091520093149 0.062166612726286874 0.059925009190919587 0.075044338125735521 0.15614696287957486 0.11460811583674413 0.22880896735296108 0.051409859908744693 0.087304016153211705 0.050104323338018175 0.40574506926350296 0.012522146105766296 0.011489224387332797 3.3682076449040341 0.59368985425680876 0.035380858651478775 0.011423624484450556 0.061449135115253739 0.063494521658867598 0.030034089431865141 0.013982053176732734 0.030650236265501007 0.13781688502058376 0.44585528818424791 0.063101463863858953 0.011695388704538345 0.27433812961680815 0.10206120392831508 0.054121320135891438 0.05454462778288871 0.067567249177955091
leaf_count=18370 263 14 11 627 489 975 9 363 202 191 4 5 1597 271 10 41 18 35 7 11 97 34 207 27 1 1144 425 13 19 25
internal_value=-0.00160174 0.0329567 -0.00465728 0.0318283 0.0453247 -0.0475671 -0.0231315 0.0072849 0.046582 0.0280557 -0.048719 -0.0343935 0.0489051 0.0423184 -0.050503 -0.0519442 -0.0502225 0.050819 -0.0509624 -0.0501278 -0.0504612 0.0501145 0.0501599 -0.0500601 -0.050312 -0.0500457 -0.0501009 0.0501274 0.0501182 0.0501131
internal_weight=11.043 6.30367 1.55984 0.85328 4.74383 4.73933 0.431017 0.202208 4.67017 0.520353 0.706563 0.0736558 4.14982 0.643794 0.694041 0.113078 0.580963 0.114904 0.0531531 0.545582 0.0920994 3.50602 0.697133 0.453483 0.023119 0.439501 0.165163 0.622088 0.567967 0.513423
internal_count=25505 5753 2701 902 3052 19752 1382 407 2784 680 1799 268 2104 473 1795 63 1732 44 49 1722 115 1631 275 1607 42 1596 452 264 251 232
is_linear=0
shrinkage=0.05


Tree=121
num_leaves=31
num_cat=0
split_feature=9 13 18 2 5 9 7 0 9 3 1 3 9 3 0 9 3 9 11 8 3 0 7 7 2 8 9 3 7 8
split_gain=6.79107 0.967303 0.92838 0.484517 0.180759 0.109513 0.134679 0.198711 0.0792435 0.340878 0.0583344 0.0369957 0.0129694 0.184752 3.73044e-05 2.76831e-05 4.27978e-06 4.04615e-06 3.59488e-06 2.24383e-06 3.56852e-07 3.21107e-07 2.16873e-07 7.74189e-08 3.53121e-07 7.11992e-08 6.1264e-08 3.27656e-08 2.97488e-08 8.46022e-09
threshold=-0.53134802822849891 1.0000000180025095e-35 1.0000000180025095e-35 2.740319461670996 8.0695940463597982 -0.71929357792026261 119.50000000000001 0.11812552495011401 -0.3014177459159994 4.6478001079635041 11.655418162737622 4.6478001079635041 -1.0000000180025095e-35 4.6478001079635041 0.23679151610846974 -0.68468895303587851 7.5898413843865926 -0.21171336248670511 0.044466403162055343 194.13802816901412 7.4874537278250921 0.37202812412846625 175.50000000000003 198.50000000000003 3.8393944990995772 270.04000000000002 -0.15093364397138662 7.5275246640299773 124.50000000000001 179.4531187624751
decision_type=2 2 2 2 2 2 2 2 2 2 2 2 2 2 2 2 2 2 2 2 2 2 2 2 2 2 2 2 2 2
left_child=5 4 10 17 11 -1 -7 15 9 -6 14 -2 13 -10 -3 -8 18 -4 -16 29 26 22 -18 24 25 -23 -19 -20 -28 -14
right_child=1 2 3 -5 8 6 7 -9 12 -11 -12 -13 19 -15 16 -17 21 20 27 -21 -22 23 -24 -25 -26 -27 28 -29 -30 -31
leaf_value=-0.050011162165889557 -0.050011414714831885 -0.051293842112691945 0.050519943026313088 -0.050013543842161806 -0.050011151662727418 -0.050011166764684901 0.051687040066312188 -0.050011881359757926 -0.050015454781219972 0.050101550982810744 0.050149292806300164 0.050109908801635662 0.050100509080587455 0.050105151652198379 -0.050592291118538107 0.050093464274249072 -0.050293228758319056 0.050168412455401018 -0.050022245670938693 0.050317171981419634 0.050251356231578961 -0.050106490577704089 -0.050011011962244202 -0.05001185741141078 -0.050326746775885868 -0.05001112090999809 0.050104686661667702 -0.050136713252724355 0.050136492574037878 0.050122396048973838
leaf_weight=4.0919792049535317 0.059197943381150142 0.077383711570291558 0.073145693866536021 0.14612876083992887 0.10991158320393823 0.22166388215555333 0.047073073568753898 0.086965606271405704 0.049939480944885761 0.37556784157641232 0.014815479749813676 0.010930089047178626 3.134776569670068 0.59569553635083139 0.075263591133989394 0.064724569208920002 0.01993050123564899 0.04938883101567626 0.040959086094517261 0.12453227082733054 0.052583916345611215 0.025434871640754864 0.010338542197132483 0.25422554583929013 0.011286287335678935 0.084874886204488575 0.4294646349735558 0.0073777018988039336 0.088702640146948397 0.044782729586586245
leaf_count=18341 262 36 9 624 493 993 7 376 202 186 5 5 1566 286 29 38 24 19 136 31 12 22 47 1116 2 382 208 9 35 19
internal_value=-0.00122953 0.0337745 -0.00157474 0.0327282 0.04524 -0.0475144 -0.0232136 0.00667142 0.0464993 0.0274362 -0.0478761 -0.0344066 0.0488424 0.0423609 -0.0502684 0.0507644 -0.0501186 0.0501682 -0.0503762 0.050109 0.0501267 -0.0500402 -0.0501968 -0.0500276 -0.0500604 -0.0500331 0.0501152 -0.0500397 0.0501101 0.0501008
internal_weight=10.479 5.96664 1.4613 0.839414 4.50533 4.51241 0.420427 0.198763 4.43521 0.485479 0.62189 0.070128 3.94973 0.645635 0.607075 0.111798 0.529691 0.693286 0.1236 3.30409 0.62014 0.406091 0.030269 0.375822 0.121596 0.11031 0.567556 0.0483368 0.518167 3.17956
internal_count=25520 5765 2715 907 3050 19755 1414 421 2783 679 1808 267 2104 488 1803 45 1767 283 174 1616 274 1593 71 1522 406 404 262 145 243 1585
is_linear=0
shrinkage=0.05


Tree=122
num_leaves=31
num_cat=0
split_feature=9 13 18 2 5 9 8 0 9 3 1 3 9 3 4 2 9 0 3 9 2 8 0 6 1 3 1 0 3 3
split_gain=6.40157 0.984562 0.858608 0.465916 0.17323 0.105526 0.107247 0.20919 0.0694158 0.355128 0.0556573 0.0352147 0.00908237 0.138316 8.90964e-05 3.46578e-05 2.08127e-05 6.62476e-06 3.75727e-06 3.1064e-06 2.77955e-06 1.69757e-06 8.31683e-07 6.02363e-07 5.35543e-07 1.72653e-07 8.03102e-08 4.18233e-08 4.04083e-08 1.45231e-08
threshold=-0.53134802822849891 1.0000000180025095e-35 1.0000000180025095e-35 2.740319461670996 8.0695940463597982 -0.71929357792026261 206.05555555555557 0.11812552495011401 -0.26634925049910491 4.6478001079635041 11.655418162737622 4.6478001079635041 -1.0000000180025095e-35 4.6478001079635041 7.0934015215887589 2.524928003624769 -0.6582797577561984 0.27328611250455342 7.4985928023719568 -0.19294029418538369 2.3502401828962087 194.13802816901412 0.37202812412846625 3.5805906715287965 2.8029010331479989 7.4874537278250921 4.791641144189394 1.2123139845310107 7.5898413843865926 7.4154760425143449
decision_type=2 2 2 2 2 2 2 2 2 2 2 2 2 2 2 2 2 2 2 2 2 2 2 2 2 2 2 2 2 2
left_child=5 4 10 19 11 -1 -7 16 9 -6 14 -2 13 -10 15 17 -8 -3 20 -4 -16 -14 24 -19 -20 27 -26 29 -24 -21
right_child=1 2 3 -5 8 6 7 -9 12 -11 -12 -13 21 -15 18 -17 -18 23 22 25 -22 -23 28 -25 26 -27 -28 -29 -30 -31
leaf_value=-0.050010617515172155 -0.050010797811278429 -0.051358060486233516 0.050467076410850409 -0.050013127645897451 -0.050010609035654012 -0.050010625085989635 0.051494565857945485 -0.050011167580269647 -0.05001585996555017 0.050097564435187349 0.050141991149111581 0.050104536457480787 0.050095869440883171 0.050099974863368923 -0.050020321979293042 -0.052615640024242877 0.050090972961604967 -0.050019342693254309 -0.050446507077407499 0.050098846514692111 -0.050625669122076104 0.05030084391154635 -0.05011451118486452 -0.050505696758582012 -0.050010735887531799 0.050210205353589971 -0.050187065579824525 0.050150609084381494 -0.050018260431964001 0.050125501312746158
leaf_weight=3.8859472779877251 0.056561889621661865 0.026494419420487025 0.070578963728621602 0.14241591369500384 0.1107026132231107 0.19030553103948467 0.048237984476145357 0.099759160846588202 0.03713902729214158 0.44351230945903808 0.014094920828938484 0.010398109210655093 3.0376316456822692 0.48532475752290338 0.029038841152214445 0.053082328769960441 0.058369243750348687 0.014495007213554345 0.01950920233502984 0.4057125742547214 0.054651501821354032 0.10448549466673274 0.011262901913141832 0.011352598216035403 0.012837089685490355 0.043863755185157061 0.012993599098990671 0.049371109809726477 0.34258095776021946 0.058467893861234188
leaf_count=18311 264 3 10 635 522 896 10 457 153 229 5 5 1592 245 106 11 35 53 8 208 13 28 17 5 61 11 31 19 1488 24
internal_value=-0.00138265 0.033523 -0.00332787 0.0316378 0.045327 -0.047503 -0.0229374 0.00202889 0.0465935 0.0301013 -0.0480461 -0.0344641 0.0490877 0.0429833 -0.0503985 -0.0517154 0.0507261 -0.0508025 -0.050111 0.0501546 -0.0504156 0.0501027 -0.0500472 -0.050233 -0.0502488 0.050115 -0.0500994 0.0501069 -0.0500213 0.0501022
internal_weight=9.94118 5.65856 1.3728 0.77041 4.28576 4.28262 0.396672 0.206366 4.2188 0.554215 0.602393 0.06696 3.66458 0.522464 0.588298 0.105424 0.106607 0.052342 0.482874 0.627994 0.0836903 3.14212 0.399184 0.0258476 0.0453399 0.557415 0.0258307 0.513552 0.353844 0.46418
internal_count=25455 5746 2708 907 3038 19709 1398 502 2769 751 1801 269 2018 398 1796 72 45 61 1724 272 119 1620 1605 58 100 262 92 251 1505 232
is_linear=0
shrinkage=0.05


Tree=123
num_leaves=31
num_cat=0
split_feature=9 13 18 2 5 9 8 0 9 3 1 3 9 8 3 4 2 0 9 9 3 2 8 0 3 8 9 9 0 16
split_gain=6.04858 0.941613 0.869417 0.447899 0.181983 0.109032 0.107627 0.203986 0.069211 0.419709 0.0530275 0.0279537 0.00428711 0.0414156 0.0308993 7.48094e-05 2.38031e-05 2.07538e-05 2.04928e-05 3.25122e-06 3.16006e-06 2.43293e-06 1.22282e-06 7.94324e-07 3.03434e-07 8.30184e-08 3.20895e-07 1.29893e-07 3.58512e-08 1.78293e-08
threshold=-0.53134802822849891 1.0000000180025095e-35 1.0000000180025095e-35 2.740319461670996 8.0695940463597982 -0.71929357792026261 206.05555555555557 0.11812552495011401 -0.19294029418538369 4.6478001079635041 11.655418162737622 4.6478001079635041 -1.0000000180025095e-35 152.05000000000004 4.6478001079635041 7.0934015215887589 2.524928003624769 0.1538913039458861 -0.68468895303587851 -0.19294029418538369 7.4985928023719568 2.3502401828962087 197.13358778625957 0.18981894877374797 7.4874537278250921 270.04000000000002 0.095300673146820905 -0.064281490419500806 1.2123139845310107 1.0000000180025095e-35
decision_type=2 2 2 2 2 2 2 2 2 2 2 2 2 2 2 2 2 2 2 2 2 2 2 2 2 2 2 2 2 2
left_child=5 4 10 19 11 -1 -7 18 9 -6 15 -2 13 14 -10 16 -3 -17 -8 -4 21 -19 -14 -22 28 26 27 29 -21 -25
right_child=1 2 3 -5 8 6 7 -9 12 -11 -12 -13 22 -15 -16 17 -18 20 -20 24 23 -23 -24 25 -26 -27 -28 -29 -30 -31
leaf_value=-0.050010101437827859 -0.050010309533460896 -0.050833344785239321 0.050476806294369264 -0.05001399217733702 -0.050010097510136867 -0.050010103264942485 0.051494211752978795 -0.050010590493757112 -0.050019323893472162 0.050093023341698732 0.050135048684406297 0.050099803436324364 0.050091201139918599 0.050095014353472023 0.050107783647227615 -0.051455145838783536 -0.052470845763451179 -0.050019180418217991 0.050083917656988199 0.050097398478571586 -0.050453161657093654 -0.050594914910506043 0.05027279374002469 -0.050061146820748685 0.050228869141236469 -0.050010142273787805 -0.050013889963360696 -0.050240404952531618 0.050143250789687899 -0.050139484944225668
leaf_weight=3.6932288041425636 0.057176723494194337 0.039375754058710077 0.06912913266569376 0.13566608157998417 0.12718000856693779 0.18059089851158194 0.04359834233764559 0.095345982801518403 0.019217723340261617 0.59269207553006709 0.01340931374579668 0.007941572810523212 2.8993064347887425 0.28078013088088483 0.01286228047683835 0.030421546049183235 0.050855554974987172 0.028350465523544699 0.062950859719421715 0.46143086976371706 0.011660702206427231 0.052016919318703003 0.095768181025050469 0.020589139152434655 0.051616734126582742 0.18335549530456774 0.12928598851431161 0.025406606058822945 0.046969971153885126 0.011221953056519851
leaf_count=18294 280 58 9 626 630 894 8 460 73 321 5 4 1597 149 6 9 12 109 41 242 9 13 28 52 13 907 603 29 19 7
internal_value=-0.00129889 0.0331377 -0.00289415 0.0323852 0.0451171 -0.0473783 -0.0219663 0.00311835 0.0464577 0.0324078 -0.0481699 -0.0378013 0.0495152 0.0439459 -0.00987398 -0.0504328 -0.0517563 -0.0501902 0.050661 0.0501533 -0.0501069 -0.0503918 0.050097 -0.0500468 0.0501134 -0.050034 -0.0500575 -0.0501561 0.0501016 -0.0500888
internal_weight=9.5294 5.45369 1.36076 0.764813 4.09293 4.07571 0.382486 0.201895 4.02781 0.719872 0.595949 0.0651183 3.30793 0.31286 0.03208 0.58254 0.0902313 0.492309 0.106549 0.629147 0.461887 0.0803674 2.99507 0.38152 0.560018 0.369859 0.186504 0.0572177 0.508401 0.0318111
internal_count=25507 5810 2722 909 3088 19697 1403 509 2804 951 1813 284 1853 228 79 1808 70 1738 49 283 1729 122 1625 1607 274 1598 691 88 261 59
is_linear=0
shrinkage=0.05


Tree=124
num_leaves=31
num_cat=0
split_feature=9 7 6 8 9 7 3 3 9 7 0 8 9 11 7 3 0 9 8 8 8 8 7 3 6 8 3 7 8 4
split_gain=5.91811 0.854662 0.283371 0.226767 0.155687 0.437018 0.204282 0.108325 0.0828018 0.106795 0.161237 0.0618676 0.0397658 0.0197767 0.130073 0.041344 0.00342047 1.51216e-05 1.05381e-06 9.2762e-07 6.38726e-07 4.41878e-08 3.89375e-08 2.45929e-08 1.04198e-08 8.49747e-09 3.99378e-09 3.28542e-09 2.04578e-09 1.97332e-09
threshold=-0.53134802822849891 199.50000000000003 2.1376109762125082 259.0384615384616 -0.19294029418538369 94.500000000000014 7.3346551887924436 13.809467489881166 -0.71929357792026261 119.50000000000001 0.11812552495011401 239.12500000000003 4.1796846060151642 0.036375661375661381 94.500000000000014 7.5424785042809779 0.98790645699358415 -0.67304356876361637 155.03734939759039 194.13802816901412 208.16666666666671 285.05769230769238 127.50000000000001 7.4280356641054448 2.3320951611866234 133.16666666666671 5.2548844000372066 123.50000000000001 214.08333333333334 7.1944365692869114
decision_type=2 2 2 2 2 2 2 2 2 2 2 2 2 2 2 2 2 2 2 2 2 2 2 2 2 2 2 2 2 2
left_child=8 2 29 4 5 -4 16 21 -1 -10 17 13 -3 14 20 23 18 -11 -7 22 -6 -5 24 28 -15 27 -20 -26 -16 -2
right_child=1 12 3 7 11 6 -8 -9 9 10 -12 -13 -14 19 15 -17 -18 -19 26 -21 -22 -23 -24 -25 25 -27 -28 -29 -30 -31
leaf_value=-0.05000960601814293 -0.050035512962134703 -0.050010379398728759 -0.050009653303735829 -0.050131650543993225 -0.050015923952855368 0.050351919127140835 -0.050430951938014258 0.050108202791552037 -0.050009609767164231 0.051390393411050561 -0.050010212303741863 -0.004202319621979719 0.050129141683199908 0.050113748929371205 0.050088994688281131 -0.0013674675411638291 0.035646309237766002 0.050082037286406124 0.050087203005782503 0.050333546525085676 -0.050489065645731392 -0.050010001481777637 0.050137822280449995 0.050132045107963347 0.05008650381287684 0.050103439135652607 0.050104621804178399 0.05010049624132687 0.050099410725881567 -0.050009826519811944
leaf_weight=3.5228417509060823 0.0082658515166257329 0.29541131787118491 0.16185470098571331 0.0081394113076384 0.027817826528918288 0.040663904626853764 0.056013806140981615 0.037258020718581975 0.18847056951199181 0.042450762761291116 0.072124382684705779 0.056652229744940885 0.010258008725941181 0.037325048004278272 0.4226374332793057 0.042240752780344337 0.043888766784220934 0.046031550504267216 0.52432748326100409 0.039014110807329305 0.0095927631482481956 0.090083161339862272 0.038945779670029768 0.037825625389814377 2.7917199856601664 0.078035044251009711 0.035110542667098343 0.042591298581100889 0.05305869725998491 0.078350128795136698
leaf_count=18345 20 1498 841 8 118 9 23 20 981 9 363 5 4 19 239 15 6 31 302 6 1 458 15 15 1620 39 17 22 27 404
internal_value=-0.00116725 0.034396 0.0395989 0.0412592 0.0431617 0.0240343 0.0411547 -0.0224842 -0.0477079 -0.0244799 0.00547897 0.0476445 -0.0466498 0.0484557 0.0401073 0.046182 0.0491207 0.0507097 0.0501062 0.0500913 -0.0501372 -0.0500201 0.0500882 0.0500932 0.0500875 0.0500872 0.0500883 0.0500867 0.0500902 -0.0500123
internal_weight=8.939 5.06708 4.76141 4.6748 4.53932 0.861859 0.700005 0.135481 3.87192 0.349077 0.160607 3.67746 0.305669 3.6208 0.593173 0.555763 0.643991 0.0884823 0.600102 3.02763 0.0374106 0.0982226 2.98862 0.513522 2.94967 2.91235 0.559438 2.83431 0.475696 0.086616
internal_count=25480 5751 4249 3825 3339 1198 357 486 19729 1384 403 2141 1502 2136 415 296 334 40 328 1721 119 466 1715 281 1700 1681 319 1642 266 424
is_linear=0
shrinkage=0.05


Tree=125
num_leaves=31
num_cat=0
split_feature=9 13 18 3 5 9 7 0 9 3 1 6 9 3 3 8 9 0 9 11 8 4 6 3 7 8 9 7 8 9
split_gain=5.39075 0.902915 0.784566 0.406562 0.147102 0.0941147 0.113347 0.165001 0.0656499 0.27609 0.0480346 0.030262 0.0110271 0.148283 6.93432e-05 4.27584e-05 1.49056e-05 1.30642e-05 2.21015e-06 1.87105e-06 1.33794e-06 6.46242e-07 6.94661e-07 2.31367e-07 1.61406e-07 4.3351e-07 3.9768e-08 1.84855e-08 4.67581e-09 4.11535e-09
threshold=-0.53134802822849891 1.0000000180025095e-35 1.0000000180025095e-35 7.6955305627591644 8.0695940463597982 -0.71929357792026261 119.50000000000001 0.11812552495011401 -0.3014177459159994 4.6478001079635041 11.655418162737622 3.2493258900699948 -1.0000000180025095e-35 4.6478001079635041 7.4985928023719568 99.083333333333357 -0.68468895303587851 0.23679151610846974 -0.21171336248670511 0.044466403162055343 194.13802816901412 7.5019101675073623 3.5805906715287965 7.4874537278250921 198.50000000000003 249.16666666666671 -0.15093364397138662 124.50000000000001 177.27179487179492 0.44410966791293799
decision_type=2 2 2 2 2 2 2 2 2 2 2 2 2 2 2 2 2 2 2 2 2 2 2 2 2 2 2 2 2 2
left_child=5 4 10 18 11 -1 -7 16 9 -6 14 -2 13 -10 15 -3 -8 -17 -4 -19 28 22 29 26 25 -23 -20 -28 -14 -16
right_child=1 2 3 -5 8 6 7 -9 12 -11 -12 -13 20 -15 21 17 -18 19 23 -21 -22 24 -24 -25 -26 -27 27 -29 -30 -31
leaf_value=-0.050009140146250589 0.050089939506193761 -0.052501596912203109 0.050441592330624868 -0.050012463771937014 -0.050009131705603865 -0.050009144127691987 0.051349901963101678 -0.050009716495046021 -0.050012738401321657 0.05008328618492619 0.050122161315128581 -0.050009337637740583 0.050082227411600067 0.050086110589063565 -0.050067488112425299 -0.051377946596461326 0.050076502382195569 -0.050536604307994518 0.050144038160829574 -0.050013193412230664 0.050267782288105682 -0.050211450167536989 -0.050441011855845902 0.050211395587095288 -0.050009486491951471 -0.050009830261197069 0.050085131697504254 0.050112762604202714 0.050099029187354406 -0.050013828618164148
leaf_weight=3.3314521349675492 0.0089513700222599857 0.050014114836812729 0.05414837971329689 0.12399085605284199 0.089444018638460299 0.18113865771738336 0.039558623859193176 0.071684449823806062 0.040252176200738954 0.29988431418314576 0.012136281002312899 0.048246504142298363 2.5633412892930214 0.45756194542627782 0.0047587107110302887 0.053269638417987153 0.05483645258937031 0.049177191176568158 0.037081792368553579 0.026155293511692435 0.10121777525637288 0.041897432340192609 0.021620492712827399 0.046612974023446441 0.20970475804642774 0.073311133863171563 0.34325445990543813 0.073491204530000687 0.042088075540959724 0.014342487542307936
leaf_count=18238 5 6 8 637 490 991 8 379 198 181 5 261 1564 268 12 7 39 19 17 119 31 23 15 13 1133 393 204 35 22 67
internal_value=-0.00171109 0.0327089 -0.00424803 0.0318385 0.0452098 -0.0474272 -0.0226548 0.00717987 0.046476 0.0270881 -0.0482598 -0.034344 0.0488315 0.0419923 -0.0504536 -0.0512611 0.0506102 -0.0507787 0.0501381 -0.0503549 0.0500894 -0.0500591 -0.0502469 0.0501053 -0.0500356 -0.0500832 0.0500944 0.05009 0.0500825 -0.0500272
internal_weight=8.56462 4.88595 1.23497 0.67858 3.65099 3.67867 0.347218 0.16608 3.59379 0.389328 0.556388 0.0571979 3.20446 0.497814 0.544251 0.178616 0.0943951 0.128602 0.554589 0.0753325 2.70665 0.365635 0.0407217 0.50044 0.324913 0.115209 0.453827 0.416746 2.60543 0.0191012
internal_count=25388 5733 2713 914 3020 19655 1417 426 2754 671 1799 266 2083 466 1794 151 47 145 277 138 1617 1643 94 269 1549 416 256 239 1586 79
is_linear=0
shrinkage=0.05


Tree=126
num_leaves=31
num_cat=0
split_feature=9 13 18 2 5 9 7 1 9 3 1 3 9 8 3 3 3 9 9 8 2 7 8 3 8 7 3 8 3 3
split_gain=5.24286 0.834246 0.733006 0.390586 0.144087 0.0701628 0.0897588 0.147382 0.0569803 0.349984 0.0368507 0.0288918 0.00385354 0.0438714 0.0209657 6.14601e-05 3.57543e-05 5.6638e-06 1.41954e-06 1.03314e-06 7.80956e-07 4.61959e-07 9.87678e-07 2.27693e-07 3.39651e-08 1.23553e-08 5.13507e-09 4.06713e-09 3.07467e-09 2.23803e-09
threshold=-0.53134802822849891 1.0000000180025095e-35 1.0000000180025095e-35 2.740319461670996 8.0695940463597982 -0.71929357792026261 119.50000000000001 1.4978661367769956 -0.19294029418538369 4.6478001079635041 11.655418162737622 4.6478001079635041 -1.0000000180025095e-35 152.05000000000004 4.886575525404063 7.4985928023719568 7.4662273925763296 0.5397819860804921 -0.19294029418538369 194.13802816901412 2.6735537653587347 198.50000000000003 249.16666666666671 7.4874537278250921 270.04000000000002 124.50000000000001 6.9874885418068855 179.4531187624751 5.2548844000372066 7.4021465497810377
decision_type=2 2 2 2 2 2 2 2 2 2 2 2 2 2 2 2 2 2 2 2 2 2 2 2 2 2 2 2 2 2
left_child=5 4 10 18 11 -1 -7 -8 9 -6 15 -2 13 14 -10 16 17 20 -4 27 -3 22 -17 25 -24 26 -20 -14 -11 -28
right_child=1 2 3 -5 8 6 7 -9 12 28 -12 -13 19 -15 -16 21 -18 -19 23 -21 -22 -23 24 -25 -26 -27 29 -29 -30 -31
leaf_value=-0.050008694568985247 -0.050008837602604189 -0.050015879957612211 0.050357920409902585 -0.050012020601125862 -0.050008691124442409 -0.050008695278483242 0.050662426431111476 -0.050009031035087727 -0.050016277611129735 0.050078912780654766 0.050116822092981565 0.050085545191477232 0.050078231891311359 0.050082258073842326 0.050094255634729301 -0.050287077203733078 -0.05203725946646999 -0.051135147374959035 0.050098990476294993 0.050249175945060703 -0.050409648756018756 -0.050009272177703505 -0.050109665807812814 0.050211148296655975 -0.050008804156359526 0.050107591478137592 0.050079457035432533 0.050095844176839099 0.050094565469841382 0.050092940839714085
leaf_weight=3.1740070335508794 0.047000370395835822 0.027857690889504516 0.058728587348014116 0.11943286645691842 0.10580962807580396 0.16985632997238997 0.077527217334136367 0.068458511028438807 0.017241856825422341 0.46675521845463663 0.0092840602155774832 0.0085155348060652614 2.4624814476119359 0.25449924974236637 0.0075068881269544354 0.057309239942696877 0.075168876515817828 0.023308651259867474 0.044563603703863919 0.091893774108029791 0.022977545697358437 0.20603732827294152 0.0093540532106999308 0.040056732017546892 0.077516166638815776 0.05971659324131906 0.28980716795194894 0.033221315592527279 0.03363409242592752 0.034429827239364386
leaf_count=18267 268 125 11 641 609 977 37 383 77 297 4 5 1579 156 4 24 15 5 25 30 9 1160 7 11 444 30 184 18 18 19
internal_value=-0.00137974 0.0331846 -0.0036884 0.0316336 0.0452599 -0.0477723 -0.0252978 0.00345358 0.0465373 0.0326099 -0.048585 -0.0346555 0.0494823 0.0439021 -0.0196504 -0.0504194 -0.0512688 -0.0504898 0.0501262 0.0500845 -0.0501939 -0.0500573 -0.050126 0.0500971 -0.0500197 0.0500865 0.0500831 0.0500785 0.05008 0.0500809
internal_weight=8.17396 4.68411 1.15555 0.646735 3.52856 3.48985 0.315842 0.145986 3.47304 0.606199 0.508814 0.0555159 2.86684 0.279248 0.0247487 0.49953 0.149313 0.0741439 0.527303 2.5876 0.0508352 0.350217 0.144179 0.468574 0.0868702 0.428517 0.368801 2.4957 0.500389 0.324237
internal_count=25439 5775 2714 921 3061 19664 1397 420 2788 924 1793 273 1864 237 81 1789 154 139 280 1627 134 1635 475 269 451 258 228 1597 315 203
is_linear=0
shrinkage=0.05


Tree=127
num_leaves=31
num_cat=0
split_feature=9 13 18 1 5 9 7 0 9 3 1 3 9 3 4 2 0 9 6 3 9 2 8 0 6 3 7 8 0 7
split_gain=4.89624 0.820316 0.72347 0.361923 0.137411 0.0893101 0.102171 0.150995 0.058748 0.25234 0.0350708 0.0274977 0.00947069 0.135393 5.0391e-05 2.1308e-05 1.52412e-05 1.11964e-05 3.1449e-06 1.81985e-06 1.64643e-06 1.3416e-06 9.95374e-07 5.79597e-07 3.04051e-07 1.8753e-07 8.81528e-08 2.49012e-07 3.71636e-08 6.97742e-09
threshold=-0.53134802822849891 1.0000000180025095e-35 1.0000000180025095e-35 3.1567740231385479 8.0695940463597982 -0.71929357792026261 119.50000000000001 0.11812552495011401 -0.3014177459159994 4.6478001079635041 11.655418162737622 4.6478001079635041 -1.0000000180025095e-35 4.6478001079635041 7.0934015215887589 2.524928003624769 0.1538913039458861 -0.68468895303587851 3.6208330082595634 7.4985928023719568 -0.21171336248670511 2.3502401828962087 194.13802816901412 0.18981894877374797 3.5805906715287965 7.4874537278250921 198.50000000000003 267.48845327604732 1.1744478143752708 125.50000000000001
decision_type=2 2 2 2 2 2 2 2 2 2 2 2 2 2 2 2 2 2 2 2 2 2 2 2 2 2 2 2 2 2
left_child=5 4 10 20 11 -1 -7 17 9 -6 14 -2 13 -10 15 18 -16 -8 24 21 -4 -18 -14 -21 -3 28 27 -25 29 -22
right_child=1 2 3 -5 8 6 7 -9 12 -11 -12 -13 22 -15 16 -17 19 -19 -20 23 25 -23 -24 26 -26 -27 -28 -29 -30 -31
leaf_value=-0.050008268751452117 -0.050008405321865249 -0.050014075530446789 0.050387729560196159 -0.050009943144399695 -0.050008260563295243 -0.050008272340123353 0.051220427676988992 -0.050008798146661641 -0.050011575916272359 0.05007506047658597 0.050111113354754579 0.050081366128372287 0.050074574917749963 0.050077865303686887 -0.05130861703548411 -0.052244012711896139 -0.050015918187615409 0.05006804032599671 -0.051074144090259212 -0.050402810157204825 0.050077824760609124 -0.050489961735727812 0.050239666863017042 -0.050166189465753734 -0.050420430283002998 0.050198538613206813 -0.05000868840639501 -0.050009616633257682 0.050123062196670121 0.050098798691860139
leaf_weight=3.0274006788968113 0.044874189319671465 0.010384351611719245 0.054719046456739306 0.10994190612109378 0.081429149053292682 0.15810493100434531 0.035904054821003228 0.065431005612481385 0.036608777882066401 0.27797579823527485 0.0088322521187365055 0.008100886014290154 2.3462175487075001 0.43845817632973194 0.027608078278717585 0.045677951857214794 0.022565578576177359 0.051041859958786517 0.022286109160631895 0.010744129176600836 0.30093397165182978 0.044083137414418161 0.094997496344149002 0.039112913917051628 0.0082689905539155006 0.041446172865107656 0.19288148809573613 0.072396912466501817 0.060488959075883031 0.045670759631320834
leaf_count=18316 269 50 9 632 493 956 8 382 198 186 4 5 1579 284 10 11 105 41 7 11 196 13 32 25 1 12 1145 428 32 24
internal_value=-0.00162051 0.0327353 -0.00431975 0.0321747 0.0451815 -0.0473891 -0.0218502 0.00736635 0.0464734 0.0273995 -0.0486474 -0.0347028 0.048824 0.0423649 -0.0504059 -0.0515016 -0.0501741 0.0505439 -0.0506732 -0.0500921 0.0501288 -0.0503295 0.050081 -0.0500419 -0.0501942 0.0500972 -0.0500291 -0.0500645 0.0500869 0.0500806
internal_weight=7.78459 4.4467 1.11804 0.613201 3.32866 3.33788 0.310482 0.152377 3.27569 0.359405 0.504842 0.0529751 2.91628 0.475067 0.49601 0.0866174 0.409392 0.0869459 0.0409395 0.381784 0.503259 0.0666487 2.44122 0.315135 0.0186533 0.44854 0.304391 0.11151 0.407094 0.346605
internal_count=25464 5761 2715 905 3046 19703 1387 431 2772 679 1810 274 2093 482 1806 69 1737 49 58 1727 273 118 1611 1609 51 264 1598 453 252 220
is_linear=0
shrinkage=0.05


Tree=128
num_leaves=31
num_cat=0
split_feature=9 13 18 1 5 9 3 1 9 7 0 0 9 3 4 2 0 3 9 2 0 3 8 0 8 0 3 7 8 7
split_gain=4.74658 0.748889 0.662142 0.342584 0.135674 0.0560435 0.275298 0.0412634 0.0376266 0.0546166 0.105885 0.010231 0.00748923 0.109737 4.65665e-05 1.54008e-05 1.33789e-05 1.54958e-06 1.48919e-06 1.27778e-06 5.10245e-07 1.66836e-07 1.63948e-07 1.24408e-07 9.76598e-08 1.72245e-08 1.61272e-08 8.78753e-09 3.89789e-08 6.47696e-09
threshold=-0.53134802822849891 1.0000000180025095e-35 1.0000000180025095e-35 3.1567740231385479 8.0461435594711883 -0.26634925049910491 4.6478001079635041 11.655418162737622 -0.70688395170678076 120.50000000000001 0.11812552495011401 0.076760849601760842 -1.0000000180025095e-35 4.6478001079635041 7.0934015215887589 2.524928003624769 0.1538913039458861 7.4985928023719568 -0.21171336248670511 2.3502401828962087 0.18981894877374797 7.4874537278250921 194.13802816901412 0.37202812412846625 254.08333333333334 1.2123139845310107 7.5898413843865926 198.50000000000003 270.04000000000002 125.50000000000001
decision_type=2 2 2 2 2 2 2 2 2 2 2 2 2 2 2 2 2 2 2 2 2 2 2 2 2 2 2 2 2 2
left_child=8 4 7 18 11 6 -6 14 -1 -10 -11 -2 13 -7 15 -3 -16 19 -4 -18 -19 25 -14 24 -22 29 -25 28 -28 -20
right_child=1 2 3 -5 5 12 -8 -9 9 10 -12 -13 22 -15 16 -17 17 20 21 -21 23 -23 -24 26 -26 -27 27 -29 -30 -31
leaf_value=-0.050007868282745449 -0.050008043636482639 -0.050688594574831949 0.050395186229563085 -0.050010849077916378 -0.05000785869590451 -0.0500115524901414 0.050072038995309522 0.050105108893383633 -0.050007857243771381 0.05005931741565102 -0.050008132905543783 0.040174410804254802 0.050070998599616716 0.050073846307338833 -0.051259572546312616 -0.052138844659107154 -0.050015277224188914 -0.050388460301713817 0.050073369390605797 -0.050514466238567618 -0.050214646696386381 0.050184891317037954 0.050158693690857896 -0.050085437141302792 -0.050008017263709487 0.050112830776075659 -0.050087884847221542 -0.050008228995524463 -0.050007838677951534 0.050093377706763559
leaf_weight=2.8836617863562428 0.039797505742172112 0.031677801052864885 0.043937150621786714 0.10427366956719197 0.086728252645116632 0.029582138507976974 0.33083161991089582 0.01044924627058208 0.14172444146242913 0.050272679189220071 0.055753019390976988 0.0034148025442846111 2.2376315539004281 0.369153315667063 0.025953042320907116 0.043368071885197423 0.020464205619646236 0.010079304367536679 0.30569049878977239 0.034315887111006305 0.014869791411911137 0.041441204492002726 0.054596445057541021 0.0082605150528252125 0.0092915378481848165 0.034922705497592688 0.020391104320879094 0.17668835794029292 0.059839621928404085 0.046615208499133587
leaf_count=18332 250 58 7 622 552 165 231 5 902 44 350 4 1582 252 8 10 101 10 211 12 26 13 26 17 59 18 21 1105 382 26
internal_value=-0.00182193 0.032954 -0.00378115 0.0320192 0.0451052 0.0463283 0.0292852 -0.0481334 -0.0484014 -0.0297026 -0.00256059 -0.0428815 0.0489729 0.0426485 -0.0503885 -0.0515267 -0.0501638 -0.0500835 0.050118 -0.050328 -0.0500387 0.0500895 0.0500731 -0.0500266 -0.0501352 0.0500793 -0.0500167 -0.0500145 -0.0500282 0.050076
internal_weight=7.32568 4.19426 1.04253 0.57688 3.15174 3.10852 0.41756 0.465648 3.13141 0.24775 0.106026 0.0432123 2.69096 0.398735 0.455199 0.0750459 0.380153 0.3542 0.472607 0.0547801 0.29942 0.42867 2.29223 0.289341 0.0241613 0.387228 0.26518 0.256919 0.0802307 0.352306
internal_count=25401 5773 2711 897 3062 2808 783 1814 19628 1296 394 254 2025 417 1809 68 1741 1733 275 113 1620 268 1608 1610 85 255 1525 1508 403 237
is_linear=0
shrinkage=0.05


Tree=129
num_leaves=31
num_cat=0
split_feature=9 13 18 2 9 7 0 9 3 1 9 3 4 0 9 3 9 2 8 0 3 0 8 0 3 3 8 1 7 8
split_gain=4.48161 0.700005 0.626019 0.333812 0.0871587 0.099892 0.13658 0.0817603 0.370623 0.0391973 0.00787012 0.0910737 3.56164e-05 1.1272e-05 1.11511e-05 1.37627e-06 1.22633e-06 9.79663e-07 5.92048e-07 4.48722e-07 1.2046e-07 1.16805e-07 7.81323e-08 2.7222e-08 1.36838e-08 6.12454e-09 1.26454e-08 1.14583e-08 5.8405e-09 2.70482e-09
threshold=-0.53134802822849891 1.0000000180025095e-35 1.0000000180025095e-35 2.740319461670996 -0.71929357792026261 119.50000000000001 0.11812552495011401 -0.21171336248670511 4.6478001079635041 11.655418162737622 -1.0000000180025095e-35 4.6478001079635041 7.0934015215887589 0.1538913039458861 -0.68468895303587851 7.4985928023719568 -0.21171336248670511 2.3502401828962087 194.13802816901412 0.18981894877374797 7.4874537278250921 0.37202812412846625 254.08333333333334 1.1744478143752708 7.5898413843865926 8.0287811093669958 267.48845327604732 2.6735537653587347 125.50000000000001 179.4531187624751
decision_type=2 2 2 2 2 2 2 2 2 2 2 2 2 2 2 2 2 2 2 2 2 2 2 2 2 2 2 2 2 2
left_child=4 7 9 16 -1 -6 14 8 -2 12 11 -9 -3 -14 -7 17 -4 -15 29 -17 23 22 -21 28 -23 26 27 -26 -18 -12
right_child=1 2 3 -5 5 6 -8 10 -10 -11 18 -13 13 15 -16 19 20 -19 -20 21 -22 24 -24 -25 25 -27 -28 -29 -30 -31
leaf_value=-0.05000748202900554 -0.050007476498995888 -0.05148596871723099 0.050350648809072224 -0.050010480607007725 -0.050007484633488974 0.051240839528791687 -0.050007978211408947 -0.050011661858244343 0.050068497784310863 0.050099975046051085 0.050067314791751853 0.05007138955610884 -0.051181369463446452 -0.050011836183590043 0.050063885369959961 -0.05037519285568165 0.050070311655188521 -0.05044300519358437 0.050210301062373203 -0.050206198592431889 0.050174887029316231 -0.050078422140017689 -0.050007676838972559 0.050110188096627921 -0.050016375826424868 -0.050009231857074316 -0.050007478955873555 -0.050100170716304876 0.050090358864125918 0.050082756295672728
leaf_weight=2.7444417714432352 0.11958857602439854 0.058483821449044515 0.049546084366738796 0.10174774909683038 0.14485473802778859 0.035168621048796922 0.05726741898979526 0.024944384713308287 0.40865598048549145 0.0099406237713992596 2.1049558470258498 0.25613079220056534 0.025040964392246678 0.019662054517539218 0.047048665059264749 0.0094404322444461286 0.27216006489470601 0.039924890865222551 0.075163756846450158 0.01400246076809708 0.035758929094299674 0.008214686400606297 0.0076717137708328656 0.058306975057348609 0.0071728657494531936 0.20198456157231703 0.024354998735361733 0.0094604495679959655 0.04192859516479075 0.028746840427629539
leaf_count=18350 800 63 9 632 968 8 369 141 300 5 1568 181 10 107 41 9 196 13 28 25 12 18 51 34 38 1297 163 9 24 18
internal_value=-0.00136323 0.0332902 -0.00308379 0.0319056 -0.0472774 -0.0209262 0.00927471 0.0452792 0.0274124 -0.0480466 0.0490696 0.0411894 -0.05034 -0.0501574 0.0505673 -0.0500824 0.0501157 -0.0503007 0.0500724 -0.0500363 0.0500872 -0.0500246 -0.0501359 0.0500788 -0.050015 -0.0500128 -0.0500304 -0.050064 0.050073 0.0500675
internal_weight=7.04177 4.01299 0.994803 0.559448 3.02878 0.284339 0.139485 3.01819 0.528245 0.435355 2.48994 0.281075 0.425414 0.36693 0.0822173 0.341889 0.457701 0.0595869 2.20887 0.282302 0.408155 0.272862 0.0216742 0.372396 0.251188 0.242973 0.0409883 0.0166333 0.314089 2.1337
internal_count=25487 5751 2715 907 19736 1386 418 3036 1100 1808 1936 322 1803 1740 49 1730 275 120 1614 1610 266 1601 76 254 1525 1507 210 47 220 1586
is_linear=0
shrinkage=0.05


Tree=130
num_leaves=31
num_cat=0
split_feature=9 3 9 9 7 19 9 7 0 3 18 6 11 9 9 7 8 8 7 8 9 8 0 4 0 8 7 7 7 8
split_gain=4.22218 0.659604 0.599917 0.121739 0.344658 0.0987899 0.0749312 0.0876916 0.128148 0.060993 0.141095 0.0224817 0.00585246 0.00488557 0.00483376 0.0783372 0.000474817 0.000220615 7.73007e-05 1.371e-05 9.57526e-06 4.89281e-07 3.38102e-07 1.11328e-07 9.376e-08 7.13267e-08 2.00305e-08 9.18957e-08 1.00708e-08 1.53377e-08
threshold=-0.53134802822849891 7.4544301786633325 4.1796846060151642 -0.19294029418538369 94.500000000000014 1.0000000180025095e-35 -0.71929357792026261 119.50000000000001 0.11812552495011401 7.5735311307123743 1.0000000180025095e-35 2.1376109762125082 0.036375661375661381 -0.2304377450747763 -1.0000000180025095e-35 94.500000000000014 175.0588235294118 214.08333333333334 189.50000000000003 120.00996677740865 -0.68468895303587851 194.13802816901412 0.18981894877374797 5.5471267646873921 0.37202812412846625 254.08333333333334 198.50000000000003 193.50000000000003 145.50000000000003 276.07250470809799
decision_type=2 2 2 2 2 2 2 2 2 2 2 2 2 2 2 2 2 2 2 2 2 2 2 2 2 2 2 2 2 2
left_child=6 3 9 4 -2 12 -1 -8 20 10 19 -5 23 -14 15 -13 18 -17 -16 -3 -9 -4 -11 -6 25 -24 27 28 -26 -30
right_child=1 2 21 11 5 -7 7 8 -10 22 -12 14 13 -15 16 17 -18 -19 -20 -21 -22 -23 24 -25 26 -27 -28 -29 29 -31
leaf_value=-0.050007117882257805 -0.050007170864282038 -0.05199313720433231 0.05006604305935905 -0.05001686711989211 0.050064790440654074 -0.05033432991532636 -0.05000711972870947 0.051207527868912361 -0.050007532588933562 -0.050315734124275126 0.050138958751603513 -0.05001150623047889 0.012170849579283868 0.048599708897458113 0.050064610045930304 0.050068063198570018 0.043926369900616623 0.045932230298796256 0.047400311098089225 -0.050733865874756617 0.050060714266276819 0.050213210106941367 -0.050196139743878425 0.050159357939603237 -0.050010682947671241 -0.050006990700857713 -0.050007496945305485 -0.050183682323548799 -0.050066792354862583 -0.050007093907502367
leaf_weight=2.6024728749907813 0.12575124054274134 0.038142636272823327 0.21645363385323435 0.0057456233189444586 0.38580105872824788 0.026827123889233917 0.13722304458497081 0.032687183236703277 0.055502947754575871 0.010176473573665135 0.056183799053542316 0.021017332823249801 0.019557822568458505 0.017384913007845171 1.9819653009762985 0.28734649694524705 0.032398024908616097 0.036319452861789614 0.02760351076722134 0.049878630503371824 0.041071530431509018 0.076416538329795003 0.013321199978236109 0.033852378372102976 0.082162057791720144 0.0079636166919954121 0.20820988340710755 0.0093231653299881145 0.024343761630007066 0.01928010315168649
leaf_count=18293 880 3 166 26 299 16 964 7 378 18 24 123 40 6 1544 216 37 34 21 40 38 29 25 18 534 57 1436 10 52 136
internal_value=-0.00159998 0.0328729 -0.00711137 0.0436877 0.0237325 0.0429141 -0.0474214 -0.0221694 0.00738297 -0.039399 -0.0117658 0.0487689 0.0483929 0.0293139 0.0490067 0.0435298 0.0499312 0.049604 0.050028 -0.0512796 0.0505689 0.0501044 -0.0500315 0.0500724 -0.0500235 -0.0501254 -0.0500172 -0.0500322 -0.050021 -0.0500404
internal_weight=6.68238 3.81343 0.811855 3.00157 0.609175 0.483423 2.86896 0.266485 0.129262 0.518985 0.144205 2.3924 0.456596 0.0369427 2.38665 0.344683 2.04197 0.323666 2.00957 0.0880213 0.0737587 0.29287 0.37478 0.419653 0.364604 0.0212848 0.343319 0.135109 0.125786 0.0436239
internal_count=25470 5790 2530 3260 1259 379 19680 1387 423 2335 67 2001 363 46 1975 373 1602 250 1565 43 45 195 2268 317 2250 82 2168 732 722 188
is_linear=0
shrinkage=0.05


Tree=131
num_leaves=31
num_cat=0
split_feature=9 13 18 2 5 9 7 0 9 3 1 3 9 3 4 2 9 0 5 3 9 2 8 0 6 3 0 8 7 2
split_gain=4.04284 0.683195 0.59379 0.299123 0.111334 0.0700389 0.0838524 0.121432 0.0462245 0.205966 0.028681 0.0225948 0.00783155 0.112434 2.8885e-05 1.09348e-05 8.35719e-06 8.28877e-06 2.28338e-06 9.79108e-07 9.51606e-07 7.3063e-07 4.77195e-07 3.14855e-07 1.59969e-07 1.07786e-07 7.30629e-08 5.55083e-08 2.77004e-08 8.39517e-08
threshold=-0.53134802822849891 1.0000000180025095e-35 1.0000000180025095e-35 2.740319461670996 8.0695940463597982 -0.71929357792026261 119.50000000000001 0.11812552495011401 -0.3014177459159994 4.6478001079635041 11.655418162737622 4.6478001079635041 -1.0000000180025095e-35 4.6478001079635041 7.0934015215887589 2.524928003624769 -0.68468895303587851 0.1538913039458861 8.5739098909276716 7.4985928023719568 -0.21171336248670511 2.3502401828962087 194.13802816901412 0.18981894877374797 3.5805906715287965 7.4874537278250921 0.37202812412846625 254.08333333333334 198.50000000000003 3.8393944990995772
decision_type=2 2 2 2 2 2 2 2 2 2 2 2 2 2 2 2 2 2 2 2 2 2 2 2 2 2 2 2 2 2
left_child=5 4 10 20 11 -1 -7 16 9 -6 14 -2 13 -10 15 18 -8 -16 24 21 -4 -19 -14 -21 -3 -22 27 -25 29 -28
right_child=1 2 3 -5 8 6 7 -9 12 -11 -12 -13 22 -15 17 -17 -18 19 -20 23 25 -23 -24 26 -26 -27 28 -29 -30 -31
leaf_value=-0.050006767980995008 -0.05000691074724653 -0.050013494651866233 0.050319255415633472 -0.050009437808190407 -0.050006764047164413 -0.050006774667678569 0.051159179362195994 -0.050007192335630661 -0.050009455074925914 0.050061541072249686 0.050090938293747958 0.050067015327172684 0.050061104716573407 0.050063966455277248 -0.05106714810276386 -0.051838970688973397 0.050057715126389728 -0.050010996018241084 -0.050966550899114685 -0.050333864094280235 0.050068102170591169 -0.050401703611237691 0.050193966197761342 -0.050179379481346931 -0.050336941152162244 0.050159137761749441 -0.050027575072860521 -0.050006656913653982 -0.050007181637387314 -0.05020764249597718
leaf_weight=2.4797998480498795 0.036402596684639188 0.0085808102012377985 0.045568796806037426 0.091045758395921439 0.065994325559587508 0.13298493144975498 0.030794477206654847 0.052658196320408024 0.030403411830776661 0.23286186659242958 0.0072342969942837945 0.0066745443036779753 1.9533260370371848 0.36525743384845555 0.022716397550539114 0.037407485215226188 0.039069896913133562 0.017911623122927267 0.019992312423710246 0.0086909491656115279 0.33173676719889045 0.03604463413648773 0.070005169603973516 0.013200311834225431 0.0068938804033678034 0.03604796202853322 0.072948703411384486 0.0071826011117082081 0.15127248657518066 0.0071031891275197259
leaf_count=18324 266 46 9 626 488 982 7 376 201 190 4 5 1604 288 10 11 38 105 7 10 254 13 30 29 2 13 406 54 1095 2
internal_value=-0.00139293 0.0328091 -0.00446717 0.032033 0.0452516 -0.0474386 -0.0225131 0.00732829 0.0465157 0.0279642 -0.0485984 -0.0345011 0.0488076 0.0423741 -0.05034 -0.0512426 0.0505432 -0.0501448 -0.0506136 -0.0500781 0.0501037 -0.050272 0.0500657 -0.050038 -0.0501576 0.050077 -0.0500278 -0.0501185 -0.0500198 -0.0500436
internal_weight=6.41781 3.6825 0.921579 0.504399 2.76093 2.73531 0.255508 0.122523 2.71785 0.298856 0.41718 0.0430771 2.41899 0.395661 0.409945 0.0728745 0.0698644 0.337071 0.035467 0.314354 0.413354 0.0539563 2.02333 0.260398 0.0154747 0.367785 0.251707 0.0203829 0.231324 0.0800519
internal_count=25495 5768 2696 902 3072 19727 1403 421 2801 678 1794 271 2123 489 1790 66 45 1724 55 1714 276 118 1634 1596 48 267 1586 83 1503 408
is_linear=0
shrinkage=0.05


Tree=132
num_leaves=31
num_cat=0
split_feature=9 13 18 3 5 9 7 0 9 3 1 0 9 7 3 4 8 0 9 6 3 9 13 8 0 6 3 0 8 7
split_gain=3.85778 0.640427 0.576516 0.283913 0.110678 0.067834 0.0802989 0.115894 0.0426316 0.263248 0.0272733 0.017542 0.00259554 0.031967 0.014007 2.48628e-05 7.80771e-06 7.24063e-06 6.77989e-06 1.77236e-06 8.25006e-07 8.17876e-07 6.11241e-07 4.89997e-07 2.73583e-07 1.32743e-07 7.98832e-08 6.56915e-08 5.29253e-08 1.84863e-08
threshold=-0.53134802822849891 1.0000000180025095e-35 1.0000000180025095e-35 7.6955305627591644 8.0695940463597982 -0.71929357792026261 119.50000000000001 0.11812552495011401 -0.19294029418538369 4.6478001079635041 11.655418162737622 0.08715175671995333 -1.0000000180025095e-35 133.50000000000003 4.6478001079635041 7.0934015215887589 99.083333333333357 0.1538913039458861 -0.68468895303587851 3.6208330082595634 7.4985928023719568 -0.21171336248670511 0.088932806324110686 194.13802816901412 0.18981894877374797 3.5805906715287965 7.4874537278250921 0.37202812412846625 254.08333333333334 198.50000000000003
decision_type=2 2 2 2 2 2 2 2 2 2 2 2 2 2 2 2 2 2 2 2 2 2 2 2 2 2 2 2 2 2
left_child=5 4 10 21 11 -1 -7 18 9 -6 15 -2 13 14 -10 16 -3 -17 -8 25 22 -4 -19 -14 -22 -18 -23 28 -26 -29
right_child=1 2 3 -5 8 6 7 -9 12 -11 -12 -13 23 -15 -16 17 19 20 -20 -21 24 26 -24 -25 27 -27 -28 29 -30 -31
leaf_value=-0.05000644027707745 -0.050006552648395319 -0.051672957005709189 0.050303621606728938 -0.050008967199532683 -0.050006435862920931 -0.050006443465009209 0.051065701934688082 -0.050006846856045395 -0.050012303312939502 0.050059104116753954 0.050086495250112321 0.050062816633941604 0.050058108336352047 0.050061056382607452 0.050061967149765685 -0.051025203363216858 -0.050008704185457747 -0.0503734430457825 0.05005568335632854 -0.05091834264248124 -0.05031754474715925 0.050067106454341162 -0.050013465093346365 0.05019542958189846 -0.050177758098070506 -0.05032623318238965 0.050157496938937368 -0.050037359180331253 -0.050006575234824914 -0.050006771383737318
leaf_weight=2.3569170448317895 0.034849076750106955 0.037235202689771429 0.043359512579627335 0.085936989620677195 0.079537994912244669 0.12572496195207339 0.030369140615221113 0.050097408195142634 0.012193764254335604 0.37848308426328003 0.006882071145810186 0.0050088884308934203 1.8625590390292908 0.19024851114954799 0.004902274231426417 0.02139544455712894 0.0067317892171558924 0.03508536284789443 0.036686595762148499 0.019039910672290716 0.008268558609415777 0.33304937579669058 0.017762399569619447 0.067309323116205522 0.012035187275614589 0.006440374068915844 0.026378709357231855 0.075067162193590775 0.007226400062791071 0.14444552340137307
leaf_count=18309 268 14 9 622 618 976 8 376 73 322 4 4 1608 157 4 8 45 20 37 7 10 266 100 28 25 1 10 420 56 1102
internal_value=-0.00121721 0.0328887 -0.00387701 0.0324957 0.0452552 -0.0474138 -0.0222543 0.00752844 0.0465251 0.0326821 -0.0485841 -0.037431 0.0494918 0.0441758 -0.0213161 -0.050322 -0.0511799 -0.0501365 0.0505131 -0.0506099 -0.0500731 0.0500985 -0.0502525 0.0500629 -0.0500348 -0.050164 0.0500737 -0.050025 -0.0501135 -0.0500172
internal_weight=6.12123 3.52143 0.88634 0.488725 2.63509 2.5998 0.242878 0.117153 2.59523 0.458021 0.397615 0.039858 2.13721 0.207345 0.017096 0.390733 0.0694473 0.321286 0.0670557 0.0322121 0.299891 0.402788 0.0528478 1.92987 0.247043 0.0131722 0.359428 0.238774 0.0192616 0.219513
internal_count=25507 5801 2719 907 3082 19706 1397 421 2810 940 1812 272 1870 234 77 1808 67 1741 45 53 1733 285 120 1636 1613 46 276 1603 81 1522
is_linear=0
shrinkage=0.05


Tree=133
num_leaves=31
num_cat=0
split_feature=9 13 18 2 9 3 9 7 0 1 9 3 4 2 0 9 6 9 3 11 8 0 3 11 0 8 7 2 8 9
split_gain=3.61494 0.586339 0.53227 0.267797 0.0709702 0.306531 0.0683644 0.0787092 0.111433 0.0320957 0.00652383 0.0754664 2.29729e-05 6.60133e-06 6.38038e-06 5.97793e-06 1.6977e-06 7.01159e-07 4.23659e-07 5.31949e-07 4.04139e-07 2.30686e-07 6.21724e-08 5.64343e-08 5.27282e-08 4.45789e-08 1.92131e-08 6.32005e-08 2.02941e-08 1.10772e-08
threshold=-0.53134802822849891 1.0000000180025095e-35 1.0000000180025095e-35 2.740319461670996 -0.21171336248670511 4.6478001079635041 -0.71929357792026261 119.50000000000001 0.11812552495011401 11.655418162737622 -1.0000000180025095e-35 4.6478001079635041 7.0934015215887589 2.524928003624769 0.1538913039458861 -0.68468895303587851 3.6208330082595634 -0.21171336248670511 7.4985928023719568 0.037749287749287756 194.13802816901412 0.18981894877374797 7.4874537278250921 0.04083333333333334 0.37202812412846625 254.08333333333334 198.50000000000003 3.8393944990995772 276.07250470809799 -0.15093364397138662
decision_type=2 2 2 2 2 2 2 2 2 2 2 2 2 2 2 2 2 2 2 2 2 2 2 2 2 2 2 2 2 2
left_child=6 4 9 17 5 -2 -1 -8 15 12 11 -6 13 16 -14 -9 -3 -4 19 -16 -12 -20 29 -21 25 -23 27 28 -26 -19
right_child=1 2 3 -5 10 -7 7 8 -10 -11 20 -13 14 -15 18 -17 -18 22 21 23 -22 24 -24 -25 26 -27 -28 -29 -30 -31
leaf_value=-0.050006121494637436 -0.050006122529414568 -0.05001167618465481 0.05028875376216807 -0.05000851794750967 -0.050009569393071378 0.050056141686047384 -0.050006125613531308 0.051013090787245419 -0.050006509264061319 0.050081823042254781 0.050055279856769386 0.050058346978144923 -0.050976235272627304 -0.051644104321477147 -0.05042021307156147 0.050052627660814412 -0.050867646230082768 0.05009584224713233 -0.050297835517178972 -0.05020886080866524 0.050177456416136273 -0.05016386463146303 0.050138282224901222 -0.050018548177725768 -0.050067936039983219 -0.050006234045638587 -0.050006514679617413 -0.050187850087846868 -0.050006197322583504 0.05006079596743044
leaf_weight=2.2427165627668733 0.10000849278003521 0.0084895111576769322 0.041256729979068041 0.08113268059969414 0.020681453454018173 0.32612200640141964 0.11823428760544619 0.028917063027620316 0.047539730629068799 0.0081417979672551155 1.7114096963778127 0.21172025776468217 0.020330670828116126 0.034271253724000417 0.017114310336182825 0.03683968773111701 0.018235669704154134 0.024505494453478605 0.0079794996781856753 0.0048670327960280693 0.070472545456141344 0.011829077928268816 0.030651346198283136 0.019511583188432269 0.018540754012065008 0.007224667220725677 0.14065687332185917 0.0064307273132726541 0.047184893948724493 0.28210050257621333
leaf_count=18316 817 52 9 618 142 292 965 8 375 5 1553 183 8 11 7 39 8 17 11 4 32 28 13 105 25 59 1124 2 383 240
internal_value=-0.00173396 0.0327615 -0.0035285 0.032425 0.0451107 0.0265725 -0.0473357 -0.0214687 0.00831249 -0.0480957 0.0490325 0.0411533 -0.0502998 -0.0511848 -0.0501208 0.050475 -0.0505957 0.0500942 -0.050059 -0.0502065 0.0500601 -0.0500335 0.0500704 -0.0500565 -0.0500244 -0.0501041 -0.0500173 -0.0500383 -0.0500236 0.0500636
internal_weight=5.74512 3.27087 0.830455 0.459647 2.44041 0.42613 2.47425 0.231531 0.113296 0.370808 2.01428 0.232402 0.362667 0.0609964 0.30167 0.0657568 0.0267252 0.378514 0.281339 0.0414929 1.78188 0.239846 0.337257 0.0243786 0.231867 0.0190537 0.212813 0.0721564 0.0657256 0.306606
internal_count=25451 5748 2729 897 3019 1109 19703 1387 422 1832 1910 325 1827 71 1756 47 60 279 1748 116 1585 1632 270 109 1621 87 1534 410 408 257
is_linear=0
shrinkage=0.05


Tree=134
num_leaves=31
num_cat=0
split_feature=9 7 8 0 19 9 7 1 9 7 0 1 1 8 0 9 7 9 7 6 3 9 4 8 8 7 3 0 3 11
split_gain=3.56968 0.516659 0.169219 0.137593 0.117496 0.0829417 0.256273 0.0711414 0.0617127 0.0751406 0.103772 0.0436337 0.023514 0.0128618 0.0233423 0.00760361 0.056358 0.00137545 0.0171854 0.00903389 0.00011175 5.12651e-06 1.44121e-07 1.38422e-08 1.12974e-08 1.00471e-08 1.76186e-08 2.96084e-09 2.2983e-09 2.15339e-09
threshold=-0.53134802822849891 199.50000000000003 259.0384615384616 4.0052769909929866 1.0000000180025095e-35 -0.2304377450747763 95.500000000000014 9.9394336746564438 -0.71929357792026261 120.50000000000001 0.11812552495011401 2.740319461670996 11.655418162737622 203.16666666666671 0.1538913039458861 -0.12453542817161221 94.500000000000014 -1.0000000180025095e-35 95.500000000000014 3.4173474501119729 5.2548844000372066 -0.68468895303587851 7.3808759299945494 179.4531187624751 270.04000000000002 124.50000000000001 7.4154760425143449 0.64848281364238425 7.294377068532035 0.036375661375661381
decision_type=2 2 2 2 2 2 2 2 2 2 2 2 2 2 2 2 2 2 2 2 2 2 2 2 2 2 2 2 2 2
left_child=8 2 3 4 5 6 -2 24 -1 -10 21 20 -3 15 -15 16 -7 18 19 -17 -8 -11 -18 25 -4 29 27 -27 -20 -19
right_child=1 12 7 -5 -6 13 11 -9 9 10 -12 -13 -14 14 -16 17 22 23 28 -21 -22 -23 -24 -25 -26 26 -28 -29 -30 -31
leaf_value=-0.050005826277303801 -0.050005860396627771 -0.050006354216788021 -0.050080364907870482 -0.05000800892994324 -0.050221346472070549 -0.050005892671983576 0.050052919859089863 0.050068397497109313 -0.050005828877898742 0.050963101678340977 -0.05000620432267612 -0.017429718303811494 0.050076087716329758 0.050057855933479514 0.006031044910859454 0.033969266504791568 0.050054031075834109 0.05006817204250507 0.050054409296610661 -0.050014875637797718 0.046687373792669247 0.050043236613684094 0.050192856508457312 0.050088862766616594 -0.050006061125264671 0.050053625534328842 0.050103523727860068 0.050072404605833946 0.050070876595769323 0.050052483998440471
leaf_weight=2.1223580109071922 0.091678186399805628 0.17823409694392456 0.0055371852795359491 0.040174239315092453 0.033255816138989647 0.016203952072830652 0.27839658828452229 0.023492969514336437 0.11632014648057509 0.027533061045687646 0.044317823318124283 0.026243395812343806 0.0060686501674354068 0.075501427287235745 0.050071298974216916 0.0060827398701829294 0.082288620644249022 0.022157695610072969 0.12214159913128242 0.0067610435144160874 0.027062223292887211 0.033668108924757689 0.024191235192120075 0.028467677533626445 0.067188856723078061 0.087617585726547875 0.026236473233439028 0.027602101676166058 0.025635760277509689 1.7071936806896699
leaf_count=18221 785 1486 5 315 24 138 264 20 998 8 367 8 4 66 14 10 77 17 113 34 15 40 10 20 563 82 14 21 20 1631
internal_value=-0.00087134 0.0344659 0.0396228 0.0418593 0.0431942 0.0443315 0.0239883 -0.025576 -0.047383 -0.0222901 0.00826264 0.0444393 -0.0467109 0.048063 0.0325025 0.0489583 0.0368656 0.0496785 0.0452357 -0.0102405 0.0497547 0.0504571 0.0500856 0.0500543 -0.0500117 0.0500537 0.0500665 0.0500581 0.0500573 0.0500527
internal_weight=5.42968 3.08549 2.90118 2.80496 2.76479 2.73153 0.42338 0.096219 2.3442 0.221839 0.105519 0.331702 0.184303 2.30815 0.125573 2.18258 0.122684 2.0599 0.160621 0.0128438 0.305459 0.0612012 0.10648 1.89928 0.072726 1.87081 0.141456 0.11522 0.147777 1.72935
internal_count=25390 5756 4266 3678 3363 3339 1072 588 19634 1413 415 287 1490 2267 80 2187 225 1962 177 44 279 48 87 1785 568 1765 117 103 133 1648
is_linear=0
shrinkage=0.05


Tree=135
num_leaves=31
num_cat=0
split_feature=8 11 7 3 19 16 1 18 0 1 3 8 3 8 4 7 11 8 8 0 8 11 8 3 7 4 7 8 1 7
split_gain=2.52615 0.743607 1.02471 0.477071 0.0983667 0.0878312 0.0785583 0.0517167 0.085166 0.0285449 2.01182e-05 1.8803e-06 5.39677e-06 4.57619e-07 4.17614e-07 2.31284e-07 1.31408e-07 9.84557e-08 2.17449e-08 4.8695e-09 1.52185e-09 7.88197e-09 1.04814e-09 5.57961e-10 1.00144e-09 1.34244e-09 6.27235e-10 5.53044e-10 4.45008e-10 4.25479e-10
threshold=259.0384615384616 0.26666666666666672 94.500000000000014 7.4662273925763296 1.0000000180025095e-35 1.0000000180025095e-35 10.070801030819768 1.0000000180025095e-35 1.5781651660286891 11.655418162737622 7.4985928023719568 247.02307692307696 4.9732735209982879 194.13802816901412 7.3808759299945494 199.50000000000003 0.033908045977011504 138.08536585365854 158.15699658703076 1.199365564352278 265.04409317803669 0.046536796536796543 125.14398496240602 5.2548844000372066 127.50000000000001 5.4701654074033046 122.50000000000001 123.02727272727275 7.3954142005099239 107.50000000000001
decision_type=2 2 2 2 2 2 2 2 2 2 2 2 2 2 2 2 2 2 2 2 2 2 2 2 2 2 2 2 2 2
left_child=1 2 16 4 5 11 20 9 -9 10 -5 14 -13 22 19 -12 -1 -6 -19 23 21 -2 -3 26 27 -26 -4 -25 -10 -29
right_child=6 13 3 7 17 -7 -8 8 28 -11 15 12 -14 -15 -16 -17 -18 18 -20 -21 -22 -23 -24 24 25 -27 -28 29 -30 -31
leaf_value=-0.05000563896934225 -0.050005544571824524 0.050049792339185939 0.050059059329190407 -0.05119683035728248 -0.050288384703482417 -0.050658534499674536 0.050064642739050771 0.050111115349698247 -0.050006564100090127 0.050074025394185706 -0.050162853666280885 0.050897903809938042 0.050052657497940828 0.050241050796249125 0.050200215561077205 -0.050006147269675449 -0.050199919959500822 -0.050167198192569012 -0.050024175566333297 0.050074362263276453 -0.050005564325378754 -0.050079096555294314 0.05006132839573333 0.050050204162012848 0.050053810242659806 0.050067765688954893 0.050050324735045171 0.050061034479714689 -0.050027081980115656 0.05005146989465669
leaf_weight=0.6067301012008105 0.022172256954945513 1.4491103651234878 0.021520373586099373 0.059003467387810815 0.015684646714362316 0.022153006597363856 0.019824838731437811 0.04344750929158181 0.038721825410902966 0.0073681345675140611 0.033919138666533399 0.026731289719464257 0.064333851856645197 0.032009302405640372 0.05093501292867586 0.076990209257928655 0.0088303255179198459 0.0050205150691908784 0.0056465826710336842 0.024587213410995901 1.7997892105413482 0.0043583642327575936 0.019961156242061295 0.15384284756146371 0.053609327645972371 0.025395856355316937 0.45745077694300562 0.024117355642374605 0.0028362338707665904 0.02245212160050869
leaf_count=5448 200 1458 21 7 11 29 18 23 333 5 39 9 62 7 25 669 21 7 34 20 16216 9 17 154 50 19 457 21 9 22
internal_value=-0.0019629 0.0239021 0.00269785 0.0289519 0.0450776 0.0477287 -0.0489311 -0.0308988 0.00116427 -0.0462729 -0.0504509 0.050085 0.0503008 0.050054 0.0500615 -0.0500541 -0.0500084 -0.0502087 -0.0500915 0.0500525 -0.0500057 -0.0500176 0.0500499 0.0500518 0.0500535 0.0500583 0.0500507 0.0500516 -0.050008 0.0500564
internal_weight=5.19855 3.35241 1.85133 1.23577 0.973481 0.947129 1.84614 0.262287 0.0850056 0.177281 0.169913 0.924976 0.0910651 1.50108 0.833911 0.110909 0.61556 0.0263517 0.0106671 0.782976 1.82632 0.0265306 1.46907 0.758389 0.279418 0.0790052 0.478971 0.200412 0.0415581 0.0465695
internal_count=25420 8977 7495 2026 941 889 16443 1085 365 720 715 860 71 1482 789 708 5469 52 41 764 16425 209 1475 744 266 69 478 197 342 43
is_linear=0
shrinkage=0.05


Tree=136
num_leaves=31
num_cat=0
split_feature=9 13 18 2 5 9 7 0 9 3 1 3 9 8 3 3 9 9 9 2 8 4 6 3 0 8 7 2 8 0
split_gain=3.09035 0.529969 0.463726 0.232344 0.0870874 0.0553524 0.0657054 0.0952516 0.0366204 0.216278 0.0276338 0.0117648 0.00213222 0.0227057 0.0144265 1.43457e-05 7.97971e-06 3.70181e-06 5.01019e-07 3.78243e-07 2.66903e-07 1.46511e-07 1.56684e-07 4.75431e-08 3.97113e-08 3.33718e-08 9.69966e-09 4.48564e-08 1.121e-08 4.99307e-09
threshold=-0.53134802822849891 1.0000000180025095e-35 1.0000000180025095e-35 2.740319461670996 8.0461435594711883 -0.71929357792026261 119.50000000000001 0.11812552495011401 -0.19294029418538369 4.6478001079635041 11.655418162737622 4.6478001079635041 -1.0000000180025095e-35 152.05000000000004 4.6478001079635041 7.4985928023719568 1.0000000180025095e-35 -0.68468895303587851 -0.21171336248670511 2.3502401828962087 194.13802816901412 7.5019101675073623 3.5805906715287965 7.4874537278250921 0.37202812412846625 254.08333333333334 198.50000000000003 3.8393944990995772 270.04000000000002 1.2123139845310107
decision_type=2 2 2 2 2 2 2 2 2 2 2 2 2 2 2 2 2 2 2 2 2 2 2 2 2 2 2 2 2 2
left_child=5 4 10 18 11 -1 -7 17 9 -6 15 -2 13 14 -10 16 19 -8 -4 -3 -14 22 -17 29 25 -23 27 28 -26 -20
right_child=1 2 3 -5 8 6 7 -9 12 -11 -12 -13 20 -15 -16 21 -18 -19 23 -21 -22 24 -24 -25 26 -27 -28 -29 -30 -31
leaf_value=-0.0500052709395769 -0.050005400168564841 -0.05001135366691143 0.050257060148507553 -0.050007503582111618 -0.050005271616523385 -0.050005275471150405 0.05087041604884808 -0.050005602370763472 -0.050010096074162042 0.050048300417195449 0.050070409440029801 0.050055378264122964 0.050047534625700767 0.050049830109684307 0.050056913736750669 -0.05001535605640757 -0.051076869556382715 0.050046764748532868 0.050051016924258819 -0.050319066244783765 0.05015761065720286 -0.050145947437968366 -0.050267726334443943 0.050124641662456629 -0.050061658176138113 -0.050005178347571566 -0.050005553315604058 -0.050195177633364244 -0.05000532397056541 0.050075324348010167
leaf_weight=1.9283509584129208 0.026938796356262951 0.015419054980156832 0.036127811763435602 0.07063419640326174 0.065873875726539244 0.10366541260736983 0.024959979869890958 0.041347873513586819 0.0098612427682392978 0.29993991926312447 0.0070092799142003051 0.0032971710897982112 1.4771175086498241 0.14946282160235569 0.0056743373861536392 0.011474516373709776 0.067739448692009319 0.030083527643000707 0.23888280603569001 0.028345699014607817 0.057201723568141349 0.011009056121110916 0.013254402358143125 0.025532666593790054 0.011519305007823277 0.0068174153639120041 0.1161012671655044 0.0038732213433831921 0.03783730705617927 0.023176315880846232
leaf_count=18295 252 107 9 621 625 983 8 379 72 312 5 3 1558 151 5 83 39 37 239 12 30 32 16 12 19 66 1083 1 357 18
internal_value=-0.00192584 0.0324007 -0.00445431 0.0321542 0.0451482 -0.0474081 -0.0223743 0.00734176 0.0463816 0.0320312 -0.048149 -0.039094 0.0494708 0.0440699 -0.0134608 -0.0502778 -0.0507369 0.0504203 0.0500816 -0.0502107 0.0500516 -0.0500362 -0.0501506 0.0500595 -0.0500211 -0.0500921 -0.0500137 -0.0500313 -0.0500185 0.0500532
internal_weight=4.94853 2.82012 0.724754 0.394354 2.09537 2.12841 0.200057 0.0963914 2.06513 0.365814 0.3304 0.030236 1.69932 0.164998 0.0155356 0.323391 0.111504 0.0550435 0.32372 0.0437648 1.53432 0.211886 0.0247289 0.287592 0.187158 0.0178265 0.169331 0.0532298 0.0493566 0.262059
internal_count=25429 5727 2719 899 3008 19702 1407 424 2753 937 1820 255 1816 228 77 1815 158 45 278 119 1588 1657 99 269 1558 98 1460 377 376 257
is_linear=0
shrinkage=0.05


Tree=137
num_leaves=31
num_cat=0
split_feature=9 13 18 3 5 9 7 0 9 3 1 3 9 3 3 9 9 11 9 8 0 3 0 3 8 0 7 8 7 8
split_gain=2.95584 0.505825 0.433057 0.216746 0.084481 0.0548271 0.0656278 0.0898152 0.0358708 0.173921 0.0262745 0.0112128 0.00479842 0.068622 1.23974e-05 6.84253e-06 3.23932e-06 3.06268e-07 1.56288e-07 1.40626e-07 1.3037e-07 8.28342e-08 4.43799e-08 3.78668e-08 2.67684e-08 4.59659e-09 2.66212e-09 1.02085e-08 1.80567e-09 7.78284e-10
threshold=-0.53134802822849891 1.0000000180025095e-35 1.0000000180025095e-35 8.0688727607448723 8.0461435594711883 -0.71929357792026261 119.50000000000001 0.11812552495011401 -0.26634925049910491 4.6478001079635041 11.655418162737622 4.6478001079635041 -1.0000000180025095e-35 4.6478001079635041 7.4985928023719568 1.0000000180025095e-35 -0.68468895303587851 0.044466403162055343 -0.19294029418538369 194.13802816901412 0.18981894877374797 7.5898413843865926 0.37202812412846625 7.4874537278250921 254.08333333333334 1.2123139845310107 198.50000000000003 270.04000000000002 125.50000000000001 179.4531187624751
decision_type=2 2 2 2 2 2 2 2 2 2 2 2 2 2 2 2 2 2 2 2 2 2 2 2 2 2 2 2 2 2
left_child=5 4 10 18 11 -1 -7 16 9 -6 14 -2 13 -10 15 17 -8 -3 -4 29 -16 -22 24 25 -23 28 27 -24 -20 -14
right_child=1 2 3 -5 8 6 7 -9 12 -11 -12 -13 19 -15 20 -17 -18 -19 23 -21 21 22 26 -25 -26 -27 -28 -29 -30 -31
leaf_value=-0.05000501669822946 -0.050005160058796717 -0.05029812250155135 0.050187129945889974 -0.050006814053909714 -0.050005010994876843 -0.050005016408110274 0.05082753914745658 -0.050005322301121917 -0.050007392267060059 0.05004606222458944 0.050066971444726084 0.050052671236341023 0.050045108422568013 0.05004710422600616 -0.05023646868028029 -0.05102468764131507 0.050044920549848673 -0.05001066773755778 0.050046490853378194 0.05013200611983909 -0.050165391516170346 -0.05014791716325892 -0.050053596866171869 0.05011671743479116 -0.050004914915780824 0.050072084595993188 -0.050005338995117048 -0.050004995058298286 0.050059290957582596 0.0500549965083288
leaf_weight=1.8338099901593525 0.026093035150552946 0.027447011620097217 0.02477274346165359 0.065984426400973462 0.054902681164094802 0.0994088938095955 0.023762192111462355 0.03813400447688764 0.018533582362579737 0.20796879671979696 0.0066678796429187051 0.0031365313334390512 1.4136742869741268 0.22738741314969957 0.0075511750765144816 0.064431287559273187 0.029807510058162734 0.013988931917992886 0.1980735034449026 0.048279495036695041 0.0099146474531153217 0.0098082547119702213 0.015139471979637165 0.023508492391556501 0.0049110224499600017 0.022221869090572 0.11405506677692756 0.037731190022896044 0.032003486470784992 0.020184152817819156
leaf_count=18291 256 18 8 617 548 991 8 368 162 227 5 3 1570 243 18 38 38 103 215 29 19 25 26 12 50 18 1113 378 28 19
internal_value=-0.00168915 0.0325751 -0.00478687 0.0320528 0.0451183 -0.047349 -0.0218633 0.00864289 0.0463572 0.0291496 -0.0481185 -0.0392683 0.0489748 0.0425066 -0.0502651 -0.0507023 0.0503921 -0.0502011 0.0500668 0.0500481 -0.0500327 -0.0500247 -0.050017 0.050056 -0.0501002 0.0500504 -0.0500096 -0.0500189 0.0500483 0.0500452
internal_weight=4.72329 2.69837 0.67821 0.366565 2.02016 2.02492 0.191113 0.0917037 1.99093 0.262871 0.311646 0.0292296 1.72806 0.245921 0.304978 0.105867 0.0535697 0.0414359 0.30058 1.48214 0.199111 0.19156 0.181645 0.275807 0.0147193 0.252299 0.166926 0.0528707 0.230077 1.43386
internal_count=25444 5748 2691 898 3057 19696 1405 414 2798 775 1793 259 2023 405 1788 159 46 121 281 1618 1629 1611 1592 273 75 261 1517 404 243 1589
is_linear=0
shrinkage=0.05


Tree=138
num_leaves=31
num_cat=0
split_feature=9 13 18 2 5 9 7 1 9 3 1 3 9 7 3 3 3 9 9 9 11 3 11 7 3 7 2 9 9 9
split_gain=2.8475 0.436276 0.405186 0.213146 0.0848443 0.0478906 0.0585673 0.0843244 0.0337095 0.197194 0.0201494 0.0106714 0.00205335 0.0182474 0.0167972 1.15129e-05 5.7474e-06 3.30192e-06 1.55981e-06 3.64592e-07 8.51738e-08 7.45481e-08 1.73692e-07 6.33842e-08 3.51104e-08 2.79176e-08 3.4696e-08 2.84616e-08 5.14039e-09 3.21627e-09
threshold=-0.53134802822849891 1.0000000180025095e-35 1.0000000180025095e-35 2.740319461670996 8.0695940463597982 -0.71929357792026261 119.50000000000001 1.4978661367769956 -0.19294029418538369 4.6478001079635041 11.655418162737622 4.6478001079635041 -1.0000000180025095e-35 136.50000000000003 4.6478001079635041 7.4985928023719568 7.4662273925763296 -0.69397300885068869 0.5397819860804921 -0.21171336248670511 0.04083333333333334 15.008549572904533 0.99726996361946496 81.500000000000014 7.4874537278250921 198.50000000000003 2.4414009612931857 -0.064281490419500806 -0.15093364397138662 4.7115522587911522
decision_type=2 2 2 2 2 2 2 2 2 2 2 2 2 2 2 2 2 2 2 2 2 2 2 2 2 2 2 2 2 2
left_child=5 4 10 19 11 -1 -7 17 9 -6 15 -2 13 14 -10 16 18 -8 20 -4 -3 29 -23 -17 28 26 -25 -28 -21 -14
right_child=1 2 3 -5 8 6 7 -9 12 -11 -12 -13 21 -15 -16 23 -18 -19 -20 24 -22 22 -24 25 -26 -27 27 -29 -30 -31
leaf_value=-0.050004767440809055 -0.05000490318853934 -0.050200124211957922 0.050232536510481519 -0.050006522844180445 -0.050004768689517504 -0.050004772030798394 0.050877886065902989 -0.050004949742806164 -0.050009052371047948 0.05004385154497442 0.050064048142501628 0.050049870552246113 0.050042915369978506 0.050045312838555928 0.050048208728459304 -0.050164956922780835 -0.051133018835377797 0.05004134058110539 -0.050714947579517777 0.0500740309043122 -0.050010695220882563 0.050043653039545478 0.05016723347615451 -0.050011702273725381 0.050115974350406413 -0.050005103837982692 -0.0500394131836479 -0.050134953810429941 0.050047817006549346 0.050056631531596056
leaf_weight=1.7452238568439495 0.026066900252772363 0.0090527157590257756 0.032707218779250979 0.06484267910127528 0.060177109451615363 0.094564425293356069 0.020206239307299256 0.0367488026022329 0.0093201502022567384 0.27124185994034633 0.0051006112480536095 0.002968417771626263 1.2225013690767803 0.13584355841157958 0.0076270226272754362 0.007908702376880683 0.043241589635726996 0.028339614946162328 0.015002792475570459 0.020429200551006943 0.017225295312528033 0.089261733170132973 0.041723110130988061 0.034767190409183968 0.022028090548701584 0.11208516601618612 0.016602011950453743 0.014694773861265276 0.22111671266611665 0.044287606317084172
leaf_count=18300 269 8 9 635 631 991 3 375 75 311 4 3 1427 151 8 31 11 40 6 18 126 103 20 330 11 1148 81 31 241 45
internal_value=-0.00157788 0.0330996 -0.00274266 0.0321046 0.0450432 -0.0474731 -0.0229073 0.00713504 0.0463518 0.0318776 -0.0483903 -0.0397758 0.0494455 0.0439422 -0.00497859 -0.0502463 -0.0507302 0.0503895 -0.0503082 0.0500751 -0.050076 0.0500471 0.050083 -0.0500264 0.0500555 -0.0500203 -0.0500461 -0.0500843 0.05005 0.0500434
internal_weight=4.47291 2.54782 0.636805 0.361124 1.91102 1.92508 0.179859 0.0852947 1.88198 0.331419 0.275681 0.0290353 1.55056 0.152791 0.0169472 0.27058 0.0845224 0.0485459 0.0412808 0.296281 0.026278 1.39777 0.130985 0.186058 0.263574 0.178149 0.066064 0.0312968 0.241546 1.26679
internal_count=25442 5733 2690 914 3043 19709 1409 418 2771 942 1776 272 1829 234 83 1772 151 43 140 279 134 1595 123 1621 270 1590 442 112 259 1472
is_linear=0
shrinkage=0.05


Tree=139
num_leaves=31
num_cat=0
split_feature=9 3 9 16 9 7 9 7 0 18 2 11 6 9 3 7 3 9 0 0 8 0 7 0 2 7 8 0 7 0
split_gain=2.67336 0.407114 0.369396 0.0955111 0.0599962 0.229209 0.050283 0.058847 0.0829241 0.0412818 0.0933684 0.0261061 0.00446849 0.00240673 0.0469847 5.84001e-05 1.33007e-05 2.52848e-06 1.26188e-06 4.06195e-07 1.10121e-07 9.57906e-08 5.91517e-08 3.28903e-08 1.41633e-08 2.36797e-09 8.41344e-09 9.79075e-10 8.075e-10 1.49778e-09
threshold=-0.53134802822849891 7.4544301786633325 4.1796846060151642 1.0000000180025095e-35 -0.19294029418538369 94.500000000000014 -0.71929357792026261 119.50000000000001 0.11812552495011401 1.0000000180025095e-35 2.740319461670996 0.039230769230769243 2.1376109762125082 -1.0000000180025095e-35 4.6478001079635041 192.50000000000003 7.4985928023719568 -0.68468895303587851 0.23679151610846974 0.90059100314073393 194.13802816901412 0.18981894877374797 81.500000000000014 0.37202812412846625 2.4414009612931857 198.50000000000003 270.04000000000002 1.1183036491098768 123.50000000000001 0.64848281364238425
decision_type=2 2 2 2 2 2 2 2 2 2 2 2 2 2 2 2 2 2 2 2 2 2 2 2 2 2 2 2 2 2
left_child=6 3 9 4 5 -2 -1 -8 17 16 -11 19 -6 14 -14 28 -3 -9 -5 -7 -4 -18 -23 24 -24 26 -25 -16 -15 -30
right_child=1 2 20 18 12 11 7 8 -10 10 -12 -13 13 15 27 -17 21 -19 -20 -21 -22 22 23 25 -26 -27 -28 -29 29 -31
leaf_value=-0.050004537251730652 -0.050004539887812116 -0.050952110819343012 0.050042661257867084 -0.050695268464367033 -0.050008913827082349 0.050041688987494719 -0.050004538796644696 0.050765842565715161 -0.050004806250345549 0.050088986612227493 -0.050006126170865507 -0.0048479822385584332 -0.050007708570377778 0.050040823167280896 0.050042862658190135 0.047165715742282704 -0.050211467163360501 0.050040011973711197 -0.050009733396957259 0.050247098931933534 0.050135435504948679 -0.05016061384478742 -0.050004715287461636 -0.050050084631633573 -0.050122117333322364 -0.050004866183377496 -0.050004601036282341 0.05005473617018024 0.050041315366921552 0.050055458839307732
leaf_weight=1.6592158935309269 0.077322743010881934 0.04977561839041289 0.14106011483818293 0.013956506241811328 0.001136431281338556 0.2670857555931434 0.089492196704668348 0.021012464625528082 0.035504324121575337 0.037831939291208982 0.060643284603429493 0.02337109452491859 0.012447687324311008 1.1764190881513057 0.18551298708189279 0.017908512032590695 0.0069193058952805577 0.027969903603661805 0.012933229125337675 0.026451079407706857 0.041365148907061666 0.0073458254846627815 0.003486614572466352 0.014520047610858455 0.0097602441601338796 0.10471960233553546 0.033915958214493003 0.019154574139975011 0.058492438576649763 0.02752830769168213
leaf_count=18290 852 19 168 3 7 322 986 7 379 25 627 23 110 1444 218 21 19 40 105 6 26 29 38 25 35 1126 371 20 71 27
internal_value=-0.00173296 0.0326452 -0.00700016 0.0432053 0.0445346 0.0271788 -0.0473231 -0.0217502 0.00817813 -0.038649 -0.0115519 0.0460109 0.0491003 0.0491755 0.0443078 0.0500009 -0.0502284 0.0503514 -0.0503655 0.0500602 0.0500637 -0.050029 -0.0500218 -0.0500156 -0.0500912 -0.0500091 -0.0500182 0.050044 0.0500412 0.0500458
internal_weight=4.26426 2.43106 0.511344 1.91972 1.89283 0.394231 1.83319 0.173979 0.0844867 0.328918 0.0984752 0.316908 1.4986 1.49746 0.217115 1.28035 0.230443 0.0489824 0.0268897 0.293537 0.182425 0.180668 0.173748 0.166402 0.0132469 0.153156 0.048436 0.204668 1.26244 0.0860207
internal_count=25439 5737 2508 3229 3121 1203 19702 1412 426 2314 652 351 1918 1911 348 1563 1662 47 108 328 194 1643 1624 1595 73 1522 396 238 1542 98
is_linear=0
shrinkage=0.05


Tree=140
num_leaves=31
num_cat=0
split_feature=9 13 18 2 5 9 7 0 9 3 1 3 9 3 3 9 9 9 2 8 4 6 3 0 8 7 2 8 0 9
split_gain=2.57373 0.432387 0.396324 0.191178 0.071338 0.0478189 0.0552166 0.0803682 0.0285281 0.13651 0.0182537 0.0146895 0.00414349 0.0625971 7.9799e-06 4.3532e-06 2.16112e-06 2.74616e-07 2.25707e-07 1.66819e-07 8.22453e-08 8.83166e-08 2.52997e-08 2.13895e-08 1.79837e-08 6.03925e-09 2.27354e-08 5.49098e-09 5.25078e-09 1.00168e-09
threshold=-0.53134802822849891 1.0000000180025095e-35 1.0000000180025095e-35 2.740319461670996 8.0695940463597982 -0.71929357792026261 119.50000000000001 0.11812552495011401 -0.28250174681150492 4.6478001079635041 11.655418162737622 4.6478001079635041 -1.0000000180025095e-35 4.6478001079635041 7.4985928023719568 1.0000000180025095e-35 -0.68468895303587851 -0.21171336248670511 2.3502401828962087 194.13802816901412 7.5019101675073623 3.5805906715287965 7.4874537278250921 0.37202812412846625 254.08333333333334 198.50000000000003 3.8393944990995772 208.16666666666671 1.1744478143752708 0.32400281177755735
decision_type=2 2 2 2 2 2 2 2 2 2 2 2 2 2 2 2 2 2 2 2 2 2 2 2 2 2 2 2 2 2
left_child=5 4 10 17 11 -1 -7 16 9 -6 14 -2 13 -10 15 18 -8 -4 -3 -14 21 -16 28 24 -22 26 27 -25 29 -19
right_child=1 2 3 -5 8 6 7 -9 12 -11 -12 -13 19 -15 20 -17 -18 22 -20 -21 23 -23 -24 25 -26 -27 -28 -29 -30 -31
leaf_value=-0.050004313817689709 -0.050004425491566987 -0.050009302283788984 0.050210560271274234 -0.050006144407163292 -0.050004311609203593 -0.050004317234269284 0.050724494094234907 -0.05000459266550146 -0.050005486248086178 0.05003931848201576 0.050057945914361468 0.050043842653829385 0.050038950520159747 0.050040727966068704 -0.050012714507437189 -0.050884926446114004 0.050038107606454031 0.050040736806274799 -0.050271215245094904 0.050131869085373308 -0.050118380956661983 -0.050224037182817129 0.050099267094900028 -0.050052470600337934 -0.050004371048313914 -0.05000459299920347 -0.050132341330114065 -0.050005705530825721 0.050063451399596698 0.050052944806383996
leaf_weight=1.5810834952135335 0.023361367952020706 0.012532849636045174 0.030039520817808807 0.057686740525241476 0.043116571934661008 0.085223603316990082 0.020109187433263287 0.034796835156157613 0.016855957765074092 0.16301009710878134 0.004615856450982391 0.0043523657368496052 1.23847907007439 0.21581492968834937 0.009250781404261943 0.055300625164818484 0.026686742261517793 0.17032533907331526 0.0239346905000275 0.050264277146197744 0.0091040498300571926 0.010620100685628131 0.023940162325743586 0.0077889642561785868 0.0055781725022825421 0.096198932646075264 0.0045825866982340804 0.032334191135305446 0.033382802037522197 0.018641691363882273
leaf_count=18323 267 107 9 619 500 987 7 389 178 208 4 5 1594 267 81 36 40 212 10 31 33 13 14 13 65 1092 2 354 34 18
internal_value=-0.00132597 0.0327213 -0.00369805 0.0327844 0.0452921 -0.047318 -0.0218574 0.0075421 0.0465688 0.0291127 -0.0485246 -0.0342921 0.0489339 0.0427928 -0.0502275 -0.0506053 0.0503331 0.0500678 -0.0501812 0.0500426 -0.0500299 -0.0501257 0.0500504 -0.0500176 -0.0500751 -0.0500116 -0.0500268 -0.0500148 0.0500452 0.0500419
internal_weight=4.10901 2.36111 0.605858 0.334016 1.75525 1.7479 0.166816 0.0815928 1.72754 0.206127 0.271842 0.0277137 1.52141 0.232671 0.267226 0.0917682 0.0467959 0.27633 0.0364675 1.28874 0.175458 0.0198709 0.24629 0.155587 0.0146822 0.140905 0.0447057 0.0401232 0.22235 0.188967
internal_count=25512 5766 2716 906 3050 19746 1423 436 2778 708 1810 272 2070 445 1806 153 47 287 117 1625 1653 94 278 1559 98 1461 369 367 264 230
is_linear=0
shrinkage=0.05


Tree=141
num_leaves=31
num_cat=0
split_feature=9 13 18 2 5 9 7 0 9 3 1 3 9 3 3 3 9 0 9 8 8 0 3 0 3 8 0 7 2 8
split_gain=2.43761 0.411926 0.353173 0.181666 0.0690965 0.0479657 0.054903 0.0755048 0.0280756 0.124186 0.0214851 0.00917612 0.00469743 0.0676851 6.88341e-06 4.03633e-06 1.94097e-06 9.41342e-07 1.86335e-07 1.36933e-07 1.28952e-07 7.04668e-08 4.09437e-08 2.17286e-08 2.13067e-08 1.49777e-08 4.57845e-09 4.16101e-09 2.051e-08 3.10285e-09
threshold=-0.53134802822849891 1.0000000180025095e-35 1.0000000180025095e-35 2.740319461670996 8.0461435594711883 -0.71929357792026261 119.50000000000001 0.11812552495011401 -0.3014177459159994 4.6478001079635041 11.655418162737622 4.6478001079635041 -1.0000000180025095e-35 4.6478001079635041 7.4985928023719568 7.4662273925763296 -0.68468895303587851 0.23679151610846974 -0.21171336248670511 194.13802816901412 152.05000000000004 0.18981894877374797 7.5898413843865926 0.37202812412846625 7.4874537278250921 254.08333333333334 1.1744478143752708 194.50000000000003 3.8393944990995772 270.04000000000002
decision_type=2 2 2 2 2 2 2 2 2 2 2 2 2 2 2 2 2 2 2 2 2 2 2 2 2 2 2 2 2 2
left_child=5 4 10 18 11 -1 -7 16 9 -6 14 -2 13 -10 15 17 -8 -3 -4 -14 -19 -16 -23 25 26 -24 -20 28 29 -25
right_child=1 2 3 -5 8 6 7 -9 12 -11 -12 -13 19 -15 21 -17 -18 20 24 -21 -22 22 23 27 -26 -27 -28 -29 -30 -31
leaf_value=-0.050004105013765544 -0.050004225692722171 -0.050625185338482398 0.050200263879415036 -0.050005785481229331 -0.05000410239958112 -0.050004106467926281 0.050698707675071342 -0.050004351228319803 -0.050005660186780113 0.050037313352759252 0.050054817008504587 0.050043117433481138 0.050036986200930826 0.05003859447260614 -0.05019350599013031 -0.050970884731306676 0.05003608201530646 -0.050216384850224852 0.050040197861958936 0.050127134350934757 -0.050012019491869043 -0.050134589250473774 -0.050118790693700482 -0.05003647223711042 0.050094419676073504 -0.050004034000851495 0.050060734013711063 -0.0500043561830575 -0.050125872452725595 -0.050004090143947438
leaf_weight=1.5042882030320472 0.021281054723658932 0.012701881332759402 0.022216811194084585 0.055436739079596009 0.039865597289463151 0.080238324517267645 0.018849673710064963 0.031884529642411508 0.018308584694750718 0.13982038100948557 0.0054605843033641568 0.0025684714200906447 1.1782091311761171 0.22073560598073527 0.0061904882750241077 0.037411336292279884 0.026713815663242713 0.015380001706944313 0.17218546394724399 0.043686277815140673 0.015495902436668985 0.0076343919936334706 0.0081946747377514839 0.0097021646652137861 0.022774734767153859 0.0043541204067878434 0.032219160755630583 0.095000538058229722 0.0043596397154033175 0.031143649350269698
leaf_count=18325 255 4 7 627 486 977 7 376 202 188 5 3 1596 288 18 12 42 11 219 29 129 20 27 24 14 54 34 1134 2 381
internal_value=-0.0014516 0.0328017 -0.00438176 0.0318638 0.045264 -0.047254 -0.0210183 0.00901177 0.0464923 0.0278419 -0.048048 -0.0392296 0.0487862 0.0423761 -0.0502118 -0.0505899 0.0503102 -0.0502629 0.0500621 0.0500402 -0.0501138 -0.050028 -0.0500216 -0.0500159 0.0500485 -0.050079 0.0500434 -0.0500103 -0.0500228 -0.0500118
internal_weight=3.88431 2.22234 0.557862 0.304833 1.66448 1.66197 0.157686 0.077448 1.64063 0.179686 0.253029 0.0238495 1.46094 0.239044 0.247569 0.0809891 0.0455635 0.0435778 0.249396 1.2219 0.0308759 0.16658 0.160389 0.152755 0.227179 0.0125488 0.204405 0.140206 0.0452055 0.0408458
internal_count=25496 5769 2722 901 3047 19727 1402 425 2789 674 1821 258 2115 490 1816 156 49 144 274 1625 140 1660 1642 1622 267 81 253 1541 407 405
is_linear=0
shrinkage=0.05


Tree=142
num_leaves=31
num_cat=0
split_feature=9 13 18 1 5 9 7 1 9 3 1 3 9 7 3 3 9 9 9 2 8 4 6 3 7 8 9 7 8 9
split_gain=2.3134 0.384758 0.348757 0.171249 0.0661671 0.0404912 0.0485072 0.0695139 0.0260387 0.160446 0.0204409 0.0110264 0.00167472 0.0195545 0.00850785 5.82103e-06 3.221e-06 1.82612e-06 2.04174e-07 1.63986e-07 8.1087e-08 6.38917e-08 6.38186e-08 1.92138e-08 7.95966e-09 2.63223e-08 3.32244e-09 1.35054e-09 3.80016e-10 3.2288e-10
threshold=-0.53134802822849891 1.0000000180025095e-35 1.0000000180025095e-35 3.1567740231385479 8.0695940463597982 -0.71929357792026261 119.50000000000001 1.4978661367769956 -0.19294029418538369 4.6478001079635041 11.655418162737622 4.6478001079635041 -1.0000000180025095e-35 135.50000000000003 4.6478001079635041 7.4985928023719568 -1.0000000180025095e-35 -0.69397300885068869 -0.21171336248670511 2.3502401828962087 194.13802816901412 7.5019101675073623 3.5805906715287965 7.4874537278250921 198.50000000000003 249.16666666666671 -0.15093364397138662 124.50000000000001 179.4531187624751 0.44410966791293799
decision_type=2 2 2 2 2 2 2 2 2 2 2 2 2 2 2 2 2 2 2 2 2 2 2 2 2 2 2 2 2 2
left_child=5 4 10 18 11 -1 -7 17 9 -6 15 -2 13 14 -10 16 19 -8 -4 -3 28 22 29 26 25 -23 -20 -28 -14 -17
right_child=1 2 3 -5 8 6 7 -9 12 -11 -12 -13 20 -15 -16 21 -18 -19 23 -21 -22 24 -24 -25 -26 -27 27 -29 -30 -31
leaf_value=-0.050003908435257288 -0.050004016644380561 -0.050008385838196834 0.050190473566232088 -0.050005425687672855 -0.050003902657369127 -0.050003906223235195 0.050716942823983181 -0.05000416413664114 -0.050007412129005196 0.050035906777008747 0.050052141659372135 0.050039943907336251 0.050035124522577745 0.050037046676387337 0.050037482113020171 -0.050028818442956174 -0.050793971422556976 0.050033755376198946 0.050062102549151999 -0.050241470421278855 0.050109661772267923 -0.050085615868431944 -0.050199711304590833 0.050091401610402035 -0.050004100323317285 -0.050004805957100974 0.050036504378335969 0.050047926603137498 0.050042938670795678 -0.050005933232002225
leaf_weight=1.4283806102539531 0.021031951451732644 0.011483237467473373 0.027191486791707575 0.051781221300188918 0.048567692072538304 0.076637290243524947 0.016597793030086905 0.030151861465128604 0.0074715186274262324 0.22933169739553705 0.0051945390878245226 0.0031691947369836262 1.0956014738185325 0.11034279462182894 0.0029696967685595155 0.0020374539453769103 0.050479046312830067 0.023815859021851793 0.016202248109038919 0.022008791762345936 0.037842542340513208 0.014495788826025091 0.0097582956950645894 0.020376398111693561 0.088995334939681925 0.033058289052860346 0.15024553245166317 0.03126390726538375 0.015783047128934302 0.0063284130810643546
leaf_count=18293 265 108 9 620 622 981 3 372 74 321 5 4 1562 150 4 12 39 41 17 13 28 21 15 13 1123 408 208 35 19 69
internal_value=-0.00157485 0.032618 -0.00375646 0.0326185 0.0451329 -0.0474308 -0.0224622 0.00744935 0.0464155 0.0325522 -0.0480708 -0.036903 0.0494491 0.0438485 -0.0215526 -0.0502066 -0.0505417 0.0503143 0.0500613 -0.0501616 0.0500377 -0.0500246 -0.0501128 0.0500452 -0.0500129 -0.0500294 0.0500404 0.0500385 0.0500352 -0.0500115
internal_weight=3.6886 2.11301 0.5409 0.297061 1.57211 1.57558 0.147203 0.0705655 1.54791 0.277899 0.243839 0.0242011 1.27001 0.120784 0.0104412 0.238645 0.0839711 0.0404137 0.24528 0.033492 1.14923 0.154674 0.0181242 0.218088 0.136549 0.0475541 0.197712 0.181509 1.11138 0.00836587
internal_count=25454 5764 2715 902 3049 19690 1397 416 2780 943 1813 269 1837 228 78 1808 160 44 282 121 1609 1648 96 273 1552 429 260 243 1581 81
is_linear=0
shrinkage=0.05


Tree=143
num_leaves=31
num_cat=0
split_feature=9 7 11 7 3 19 8 2 9 7 1 1 8 1 11 8 1 3 4 8 7 9 8 5 16 9 5 4 8 8
split_gain=2.28876 0.324551 0.115335 0.236794 0.241096 0.0538991 0.0308664 0.0338421 0.0178645 0.0255232 0.0499302 0.0153761 0.00606483 0.0181903 0.000104165 0.000132862 1.54411e-06 1.65279e-07 1.35494e-07 1.15211e-07 4.84103e-08 4.73528e-08 1.58742e-08 1.43343e-08 3.00321e-09 7.73589e-10 4.19104e-10 3.20796e-10 3.19123e-10 3.04901e-10
threshold=-0.53134802822849891 199.50000000000003 0.26666666666666672 94.500000000000014 7.4874537278250921 1.0000000180025095e-35 138.08536585365854 2.9700856263602158 -0.70688395170678076 119.50000000000001 1.4978661367769956 11.655418162737622 254.08333333333334 1.4978661367769956 0.051315789473684217 120.00996677740865 2.524928003624769 7.4985928023719568 7.3808759299945494 194.13802816901412 192.50000000000003 0.5397819860804921 267.48845327604732 9.3916545859868865 1.0000000180025095e-35 0.32400281177755735 6.9335082737100722 7.2902926497970748 241.54798761609911 125.14398496240602
decision_type=2 2 2 2 2 2 2 2 2 2 2 2 2 2 2 2 2 2 2 2 2 2 2 2 2 2 2 2 2 2
left_child=8 2 3 21 5 12 7 -6 -1 -10 28 -3 14 -14 18 -16 -8 -18 25 29 22 -2 23 24 -19 27 -9 -5 -11 -4
right_child=1 11 19 4 6 -7 16 26 9 10 -12 -13 13 -15 15 -17 17 20 -20 -21 -22 -23 -24 -25 -26 -27 -28 -29 -30 -31
leaf_value=-0.050003716211378585 -0.05000404862043567 -0.050004044251797775 0.050033366537160222 0.050034262496516574 0.05008707001239248 -0.050196715184548671 -0.050666197058040041 -0.050004337878165134 -0.050003712922108562 0.050037841526333393 -0.050003842040564656 0.050049866139557322 0.050038438881923511 -0.050005422843199844 0.050048392515739872 0.04367355411193502 -0.050314825982453786 -0.05000954675725211 0.050125889533100279 0.050119872746289609 -0.050152385660998292 -0.050166598090536751 -0.050004406432939144 -0.050120651325451043 -0.050056161104324343 0.050045962386169165 -0.050026624943734249 0.050040282580145125 0.050026234206869774 0.05004098005905297
leaf_weight=1.3715388719210748 0.08871920354431484 0.11416452327102877 0.97298820817377396 0.46991709870053455 0.019463630917016417 0.014043948001926765 0.013325520878424868 0.012372829951345921 0.065913857521082142 0.011691476975101978 0.026345240919908974 0.0039735319442115715 0.017483249132055789 0.0061389900074573225 0.01797012472525239 0.014992505428381264 0.0064846982204471706 0.0069981523556634784 0.044483852107077837 0.040151658875402063 0.009450577330426313 0.0047186763695208347 0.028259843245905358 0.0069351507117971769 0.0068252283745096065 0.01529891713289544 0.0025429149827687078 0.023222689982503653 0.011998662288533524 0.013330216926988214
leaf_count=18456 1161 1494 1460 690 13 8 3 159 888 19 350 4 23 66 22 21 3 65 32 26 17 12 371 4 8 17 7 31 24 17
internal_value=-0.00157257 0.0337171 0.0388316 0.0249681 0.0344844 0.0466465 -0.0328316 0.00666003 -0.0484105 -0.029565 -0.00264011 -0.0466388 0.0488779 0.0240389 0.0498794 0.0471489 -0.0501759 -0.0500753 0.0500422 0.0500368 -0.0500488 -0.0500123 -0.0500288 -0.050062 -0.0500326 0.0500349 -0.0500081 0.0500345 0.050032 0.0500335
internal_weight=3.46174 1.97426 1.85612 0.829648 0.73621 0.623551 0.112659 0.0343794 1.48749 0.115949 0.0500354 0.118138 0.609507 0.0236222 0.585885 0.0329626 0.0782792 0.0649537 0.552923 1.02647 0.058469 0.0934379 0.0490184 0.0207585 0.0138234 0.508439 0.0149157 0.49314 0.0236901 0.986318
internal_count=25471 5734 4236 2733 1560 910 650 179 19737 1281 393 1498 902 89 813 43 471 468 770 1503 465 1173 448 77 73 738 166 721 43 1477
is_linear=0
shrinkage=0.05


Tree=144
num_leaves=31
num_cat=0
split_feature=9 13 18 2 5 9 7 0 9 3 1 3 9 3 4 9 2 5 3 9 2 8 0 5 3 0 8 7 2 8
split_gain=2.08283 0.342769 0.30362 0.158103 0.0572874 0.0384466 0.0453443 0.0648675 0.0249807 0.121617 0.0149136 0.0120023 0.00303054 0.045143 4.96652e-06 1.80453e-06 1.26194e-06 4.71802e-07 1.60756e-07 1.52861e-07 1.15479e-07 7.08363e-08 4.64046e-08 2.40878e-08 1.52215e-08 1.2988e-08 9.75826e-09 3.98021e-09 1.20731e-08 4.50302e-09
threshold=-0.53134802822849891 1.0000000180025095e-35 1.0000000180025095e-35 2.740319461670996 8.0695940463597982 -0.71929357792026261 120.50000000000001 0.18981894877374797 -0.26634925049910491 4.6478001079635041 11.655418162737622 4.6478001079635041 -1.0000000180025095e-35 4.6478001079635041 7.0934015215887589 -0.69397300885068869 2.524928003624769 8.5739098909276716 7.4985928023719568 -0.19294029418538369 2.3502401828962087 194.13802816901412 0.18981894877374797 8.1921948620122418 7.4874537278250921 0.37202812412846625 254.08333333333334 198.50000000000003 3.8393944990995772 270.04000000000002
decision_type=2 2 2 2 2 2 2 2 2 2 2 2 2 2 2 2 2 2 2 2 2 2 2 2 2 2 2 2 2 2
left_child=5 4 10 19 11 -1 -7 15 9 -6 14 -2 13 -10 16 -8 17 23 20 -4 -16 -14 -20 -3 -21 26 -24 28 29 -27
right_child=1 2 3 -5 8 6 7 -9 12 -11 -12 -13 21 -15 18 -17 -18 -19 22 24 -22 -23 25 -25 -26 27 -28 -29 -30 -31
leaf_value=-0.050003531765590983 -0.050003634511056806 -0.050007698584871266 0.050172904706935695 -0.050005018041769635 -0.050003533114439926 -0.050003534642695413 0.050721817261281436 -0.050003674919105734 -0.050005303029216165 0.050032216388061705 0.050047432551812793 0.050035890840352149 0.050031872571649719 0.050033251855967888 -0.050005864515165914 0.050025899551592506 -0.050940919497017872 -0.050580166439088706 -0.050164556001037211 0.050034767638511758 -0.050217438141631432 0.050102295281627789 -0.050102227366691676 -0.050178944480570392 0.050081253087501221 -0.050041193706866251 -0.050003606010300988 -0.05000375674722695 -0.050108306863167709 -0.050003567647395809
leaf_weight=1.291315517220937 0.018886402656789758 0.0042586352574288666 0.024170334101654589 0.048275243425450753 0.038337370780936797 0.070338965211704241 0.016449306916911155 0.028005529820802622 0.012156805511040036 0.14642557327169925 0.0037799197016283861 0.0035639802226796738 0.99720077618258052 0.15583342936588451 0.0095156363968271762 0.021477931208210066 0.020109627599595115 0.012212548524985323 0.0053955348921590476 0.17288330505834892 0.020014669404190499 0.037034582754131407 0.0070557930739596486 0.0039658261957811192 0.019607356225606054 0.0111660797483637 0.0038916980338399298 0.080009059063741006 0.0037537531461566678 0.027624043214018457
leaf_count=18277 263 44 9 633 543 995 3 385 150 228 4 5 1568 236 106 43 11 8 19 256 14 29 27 4 14 24 55 1108 2 389
internal_value=-0.00176866 0.0327039 -0.00389937 0.0318221 0.0451096 -0.047338 -0.0220793 0.00771107 0.0463921 0.0292753 -0.0483825 -0.0341224 0.0490227 0.0427938 -0.0501629 0.0503277 -0.0506597 -0.050383 -0.0500433 0.0500544 -0.0501493 0.0500344 -0.0500208 -0.0500903 0.0500395 -0.050015 -0.0500672 -0.0500103 -0.0500227 -0.0500144
internal_weight=3.31472 1.88713 0.477689 0.264936 1.40944 1.42759 0.136272 0.0659328 1.38699 0.184763 0.212753 0.0224504 1.20223 0.16799 0.208973 0.0379272 0.0405466 0.020437 0.168426 0.216661 0.0295303 1.03424 0.138896 0.00822446 0.192491 0.1335 0.0109475 0.122553 0.0425439 0.0387901
internal_count=25452 5749 2727 912 3022 19703 1426 431 2754 771 1815 268 1983 386 1811 46 67 56 1744 279 120 1597 1624 48 270 1605 82 1523 415 413
is_linear=0
shrinkage=0.05


Tree=145
num_leaves=31
num_cat=0
split_feature=9 13 18 3 5 9 7 0 9 3 1 3 9 3 3 9 9 11 9 11 8 4 6 3 0 8 7 7 8 0
split_gain=1.95993 0.33806 0.301248 0.148706 0.058052 0.041041 0.0456481 0.0637927 0.0238769 0.115013 0.014203 0.00947902 0.00282242 0.0438558 3.91476e-06 2.03948e-06 1.59976e-06 6.28962e-07 1.335e-07 9.70177e-08 6.64568e-08 3.91846e-08 3.90175e-08 1.18002e-08 9.71164e-09 8.26444e-09 3.1557e-09 9.59602e-09 2.93427e-09 2.47159e-09
threshold=-0.53134802822849891 1.0000000180025095e-35 1.0000000180025095e-35 7.6955305627591644 8.0695940463597982 -0.71929357792026261 119.50000000000001 0.11812552495011401 -0.26634925049910491 4.6478001079635041 11.655418162737622 4.6478001079635041 -1.0000000180025095e-35 4.6478001079635041 7.4985928023719568 1.0000000180025095e-35 -0.69397300885068869 0.046536796536796543 -0.21171336248670511 0.044466403162055343 194.13802816901412 7.5019101675073623 3.5805906715287965 7.4874537278250921 0.37202812412846625 254.08333333333334 198.50000000000003 193.50000000000003 270.04000000000002 1.1744478143752708
decision_type=2 2 2 2 2 2 2 2 2 2 2 2 2 2 2 2 2 2 2 2 2 2 2 2 2 2 2 2 2 2
left_child=5 4 10 18 11 -1 -7 16 9 -6 14 -2 13 -10 15 19 -8 -17 -4 -3 -14 22 -16 29 25 -23 27 28 -26 -20
right_child=1 2 3 -5 8 6 7 -9 12 -11 -12 -13 20 -15 21 17 -18 -19 23 -21 -22 24 -24 -25 26 -27 -28 -29 -30 -31
leaf_value=-0.050003360613928849 -0.05000345147888318 -0.050206956567218075 0.050169909396384674 -0.050004739385723654 -0.050003358476814808 -0.050003362337932705 0.050686194068412321 -0.050003580959531849 -0.050004379416162696 0.050030787211579344 0.050045117524898021 0.050034247354414974 0.050030326382617778 0.050031567494237317 -0.050004920218646942 -0.050907023193452139 0.050029960378072627 -0.050527740792278855 0.05003299310168588 -0.050007117715319682 0.050104479189327901 -0.050090588230142834 -0.050170523511219901 0.050078656898413482 -0.050037006793737682 -0.05000341458634782 -0.050003572215271956 -0.050094900938245146 -0.050003408991517631 0.050049665968110058
leaf_weight=1.2301986633174236 0.018420522719679755 0.019013606215594225 0.021968596847727895 0.045152170685469173 0.03633346062269982 0.065771876317740285 0.015657784068025649 0.026957615838909987 0.01178230938967284 0.13736966508440673 0.0035957329673692575 0.0027172755217179647 0.94464596104808163 0.15623672917718068 0.0061320879322011032 0.018873625173000619 0.022825527557870373 0.025971755665523233 0.14326797804096714 0.0089238824366475455 0.031213515379931778 0.0072232137099490501 0.0084692843374796212 0.017542501969728619 0.0089622161976876669 0.0043599239579634741 0.072385916057100985 0.0039782879175618282 0.023640411323867738 0.026309607725124806
leaf_count=18304 270 17 8 624 541 978 3 388 158 224 4 4 1561 249 79 10 45 32 222 99 26 35 16 13 23 65 1056 7 349 34
internal_value=-0.00187593 0.0322951 -0.00439491 0.0322834 0.0450604 -0.0471682 -0.0205864 0.00897934 0.0463792 0.0291067 -0.0484791 -0.0371436 0.0490021 0.0430166 -0.0501828 -0.0504785 0.050297 -0.0506874 0.0500533 -0.0501431 0.0500327 -0.0500236 -0.050101 0.0500396 -0.0500142 -0.0500578 -0.0500096 -0.0500216 -0.0500126 0.0500356
internal_weight=3.1659 1.80449 0.465771 0.254241 1.33872 1.36141 0.131213 0.0654409 1.31758 0.173703 0.21153 0.0211378 1.14388 0.168019 0.207934 0.0727829 0.0384833 0.0448454 0.209089 0.0279375 0.975859 0.135151 0.0146014 0.18712 0.12055 0.0115831 0.108967 0.0365809 0.0326026 0.169578
internal_count=25444 5726 2693 901 3033 19718 1414 436 2759 765 1792 274 1994 407 1788 158 48 42 277 116 1587 1630 95 269 1535 100 1435 379 372 256
is_linear=0
shrinkage=0.05


Tree=146
num_leaves=31
num_cat=0
split_feature=8 11 3 3 19 16 1 3 1 4 8 0 8 8 2 1 0 16 3 8 11 3 8 4 8 8 3 4 8 8
split_gain=1.44403 0.441656 0.507479 0.338693 0.0623191 0.0602736 0.0513994 0.0189149 0.00978967 7.09013e-08 6.47243e-08 5.15748e-08 2.50879e-08 6.22045e-09 3.23399e-09 7.25602e-09 9.71603e-10 8.11466e-10 3.3124e-10 2.95072e-10 1.55682e-09 2.44873e-10 2.1218e-10 1.99407e-10 1.38688e-10 9.06391e-11 7.4192e-11 7.10518e-11 6.79215e-11 6.31851e-11
threshold=259.0384615384616 0.26666666666666672 4.6478001079635041 7.4662273925763296 1.0000000180025095e-35 1.0000000180025095e-35 10.070801030819768 7.5735311307123743 11.655418162737622 7.3808759299945494 197.13358778625957 0.37202812412846625 138.08536585365854 147.01898734177217 4.1971736807086968 3.8393944990995772 1.199365564352278 1.0000000180025095e-35 7.9280455358981579 265.04409317803669 0.046536796536796543 5.2548844000372066 130.56542225444005 7.1944365692869114 200.09900990099013 101.7823969465649 7.2460110654613823 13.356927037328724 236.12500000000003 106.02212750282844
decision_type=2 2 2 2 2 2 2 2 2 2 2 2 2 2 2 2 2 2 2 2 2 2 2 2 2 2 2 2 2 2
left_child=1 2 -1 4 5 9 19 -5 11 16 29 -9 -6 -14 15 17 21 18 -13 20 -2 -4 25 28 -15 26 -23 -16 -24 -3
right_child=6 10 3 7 12 -7 -8 8 -10 -11 -12 14 13 24 27 -17 -18 -19 -20 -21 -22 22 23 -25 -26 -27 -28 -29 -30 -31
leaf_value=-0.050003255051257647 -0.050003199649526979 0.050028722080341606 0.050029254077581423 -0.01327895436344587 -0.050173800080832422 -0.050379817463582312 0.050035912932306428 -0.050125501648633886 0.05004172782099342 0.050111408367469572 0.050139479743803221 -0.050020322409599319 -0.050108630201898943 -0.05002245841437946 -0.05000345514113326 -0.050088467391959872 0.050043580663183901 -0.05003590917932893 -0.050004672836215604 -0.050003224947829099 -0.050046718606505794 0.050029551893712013 0.050031423576494205 0.050039311347726212 -0.05000444227952229 0.050029214671295702 0.050034385790620722 -0.050010192039581805 0.050035541791643962 0.050032307380946175
leaf_weight=0.32524516020930627 0.012665759837545809 0.84622833668254305 0.30913346336456016 0.061032740006339736 0.0098901736055267975 0.015383990823465865 0.012998001184314378 0.01047978788119508 0.00249958672793582 0.028624262660741806 0.013409028179012239 0.0045927348364784839 0.0027943463210249311 0.0019906300221919082 0.071630192876909859 0.0037762609499623059 0.013736692082602531 0.0032808105461299411 0.012818349488952663 1.0395534118142675 0.002453065251756926 0.013527834438718855 0.039984778559301049 0.013234940706752241 0.0023052458636811934 0.071927666198462248 0.019209609949029982 0.0041399695328436783 0.013356707349885255 0.01246971869841218
leaf_count=5062 198 1475 537 35 13 50 21 33 3 25 5 37 5 14 1098 8 19 13 178 16230 8 23 64 19 30 124 29 33 19 20
internal_value=-0.00214159 0.0237058 0.00193638 0.0250982 0.0441882 0.0471642 -0.0487854 -0.0357157 -0.0478108 0.0500349 0.0500305 -0.05002 -0.0501223 -0.0500506 -0.0500089 -0.0500247 0.0500305 -0.0500131 -0.0500088 -0.0500033 -0.0500103 0.0500301 0.0500316 0.0500338 -0.0500128 0.0500302 0.0500324 -0.0500038 0.0500325 0.0500288
internal_weight=2.99437 1.9267 1.0546 0.729351 0.5551 0.53812 1.06767 0.17425 0.113218 0.522736 0.872107 0.110718 0.0169804 0.00709022 0.100238 0.0244682 0.494112 0.0206919 0.0174111 1.05467 0.0151188 0.480375 0.171242 0.0665764 0.00429588 0.104665 0.0327374 0.0757702 0.0533415 0.858698
internal_count=25428 8971 7471 2409 971 909 16457 1438 1403 859 1500 1400 62 49 1367 236 834 228 215 16436 206 815 278 102 44 176 52 1131 83 1495
is_linear=0
shrinkage=0.05


Tree=147
num_leaves=31
num_cat=0
split_feature=9 13 18 2 5 9 7 0 9 3 1 3 9 3 3 3 9 9 8 8 4 6 3 0 8 7 2 8 0 7
split_gain=1.79444 0.298385 0.268534 0.13443 0.0483797 0.0379964 0.0421582 0.0573437 0.0218837 0.106347 0.0158983 0.00676153 0.00251629 0.0395689 2.72098e-06 1.84215e-06 1.19388e-06 9.47341e-08 6.04554e-08 5.33826e-08 2.94261e-08 3.10342e-08 1.04785e-08 7.25651e-09 6.34201e-09 2.5688e-09 7.64484e-09 2.67833e-09 1.91077e-09 3.95751e-10
threshold=-0.53134802822849891 1.0000000180025095e-35 1.0000000180025095e-35 2.740319461670996 8.0461435594711883 -0.71929357792026261 119.50000000000001 0.11812552495011401 -0.26634925049910491 4.6478001079635041 11.655418162737622 4.6478001079635041 -1.0000000180025095e-35 4.6478001079635041 7.4985928023719568 7.4662273925763296 -0.69397300885068869 -0.21171336248670511 194.13802816901412 164.08333333333334 7.5019101675073623 3.5805906715287965 7.4874537278250921 0.37202812412846625 254.08333333333334 198.50000000000003 3.8393944990995772 270.04000000000002 1.1744478143752708 125.50000000000001
decision_type=2 2 2 2 2 2 2 2 2 2 2 2 2 2 2 2 2 2 2 2 2 2 2 2 2 2 2 2 2 2
left_child=5 4 10 17 11 -1 -7 16 9 -6 14 -2 13 -10 15 19 -8 -4 -14 -3 21 -16 28 24 -22 26 27 -25 29 -19
right_child=1 2 3 -5 8 6 7 -9 12 -11 -12 -13 18 -15 20 -17 -18 22 -20 -21 23 -23 -24 25 -26 -27 -28 -29 -30 -31
leaf_value=-0.050003042295925088 -0.050003131089547265 -0.050163150228895281 0.050148270774270622 -0.050003996564799938 -0.050003038728035382 -0.050003041793329407 0.050620573577545437 -0.050003242949012407 -0.050003981482759967 0.050027909685947947 0.050040597267470177 0.050031935774629138 0.050027426450877183 0.050028596852107525 -0.050008878838657948 -0.050667115931950203 0.050026956337327025 0.050028748836277961 0.050094877507960628 -0.050009147916296015 -0.050083361666656702 -0.050155867418708533 0.050075496686768806 -0.050035933112633095 -0.050003074745317427 -0.050003230855438778 -0.050093200356022161 -0.05000308507769901 0.050045165211362569 0.050036916781586595
leaf_weight=1.1112126861189606 0.015022064122604095 0.011157452398037893 0.02119663282064721 0.040750891865172889 0.033544472214998566 0.059321800898033294 0.014194382063578814 0.023969081856193952 0.01062204865593197 0.12779707706067711 0.0040464216144755474 0.0019032085547223678 0.85826279560569685 0.14262222836259753 0.0066223562207596851 0.034443694628862431 0.021003167028538883 0.11288025774410926 0.034557442588265985 0.011352661709679523 0.0064229269737552386 0.0078448721069435123 0.015382762590888888 0.0086428985523525625 0.0039861943623691332 0.068537250146619044 0.0032319492893293491 0.022005856670148205 0.024045940663199872 0.017072792514227331
leaf_count=18273 243 11 9 633 552 975 3 381 157 230 5 3 1568 251 83 15 46 199 29 129 33 17 12 22 66 1105 2 359 34 24
internal_value=-0.00144923 0.0327229 -0.00366298 0.0324234 0.0451937 -0.0471331 -0.0202176 0.00964599 0.0463705 0.0292305 -0.0479969 -0.0387544 0.0490141 0.0430949 -0.05015 -0.0504372 0.0502663 0.0500486 0.05003 -0.0500855 -0.0500214 -0.0500886 0.0500361 -0.0500128 -0.0500526 -0.0500088 -0.0500201 -0.0500123 0.0500322 0.0500298
internal_weight=2.87366 1.64396 0.419624 0.231329 1.22433 1.2297 0.118488 0.0591666 1.20741 0.161342 0.188295 0.0169253 1.04606 0.153244 0.184248 0.0569538 0.0351975 0.190578 0.89282 0.0225101 0.127294 0.0144672 0.169382 0.112827 0.0104091 0.102418 0.0338807 0.0306488 0.153999 0.129953
internal_count=25469 5791 2758 911 3033 19678 1405 430 2787 782 1847 246 2005 408 1842 155 49 278 1597 140 1687 100 269 1587 99 1488 383 381 257 223
is_linear=0
shrinkage=0.05


Tree=148
num_leaves=31
num_cat=0
split_feature=9 13 18 3 5 9 7 0 9 3 4 6 9 3 3 9 9 9 11 8 4 6 3 0 8 7 8 9 7 4
split_gain=1.69105 0.297558 0.256306 0.128842 0.0465296 0.0339065 0.0383388 0.053304 0.0207872 0.0904832 0.0151373 0.00981727 0.00346684 0.0480948 2.82743e-06 1.36029e-06 9.96357e-07 8.12934e-08 7.13576e-08 5.12291e-08 2.71712e-08 2.4665e-08 1.02821e-08 6.4058e-09 5.67342e-09 2.27475e-09 6.02251e-09 1.23439e-09 5.98627e-10 3.15941e-10
threshold=-0.53134802822849891 1.0000000180025095e-35 1.0000000180025095e-35 7.6955305627591644 8.0695940463597982 -0.71929357792026261 119.50000000000001 0.11812552495011401 -0.3014177459159994 4.6478001079635041 14.836867121650442 3.2493258900699948 -1.0000000180025095e-35 4.6478001079635041 7.4985928023719568 1.0000000180025095e-35 -0.69397300885068869 -0.21171336248670511 0.044466403162055343 194.13802816901412 7.5019101675073623 3.5805906715287965 7.4874537278250921 0.37202812412846625 254.08333333333334 198.50000000000003 267.48845327604732 -0.15093364397138662 124.50000000000001 5.4827179284163234
decision_type=2 2 2 2 2 2 2 2 2 2 2 2 2 2 2 2 2 2 2 2 2 2 2 2 2 2 2 2 2 2
left_child=5 4 10 17 11 -1 -7 16 9 -6 14 -2 13 -10 15 18 -8 -4 -3 -14 21 -16 27 24 -22 26 -25 -19 -29 -18
right_child=1 2 3 -5 8 6 7 -9 12 -11 -12 -13 19 -15 20 -17 29 22 -20 -21 23 -23 -24 25 -26 -27 -28 28 -30 -31
leaf_value=-0.050002893623242853 0.050029377882386566 -0.050192750321239425 0.050141025493813267 -0.05000410795379362 -0.050002891130980533 -0.050002894802924448 0.05058999929129681 -0.050003100773403898 -0.050003988844653784 0.050026318096593241 0.050038617608315933 -0.050002968840139328 0.050026078751557651 0.050027285896434848 -0.050009130644838279 -0.050613815606355431 0.050032675315326104 0.050045153281859406 -0.050006691999888921 0.050089303218254867 -0.05008149752647717 -0.050148247967097853 0.050072223453552556 -0.050049109199466174 -0.050002936076709498 -0.050003072123774361 -0.050003461057520154 0.050027127865125136 0.050036142560749099 0.050019619046188492
leaf_weight=1.0578191456297643 0.0029183200676924361 0.014326840602734481 0.020165700581856072 0.039266524887352716 0.02919178998490668 0.055973266040382774 0.013510068587493151 0.022577590072614839 0.013049853365373232 0.10023312247358263 0.0038492237217724315 0.015373769492725842 0.81688486388884496 0.15170069219311699 0.0055593793367734179 0.039477009599067969 0.0087732394167687744 0.012460303783882409 0.0080481040640734136 0.033347502176184207 0.0059390132591943257 0.0074633784424804617 0.016152860946021974 0.011102987104095519 0.003748593862837879 0.064762887282995507 0.02069035838576383 0.1072354031202849 0.022234346950426698 0.0098196083854418248
leaf_count=18286 5 16 9 629 505 967 3 376 204 191 5 262 1569 280 71 40 17 18 101 30 30 17 13 24 65 1098 348 200 33 26
internal_value=-0.00173372 0.0322447 -0.00480916 0.031985 0.0450713 -0.0472482 -0.0209137 0.00886324 0.0463359 0.0274647 -0.0480777 -0.0340438 0.0487422 0.0421038 -0.050163 -0.0504373 0.0502632 0.0500465 -0.0501258 0.0500286 -0.0500207 -0.0500889 0.0500344 -0.0500123 -0.0500511 -0.0500084 -0.0500194 0.0500301 0.0500287 0.0500258
internal_weight=2.73366 1.56518 0.402483 0.217515 1.1627 1.16847 0.110654 0.0546805 1.14441 0.129425 0.184968 0.0182921 1.01498 0.164751 0.181119 0.061852 0.0321029 0.178249 0.0223749 0.850232 0.119267 0.0130228 0.158083 0.106244 0.00968761 0.0965562 0.0317933 0.14193 0.12947 0.0185928
internal_count=25438 5763 2717 902 3046 19675 1389 422 2779 696 1815 267 2083 484 1810 157 46 273 117 1599 1653 88 264 1565 95 1470 372 251 233 43
is_linear=0
shrinkage=0.05


Tree=149
num_leaves=31
num_cat=0
split_feature=9 13 18 2 5 9 7 0 9 7 1 7 9 7 0 9 9 8 7 8 7 8 7 0 1 8 8 8 7 8
split_gain=1.6415 0.248961 0.231948 0.123754 0.0469489 0.0351674 0.0391442 0.051922 0.0195379 0.0948437 0.00880353 0.00432483 0.00229702 0.0359012 1.21777e-06 8.92389e-07 6.95718e-08 4.27022e-08 3.71508e-08 6.4542e-08 1.00714e-08 1.75648e-08 4.24865e-09 1.59417e-09 3.89303e-10 2.40138e-10 1.87048e-10 1.32806e-10 9.27099e-11 6.85136e-11
threshold=-0.53134802822849891 1.0000000180025095e-35 1.0000000180025095e-35 2.740319461670996 8.0461435594711883 -0.71929357792026261 119.50000000000001 0.11812552495011401 -0.26634925049910491 119.50000000000001 11.655418162737622 122.50000000000001 -1.0000000180025095e-35 119.50000000000001 0.23679151610846974 -0.69397300885068869 -0.21171336248670511 194.13802816901412 116.50000000000001 227.14705882352942 198.50000000000003 262.0263157894737 126.50000000000001 1.1744478143752708 2.740319461670996 239.12500000000003 341.27777777777783 179.4531187624751 193.50000000000003 317.16666666666669
decision_type=2 2 2 2 2 2 2 2 2 2 2 2 2 2 2 2 2 2 2 2 2 2 2 2 2 2 2 2 2 2
left_child=5 4 10 16 11 -1 -7 15 9 -6 14 -2 13 -10 -3 -8 -4 27 19 -16 21 -20 23 24 -18 -17 -23 -14 -15 -21
right_child=1 2 3 -5 8 6 7 -9 12 -11 -12 -13 17 28 18 25 22 -19 20 29 -22 26 -24 -25 -26 -27 -28 -29 -30 -31
leaf_value=-0.050002751082463243 -0.050002798812667518 -0.050413118222377366 0.050134136461728186 -0.050003910581576931 -0.050002751494609671 -0.050002754376698266 0.050560945901441147 -0.050002954266760574 -0.050003560430920614 0.050025232085271779 0.050037260645997755 0.050029510795217384 0.050024752040615218 0.050025470376750425 -0.050158043313189606 0.050030219166126148 0.050026052813772551 0.050083225276258594 -0.050077271853121136 -0.050012759661001716 -0.050003054550115923 -0.050018071537442588 0.050054064365839757 0.050042044750288228 0.050034517754569297 0.050019097896952441 -0.050002815064391852 0.050030254108190508 0.050029916718555334 -0.050002977019421316
leaf_weight=1.0040699056880837 0.013964716439659131 0.024428356104181037 0.019184777338523418 0.037719113326602383 0.029912600559327762 0.054124704172864191 0.012858373258495703 0.021507145651412429 0.0096417249333169419 0.11405717083835043 0.0022271933266893021 0.0011711239349097022 0.76639136081212222 0.11570903932442889 0.013428528603981249 0.0091438341187313199 0.093285073409788311 0.032620888174278662 0.014815837152127642 0.0021087437198730194 0.067765816260362044 0.0022833269722468677 0.020835147181060165 0.021977900731144473 0.015897146629868075 0.010345989037887193 0.016722947242669761 0.011126639146823436 0.013045335654169321 0.011833557844511233
leaf_count=18248 251 38 9 634 544 983 3 376 159 227 3 2 1550 228 10 19 182 32 28 19 1191 21 25 34 25 28 300 19 22 204
internal_value=-0.00123669 0.0333981 -0.0024447 0.0319796 0.0451936 -0.0470869 -0.0199732 0.0102065 0.0464052 0.0292424 -0.0486564 -0.0422629 0.0490102 0.0430571 -0.0500894 0.0502376 0.0500444 0.0500272 -0.0500281 -0.0500798 -0.0500142 -0.0500365 0.0500331 0.0500298 0.0500273 0.0500243 -0.0500046 0.0500248 0.0500259 -0.0500045
internal_weight=2.5842 1.47215 0.364513 0.208899 1.10764 1.11205 0.10798 0.0538553 1.0925 0.14397 0.155614 0.0151358 0.948535 0.138396 0.153387 0.0323482 0.17118 0.810139 0.128959 0.0273708 0.101588 0.0338221 0.151995 0.13116 0.109182 0.0194898 0.0190063 0.777518 0.128754 0.0139423
internal_count=25414 5757 2723 909 3034 19657 1409 426 2781 771 1814 253 2010 409 1811 50 275 1601 1773 233 1540 349 266 241 207 47 321 1569 250 223
is_linear=0
shrinkage=0.05


Tree=150
num_leaves=31
num_cat=0
split_feature=9 13 7 1 2 5 9 7 0 9 3 1 6 9 3 6 3 3 9 9 3 8 2 11 3 6 7 8 0 0
split_gain=1.54583 0.262088 0.187315 0.108109 0.0485985 0.0446267 0.0295186 0.0336879 0.0484246 0.019036 0.090714 0.013646 0.00748668 0.00236733 0.0345897 1.28402e-05 2.31501e-06 9.47351e-07 7.27417e-07 5.89224e-08 5.76568e-08 3.60319e-08 2.52806e-08 2.22589e-08 7.16944e-09 5.75039e-09 3.90114e-09 3.94692e-09 3.75405e-09 9.82725e-10
threshold=-0.53134802822849891 1.0000000180025095e-35 129.50000000000003 2.8029010331479989 2.249904835165133 8.0695940463597982 -0.71929357792026261 119.50000000000001 0.11812552495011401 -0.26634925049910491 4.6478001079635041 11.655418162737622 3.2493258900699948 -1.0000000180025095e-35 4.6478001079635041 2.396431878551279 7.4985928023719568 7.4662273925763296 -0.69397300885068869 -0.21171336248670511 7.5898413843865926 194.13802816901412 2.3502401828962087 0.046536796536796543 7.4874537278250921 6.0246153982793045 194.50000000000003 270.04000000000002 1.9603048091329318 1.1744478143752708
decision_type=2 2 2 2 2 2 2 2 2 2 2 2 2 2 2 2 2 2 2 2 2 2 2 2 2 2 2 2 2 2
left_child=6 5 3 4 -3 12 -1 -8 18 10 -7 16 -2 14 -11 -6 17 23 -9 -17 22 -15 -5 -4 29 -22 27 28 -18 -21
right_child=1 2 11 20 15 9 7 8 -10 13 -12 -13 -14 21 -16 19 26 -19 -20 24 25 -23 -24 -25 -26 -27 -28 -29 -30 -31
leaf_value=-0.05000261662160136 0.050027083065341905 -0.050300079167819367 -0.05015036956149263 -0.050076719280808119 0.048430434048553267 -0.050002615225861274 -0.050002618787067535 0.050533331902289605 -0.050002791792068915 -0.050003888155481291 0.05002401954920687 0.050034940444479703 -0.050002677691140252 0.050023609413494929 0.05002458557624706 0.050131694547984489 -0.050060146384133412 -0.050645477569097853 0.050023289293827079 0.050025849636286923 -0.050004064834656803 0.050081171974217069 -0.050234626991303578 -0.050005537338837107 0.050064708192803814 -0.050094494417893057 -0.050002757393267032 -0.050002610655588454 -0.050009845847073325 0.0500420745216563
leaf_weight=0.95814124773460208 0.002154062967747338 0.013079787269816623 0.0077742699140799232 0.0055734504785505123 0.013477369575412013 0.028715362790535215 0.05101697289501339 0.012237777904374525 0.020846115607128013 0.0093299477630350847 0.1076016795122996 0.0034831694210879496 0.014212374975613784 0.7506900120934008 0.1172949803294614 0.016463306325022131 0.0097365605179220438 0.024715667961572763 0.016303544180118479 0.10687521638465114 0.026524584482103819 0.028207637777086347 0.0046488330699503422 0.0040270230347232427 0.014352398691698909 0.0018827748717740169 0.079465108410659013 0.011675536796246888 0.005992153790430165 0.010225677047856152
leaf_count=18306 4 54 6 45 28 549 974 3 385 156 225 5 268 1593 240 8 18 8 42 212 467 29 1 53 13 1 1489 224 72 16
internal_value=-0.00157808 0.0325491 -0.00430433 0.0256384 0.0423956 0.0450857 -0.0472997 -0.0215068 0.00792932 0.0463726 0.0289533 -0.0477504 -0.0368373 0.0489949 0.0426543 0.0499079 -0.0501258 -0.0504695 0.050242 0.0500425 -0.0500467 0.0500257 -0.0501485 -0.0501009 0.0500314 -0.0500101 -0.0500084 -0.0500246 -0.050041 0.0500273
internal_weight=2.47672 1.41818 0.359973 0.213103 0.174474 1.05821 1.05855 0.100404 0.0493874 1.04184 0.136317 0.146869 0.0163664 0.905523 0.126625 0.161394 0.143386 0.036517 0.0285413 0.147917 0.0386296 0.778898 0.0102223 0.0118013 0.131453 0.0284074 0.106869 0.0274043 0.0157287 0.117101
internal_count=25494 5784 2720 845 331 3064 19710 1404 430 2792 774 1875 272 2018 396 277 1870 67 45 249 514 1622 46 59 241 468 1803 314 90 228
is_linear=0
shrinkage=0.05


Tree=151
num_leaves=31
num_cat=0
split_feature=9 13 18 2 9 3 9 7 0 1 9 3 3 9 9 8 2 8 9 4 6 3 0 8 0 7 7 8 8 9
split_gain=1.46657 0.257647 0.217223 0.109896 0.0287506 0.125087 0.0255004 0.0308133 0.0443476 0.0105132 0.00257047 0.0302191 1.71922e-06 9.32504e-07 5.27666e-07 2.67456e-07 4.61295e-08 3.26439e-08 2.43205e-08 1.77732e-08 1.80052e-08 5.69006e-09 4.73194e-09 3.53934e-09 5.60088e-10 2.83574e-10 2.29323e-10 1.10478e-09 9.44743e-11 7.9091e-11
threshold=-0.53134802822849891 1.0000000180025095e-35 1.0000000180025095e-35 2.740319461670996 -0.21171336248670511 4.6478001079635041 -0.71929357792026261 119.50000000000001 0.18981894877374797 11.655418162737622 -1.0000000180025095e-35 4.6478001079635041 7.4985928023719568 1.0000000180025095e-35 -0.68468895303587851 141.03601694915258 2.3502401828962087 194.13802816901412 -0.19294029418538369 7.5019101675073623 3.5805906715287965 7.4874537278250921 0.37202812412846625 254.08333333333334 1.2123139845310107 125.50000000000001 198.50000000000003 208.16666666666671 179.4531187624751 0.44410966791293799
decision_type=2 2 2 2 2 2 2 2 2 2 2 2 2 2 2 2 2 2 2 2 2 2 2 2 2 2 2 2 2 2
left_child=6 4 9 18 5 -2 -1 -8 14 12 11 -6 13 16 -9 -15 -3 28 -4 20 29 24 23 -21 25 -20 27 -24 -12 -14
right_child=1 2 3 -5 10 -7 7 8 -10 -11 17 -13 19 15 -16 -17 -18 -19 21 22 -22 -23 26 -25 -26 -27 -28 -29 -30 -31
leaf_value=-0.050002490437823559 -0.050002488067490504 -0.050005632813498527 0.050092746154692808 -0.050003544710415432 -0.050003896760191319 0.050022826847349038 -0.050002492049223274 0.050476963673112163 -0.050002590170536536 0.050033416371045053 0.050022390186400402 0.05002372217771256 -0.050017771708270688 -0.050686324231809632 0.05002353375999237 -0.050403930251727014 -0.050159408394743615 0.050076852714969658 0.050023151985143281 -0.050069612801077468 -0.050132310106310432 0.050059835437538773 -0.050031461196302252 -0.050002529973178972 0.050035737335889521 0.050030299062409501 -0.050002615844369172 -0.050003382179710225 0.050027164812639281 -0.050003800029825879
leaf_weight=0.91352951031149132 0.040755442980298429 0.0074157999952147993 0.016741499770432711 0.03361038351431489 0.008275534062704426 0.13409405117272399 0.049319259229378298 0.012388221628498286 0.019333109510625945 0.0026643957826308897 0.6933492481475696 0.086193473020102829 0.0013523300731321797 0.014781657817366067 0.01330965971283149 0.019374160561710596 0.014244810241507366 0.028710965358186513 0.091715277056209743 0.0051522389076126274 0.0061903510031697806 0.013296707707922906 0.0042883617425104594 0.0031797422016097698 0.011728968791430816 0.016353352839360014 0.054998288833303377 0.019130696611682652 0.01051752083003521 0.0040356356439588126
leaf_count=18348 819 108 11 625 140 295 990 7 377 4 1550 183 13 6 34 35 11 30 200 31 12 13 12 64 19 28 1085 362 20 69
internal_value=-0.0018659 0.0323626 -0.00522905 0.0317071 0.0451291 0.0267081 -0.0474466 -0.0226992 0.00720416 -0.0484396 0.0490236 0.0412613 -0.0501418 -0.0503634 0.0502421 -0.0505261 -0.0501068 0.0500246 0.0500359 -0.050016 -0.0500741 0.0500288 -0.0500082 -0.050044 0.0500254 0.0500242 -0.0500044 -0.0500085 0.0500225 -0.0500073
internal_weight=2.35003 1.34215 0.340255 0.183446 1.0019 0.174849 1.00788 0.0943503 0.045031 0.156808 0.827047 0.094469 0.154144 0.0558164 0.0256979 0.0341558 0.0216606 0.732578 0.149836 0.0983276 0.0115783 0.133094 0.0867493 0.00833198 0.119798 0.108069 0.0784173 0.0234191 0.703867 0.00538797
internal_count=25501 5745 2708 896 3037 1114 19756 1408 418 1812 1923 323 1808 160 41 41 119 1600 271 1648 94 260 1554 95 247 228 1459 374 1570 82
is_linear=0
shrinkage=0.05


Tree=152
num_leaves=31
num_cat=0
split_feature=9 13 18 2 5 9 7 0 9 4 1 6 9 4 4 0 9 2 6 9 4 2 0 7 6 4 11 0 4 7
split_gain=1.39452 0.238756 0.217551 0.105403 0.0400915 0.0276781 0.0319032 0.0435206 0.0167742 0.080663 0.0123877 0.00809006 0.00196794 0.0297031 1.42147e-06 5.31424e-07 4.78321e-07 4.29159e-07 1.44885e-07 4.68714e-08 4.32259e-08 3.9078e-08 2.19139e-08 1.03313e-08 9.03001e-09 7.23475e-09 1.8623e-08 4.18662e-09 2.58605e-09 1.15443e-09
threshold=-0.53134802822849891 1.0000000180025095e-35 1.0000000180025095e-35 2.740319461670996 8.0695940463597982 -0.71929357792026261 119.50000000000001 0.11812552495011401 -0.26634925049910491 5.0845003501084243 11.655418162737622 3.2493258900699948 -1.0000000180025095e-35 5.0005792898547883 7.0934015215887589 0.1538913039458861 -0.68468895303587851 2.524928003624769 3.6208330082595634 -0.19294029418538369 7.8270413409112187 2.1383330595080281 0.78449347986537321 151.50000000000003 3.5805906715287965 10.061836522390848 0.997102658158731 0.37202812412846625 8.4489143277365244 124.50000000000001
decision_type=2 2 2 2 2 2 2 2 2 2 2 2 2 2 2 2 2 2 2 2 2 2 2 2 2 2 2 2 2 2
left_child=5 4 10 19 11 -1 -7 16 9 -6 14 -2 13 -10 17 -16 -8 18 24 -4 21 -17 -23 -24 -3 -14 -27 28 -22 -21
right_child=1 2 3 -5 8 6 7 -9 12 -11 -12 -13 25 -15 15 20 -18 -19 -20 29 27 22 23 -25 -26 26 -28 -29 -30 -31
leaf_value=-0.050002368831375446 0.050024050308164161 -0.050004585936085137 0.050110164579704901 -0.050003343176692389 -0.050002364676474557 -0.050002370344391346 0.050449692685976134 -0.050002544606209537 -0.050003145882411962 0.050021676581310383 0.050031611657288547 -0.050002431663929418 0.050021404995910158 0.050022282786527685 -0.050427607193223117 -0.050008349214257002 0.050021892315820216 -0.050649415609085181 -0.050392614527864921 0.050023895084539131 -0.050067672990640834 -0.050168023831493429 -0.050115658523297191 -0.050011455058043802 -0.050131277781680916 0.050021399698777051 0.050074997992173013 -0.050006547178282096 -0.050002304612643135 0.050035948933288305
leaf_weight=0.86820708587038109 0.0023895693302617991 0.003047583497391316 0.018935143481940031 0.031839555234910222 0.025462258810875937 0.046682760079420627 0.011901131350896321 0.018376709122094326 0.0079919413365132641 0.096720313100377098 0.0031519057229161254 0.01312157345819287 0.62678527046227828 0.10407543534529395 0.0090960284978791606 0.012488526539527811 0.014488425455056131 0.014131052335869754 0.0081199022024520673 0.10892650077585131 0.0047933641872077706 0.011131208906590473 0.004863488684350159 0.0046556206325476523 0.0026118513196706772 0.053354668198153377 0.023276760795852169 0.072023100998194423 0.0022108579432824627 0.024293595022754744
leaf_count=18332 5 49 11 624 538 985 7 375 150 224 5 273 1469 235 9 203 39 12 6 239 28 11 4 59 1 125 25 1353 48 39
internal_value=-0.00160866 0.0323555 -0.00386447 0.0327251 0.0451353 -0.0472465 -0.0210826 0.00907524 0.0464542 0.0291771 -0.0480615 -0.0345929 0.0490428 0.0428891 -0.0501341 -0.05006 0.0502148 -0.0504558 -0.0502573 0.0500366 -0.0500302 -0.0500782 -0.0501204 -0.0500647 -0.0500631 0.0500232 0.0500377 -0.0500101 -0.050047 0.0500261
internal_weight=2.24915 1.2895 0.336319 0.183995 0.953178 0.959656 0.091449 0.0447663 0.937667 0.122183 0.152324 0.0155111 0.815484 0.112067 0.149173 0.121262 0.0263896 0.0279104 0.0137793 0.152155 0.112166 0.0331388 0.0206503 0.00951911 0.00565943 0.703417 0.0766314 0.0790273 0.00700422 0.13322
internal_count=25483 5745 2701 913 3044 19738 1406 421 2766 762 1788 278 2004 385 1783 1715 46 68 56 289 1706 277 74 63 50 1619 150 1429 76 278
is_linear=0
shrinkage=0.05


Tree=153
num_leaves=31
num_cat=0
split_feature=9 13 18 2 5 9 7 0 9 3 1 3 9 3 0 9 3 11 8 9 3 0 2 7 2 8 0 7 7 8
split_gain=1.34384 0.211163 0.189218 0.099849 0.0379787 0.0237662 0.0285734 0.0398076 0.0152938 0.0682091 0.0117471 0.00769147 0.00253249 0.0369213 6.54196e-07 3.8509e-07 4.71123e-08 3.86367e-08 2.31579e-08 1.78965e-08 4.97848e-09 3.76263e-09 1.64583e-09 9.78248e-10 3.16401e-09 1.04082e-09 4.01939e-10 1.98491e-10 6.38959e-11 5.29164e-11
threshold=-0.53134802822849891 1.0000000180025095e-35 1.0000000180025095e-35 2.740319461670996 8.0695940463597982 -0.71929357792026261 120.50000000000001 0.11812552495011401 -0.3014177459159994 4.6478001079635041 11.655418162737622 4.6478001079635041 -1.0000000180025095e-35 4.6478001079635041 0.23679151610846974 -0.68468895303587851 7.5735311307123743 0.044466403162055343 194.13802816901412 -0.19294029418538369 7.4874537278250921 0.37202812412846625 2.4414009612931857 198.50000000000003 3.8393944990995772 270.04000000000002 1.2123139845310107 125.50000000000001 191.50000000000003 177.27179487179492
decision_type=2 2 2 2 2 2 2 2 2 2 2 2 2 2 2 2 2 2 2 2 2 2 2 2 2 2 2 2 2 2
left_child=5 4 10 19 11 -1 -7 15 9 -6 14 -2 13 -10 -3 -8 17 -16 29 -4 26 22 -18 24 25 -23 27 -21 -15 -14
right_child=1 2 3 -5 8 6 7 -9 12 -11 -12 -13 18 28 16 -17 21 -19 -20 20 -22 23 -24 -25 -26 -27 -28 -29 -30 -31
leaf_value=-0.050002251954491851 -0.050002313445423455 -0.050338350827523408 0.050083906906738321 -0.050003180712715305 -0.050002252747932567 -0.050002253561984171 0.050421699854768291 -0.050002429550192622 -0.050003102470044747 0.050020447374790326 0.050030068927396143 0.050022878921992919 0.050020253441887291 0.050020771741260232 -0.050133168546658495 0.050017181263849846 -0.05000223559820012 -0.050004961989912694 0.050071032259290438 0.050020995231913182 0.050055174324312529 -0.050025731343591145 -0.050060597631315928 -0.050002400526425218 -0.050069030921342156 -0.050002244725879719 0.050032376986633348 0.05002765446846507 0.050024139679629889 0.050023955381640152
leaf_weight=0.82491325983573927 0.012439790763892011 0.019995571798062883 0.015150609309785068 0.030439113590546185 0.021879489137063501 0.044313673326542125 0.01149591346620582 0.017108329368056729 0.0099843987700296566 0.077131351979915053 0.0029982757405377916 0.0022730806376785049 0.62732790689915419 0.1051741354749538 0.016309018159518018 0.012050606499542482 0.0016082560832728623 0.0091866849797952455 0.023327373288339004 0.086882811388932168 0.013325998792424798 0.0065151624730788163 0.0048536946851527318 0.05188006798925926 0.0023958587553352109 0.01709199880133383 0.0099805855425074697 0.012844291864894331 0.01625984106794931 0.0098040865850634873
leaf_count=18310 272 37 11 627 486 983 7 366 201 189 5 5 1550 254 29 36 36 145 27 209 14 24 35 1126 2 381 18 24 34 21
internal_value=-0.00152479 0.0330626 -0.00318425 0.0319746 0.0451285 -0.0474088 -0.0222301 0.00804142 0.0464443 0.0279174 -0.0478158 -0.0345488 0.0487608 0.042422 -0.0500753 0.0502147 -0.0500274 -0.050087 0.0500221 0.0500326 0.0500263 -0.0500094 -0.0500461 -0.0500064 -0.0500143 -0.0500087 0.0500228 0.0500219 0.0500212 0.0500203
internal_weight=2.11694 1.20706 0.301458 0.168623 0.905601 0.909882 0.0849685 0.0406548 0.890889 0.0990108 0.132835 0.0147129 0.791878 0.131418 0.129836 0.0235465 0.109841 0.0254957 0.660459 0.138184 0.123034 0.084345 0.00646195 0.0778831 0.026003 0.0236072 0.109708 0.0997271 0.121434 0.637132
internal_count=25464 5762 2723 903 3039 19702 1392 409 2762 675 1820 277 2087 489 1815 43 1778 174 1598 276 265 1604 71 1533 407 405 251 233 288 1571
is_linear=0
shrinkage=0.05


Tree=154
num_leaves=31
num_cat=0
split_feature=9 13 18 2 9 3 9 7 0 1 9 3 3 9 9 9 11 8 0 1 3 7 7 2 8 0 4 7 8 8
split_gain=1.26344 0.205088 0.190029 0.0948667 0.0259445 0.106721 0.0257047 0.0296939 0.0394344 0.0111948 0.00220327 0.0261876 1.15757e-06 5.57483e-07 4.0777e-07 2.86871e-08 2.68876e-08 2.08122e-08 1.04235e-08 6.22825e-09 4.12361e-09 1.28477e-09 8.80085e-10 2.69808e-09 1.00842e-09 6.88453e-10 1.83742e-10 1.66694e-10 8.78234e-11 6.37966e-11
threshold=-0.53134802822849891 1.0000000180025095e-35 1.0000000180025095e-35 2.740319461670996 -0.21171336248670511 4.6478001079635041 -0.71929357792026261 119.50000000000001 0.11812552495011401 11.655418162737622 -1.0000000180025095e-35 4.6478001079635041 7.4985928023719568 1.0000000180025095e-35 -0.69397300885068869 -0.21171336248670511 0.04083333333333334 194.13802816901412 0.37202812412846625 2.8617925509761908 7.4874537278250921 107.50000000000001 198.50000000000003 3.8393944990995772 270.04000000000002 1.1744478143752708 5.4827179284163234 125.50000000000001 270.04000000000002 179.4531187624751
decision_type=2 2 2 2 2 2 2 2 2 2 2 2 2 2 2 2 2 2 2 2 2 2 2 2 2 2 2 2 2 2
left_child=6 4 9 15 5 -2 -1 -8 14 12 11 -6 13 16 -9 -4 -3 29 19 -14 25 -21 23 24 -20 27 -16 -17 -18 -12
right_child=1 2 3 -5 10 -7 7 8 -10 -11 17 -13 18 -15 26 20 28 -19 22 21 -22 -23 -24 -25 -26 -27 -28 -29 -30 -31
leaf_value=-0.050002145442680918 -0.050002142064139415 -0.050141010012520672 0.050104234462215402 -0.050002733831207992 -0.050003336896877873 0.050019639134821249 -0.050002145627632083 0.050435964851020455 -0.050002308244017205 0.050028603521198291 0.050019271293742056 0.050020394122504822 -0.050104464759195715 -0.050455510415547793 0.050026075862252467 0.050020262091238714 -0.050014393086625177 0.050066140652031514 -0.050024927203828798 -0.050051882874094705 0.050053549038020874 -0.050002081572365457 -0.0500023019914176 -0.050065658406124786 -0.050002168270307339 0.050032127333279081 0.050014695417683275 0.050026500584978942 -0.050002491732095804 0.05002369816416407
leaf_weight=0.78352244941561378 0.035169387228961568 0.0084550737556128297 0.012847075297031552 0.028695963530481094 0.0071663964808976735 0.11033408821094781 0.042578436292388 0.01003928785212338 0.016482021328556584 0.0028521295171231023 0.5964634248812215 0.075322369986679405 0.0044945918743906077 0.029249109284137376 0.0066249623778276145 0.082404104177840054 0.0024415485677309343 0.024717088614124805 0.0068298418082122217 0.0023341971791523974 0.012015505344606936 0.0029089710624248255 0.04862100943500991 0.002279160951729863 0.01693747872923268 0.016544314654311165 0.0076333246252033859 0.012307024357141927 0.004245446267304942 0.0082510838692542166
leaf_count=18283 821 11 8 628 141 282 993 3 371 5 1549 186 8 39 17 206 16 30 25 19 13 70 1106 2 393 33 27 24 88 18
internal_value=-0.00158064 0.0326872 -0.00316136 0.0326158 0.0450822 0.0258436 -0.0471938 -0.0207972 0.00969606 -0.0479516 0.0490142 0.0413306 -0.0501213 -0.050328 0.0501919 0.0500331 -0.0500818 0.0500212 -0.0500126 -0.0500613 0.0500257 -0.0500243 -0.0500063 -0.0500137 -0.0500087 0.0500227 0.05002 0.0500211 -0.0500068 0.0500193
internal_weight=2.02077 1.15389 0.296463 0.164814 0.857424 0.145503 0.86688 0.083358 0.0407796 0.131649 0.71192 0.0824888 0.128796 0.0443912 0.0242976 0.136118 0.0151421 0.629432 0.0844053 0.00973776 0.123271 0.00524317 0.0746675 0.0260465 0.0237673 0.111255 0.0142583 0.0947111 0.00668699 0.604715
internal_count=25415 5721 2694 912 3027 1103 19694 1411 418 1782 1924 327 1777 154 47 284 115 1597 1623 97 276 89 1526 420 418 263 44 230 104 1567
is_linear=0
shrinkage=0.05


Tree=155
num_leaves=31
num_cat=0
split_feature=9 13 7 8 3 5 9 7 0 9 3 1 3 9 3 6 3 3 9 1 9 8 8 11 0 3 7 8 0 7
split_gain=1.19094 0.211833 0.148356 0.0872879 0.0391614 0.0341895 0.025823 0.0285194 0.0382609 0.0130969 0.0690325 0.010629 0.00581777 0.00176761 0.0268276 1.35842e-05 1.07104e-06 4.52915e-07 3.57669e-07 1.8019e-07 2.98737e-08 2.79596e-08 1.6615e-08 1.09041e-08 1.03326e-08 3.45296e-09 2.08483e-09 1.94013e-09 1.76878e-09 1.5076e-10
threshold=-0.53134802822849891 1.0000000180025095e-35 129.50000000000003 141.03601694915258 7.6955305627591644 8.0695940463597982 -0.71929357792026261 119.50000000000001 0.11812552495011401 -0.26634925049910491 4.6478001079635041 11.655418162737622 4.6478001079635041 -1.0000000180025095e-35 4.6478001079635041 2.3320951611866234 7.4985928023719568 7.4662273925763296 -0.69397300885068869 2.1383330595080281 -0.19294029418538369 227.14705882352942 194.13802816901412 0.046536796536796543 0.18981894877374797 7.4874537278250921 198.50000000000003 270.04000000000002 1.9603048091329318 125.50000000000001
decision_type=2 2 2 2 2 2 2 2 2 2 2 2 2 2 2 2 2 2 2 2 2 2 2 2 2 2 2 2 2 2
left_child=6 5 3 4 15 12 -1 -8 18 10 -7 16 -2 14 -11 -3 17 23 -9 -5 -17 -21 -15 -4 -18 29 27 28 -26 -22
right_child=1 2 11 19 -6 9 7 8 -10 13 -12 -13 -14 22 -16 20 24 -19 -20 21 25 -23 -24 -25 26 -27 -28 -29 -30 -31
leaf_value=-0.050002038321573461 -0.050002082049249864 0.048056019480079586 -0.050117049621013703 -0.05033880149250184 -0.050002653079877259 -0.050002036207904423 -0.050002038204074041 0.050414549884799265 -0.050002197352582801 -0.050002665425256158 0.050018687715031152 0.050027207237692509 0.050021092505546809 0.050018386966232703 0.05001917953285015 0.050097471465199772 -0.050103997732742926 -0.050500826142584693 0.050018858034174662 -0.050110841111003918 0.050019054321614236 -0.050003032984973175 0.050063821491635796 -0.050004141920308921 -0.050045577124305497 0.050049554705317627 -0.050002164145109988 -0.050002035090844443 -0.05000757226514585 0.050024715510458596
leaf_weight=0.74510757291500329 0.010887818098126223 0.0093772133986931294 0.0060588347769225948 0.0069700784442829891 0.010625444137986051 0.021467600636242423 0.03959975386169412 0.0095536202134098858 0.015918280507321469 0.0072202016526716753 0.087828081188490614 0.0027131032547913483 0.0016777903656475255 0.57668427113094367 0.093761912285117432 0.01551479275804013 0.0028351736727927337 0.019344394338986604 0.014198393240803853 0.010752837246400304 0.078413444251054898 0.01364662627747748 0.020849360938882455 0.0033047000524675241 0.0086219631084532011 0.010987928602844477 0.061172781679488253 0.0089815631181409117 0.0047471270554524389 0.013834955752827227
leaf_count=18278 264 23 6 4 239 527 971 3 376 159 236 5 4 1571 246 10 12 8 46 31 208 301 26 58 19 13 1468 221 74 29
internal_value=-0.00160641 0.032245 -0.00465495 0.0252094 0.0422387 0.0451946 -0.0471156 -0.0199847 0.00997925 0.0464677 0.0303729 -0.0477917 -0.0366467 0.048986 0.0428676 0.0498881 -0.0500981 -0.0503627 0.050178 -0.0501146 0.0500328 -0.0500505 0.05002 -0.0500772 -0.0500101 0.0500231 -0.0500069 -0.05002 -0.0500321 0.0500199
internal_weight=1.93266 1.10828 0.287903 0.170123 0.138754 0.820377 0.824378 0.07927 0.0396703 0.807811 0.109296 0.11778 0.0125656 0.698516 0.100982 0.128128 0.115067 0.0287079 0.023752 0.0313695 0.118751 0.0243995 0.597534 0.00936353 0.0863586 0.103236 0.0835234 0.0223507 0.0133691 0.0922484
internal_count=25436 5762 2729 858 522 3033 19674 1396 425 2765 763 1871 268 2002 405 283 1866 72 49 336 260 332 1597 64 1794 250 1782 314 93 237
is_linear=0
shrinkage=0.05


Tree=156
num_leaves=31
num_cat=0
split_feature=9 13 18 2 5 9 3 3 9 7 0 1 9 8 3 3 9 2 8 0 9 3 3 0 8 7 2 8 0 0
split_gain=1.16077 0.193052 0.159884 0.0835306 0.0326115 0.0127824 0.0774909 0.0108188 0.0105046 0.0148626 0.0270456 0.010121 0.000771625 0.00810979 0.00526152 6.38217e-07 5.32375e-07 2.29687e-08 1.38191e-08 7.10696e-09 6.28083e-09 5.04996e-09 3.07539e-09 2.22075e-09 1.69023e-09 5.40066e-10 2.07836e-09 5.10794e-10 2.8867e-10 9.9868e-11
threshold=-0.53134802822849891 1.0000000180025095e-35 1.0000000180025095e-35 2.740319461670996 8.105272220662707 -0.19294029418538369 4.6478001079635041 4.6478001079635041 -0.70688395170678076 119.50000000000001 0.18981894877374797 11.655418162737622 -1.0000000180025095e-35 152.05000000000004 4.886575525404063 7.4985928023719568 0.38459858393803353 2.3502401828962087 194.13802816901412 0.18981894877374797 -0.16900152081477324 7.5735311307123743 7.4874537278250921 0.37202812412846625 254.08333333333334 194.50000000000003 3.8393944990995772 270.04000000000002 1.2123139845310107 0.062312229280192734
decision_type=2 2 2 2 2 2 2 2 2 2 2 2 2 2 2 2 2 2 2 2 2 2 2 2 2 2 2 2 2 2
left_child=8 4 11 20 7 6 -6 -2 -1 -10 29 15 13 14 -7 16 17 -3 -14 -17 -4 -21 28 24 -23 26 27 -25 -22 -11
right_child=1 2 3 -5 5 12 -8 -9 9 10 -12 -13 18 -15 -16 19 -18 -19 -20 21 22 23 -24 25 -26 -27 -28 -29 -30 -31
leaf_value=-0.050001941417289475 -0.050001987696301965 -0.050004032584660733 0.050061655689796508 -0.050002572562725611 -0.050001939849504379 -0.050003829200974403 0.050017842637686216 0.050019601666479147 -0.050001938437191251 0.050014191090040905 -0.0500019516942685 0.050025880341505513 0.050017476723545 0.050018252788228613 0.050020897108288803 -0.050089084708863064 -0.050459596004116702 -0.050119964594529914 0.050059320398056641 -0.050071369415041117 0.05001862971171283 -0.050057247429198551 0.050048764345166023 -0.050019782161950854 -0.050001903080385851 -0.050002042369022143 -0.050059404066239759 -0.050001929968137349 0.050028414715294227 0.050022892246452136
leaf_weight=0.71281234966590989 0.011836402110929845 0.0067924803042842532 0.01133757465868257 0.025630968597397441 0.023497540150856366 0.0035541823890525839 0.11011088502709754 0.0035038181231357166 0.035186503751902132 0.007337385744904168 0.013713153166463599 0.0025808504433371118 0.54998108779545873 0.053710528067313135 0.0020865738042630255 0.003001508735906099 0.018054207996101468 0.011515458649228094 0.02046581165632233 0.0032744651798566329 0.082765825849492103 0.0037934384199616025 0.0099753203976433724 0.0054818514472572124 0.002167975533666322 0.043975786727969535 0.0020625560428015879 0.014891454407916171 0.0082925494643859565 0.0059897280880250037
leaf_count=18372 301 132 15 624 606 68 310 9 908 27 352 5 1576 148 5 20 15 14 28 20 226 25 12 26 57 1113 2 386 17 18
internal_value=-0.00201752 0.0326488 -0.00505612 0.0314481 0.045024 0.0464745 0.0324275 -0.0271563 -0.0482821 -0.0285806 -0.000705891 -0.0478963 0.0494545 0.0440286 -0.0130037 -0.0500937 -0.0502669 -0.050077 0.050019 -0.0500136 0.0500264 -0.0500106 0.0500224 -0.0500079 -0.0500371 -0.0500053 -0.0500116 -0.0500067 0.0500195 0.0500181
internal_weight=1.80938 1.03434 0.255594 0.138002 0.778747 0.763407 0.133608 0.0153402 0.775039 0.0622268 0.0270403 0.117592 0.629798 0.0593513 0.00564076 0.115011 0.0363621 0.0183079 0.570447 0.078649 0.112371 0.0756475 0.101034 0.0723731 0.00596141 0.0664116 0.0224359 0.0203733 0.0910584 0.0133271
internal_count=25437 5760 2709 894 3051 2741 916 310 19677 1305 397 1815 1825 221 73 1810 161 146 1604 1649 270 1629 255 1609 82 1527 414 412 243 45
is_linear=0
shrinkage=0.05


Tree=157
num_leaves=31
num_cat=0
split_feature=9 13 7 8 2 5 9 7 0 9 4 1 4 9 4 4 9 0 1 8 4 9 8 11 7 7 4 7 8 6
split_gain=1.08191 0.189856 0.130075 0.0787682 0.0355078 0.0318855 0.0254485 0.0272993 0.0360637 0.0125429 0.0631564 0.00961103 0.00520137 0.00163006 0.0242478 7.58945e-07 3.55178e-07 2.67845e-07 1.33798e-07 2.03363e-08 1.7033e-08 1.43398e-08 1.2674e-08 8.50614e-09 6.88261e-10 1.25414e-09 6.42897e-10 4.43099e-10 2.17447e-10 1.95607e-10
threshold=-0.53134802822849891 1.0000000180025095e-35 129.50000000000003 141.03601694915258 2.8029010331479989 8.0695940463597982 -0.71929357792026261 119.50000000000001 0.11812552495011401 -0.26634925049910491 5.0845003501084243 11.655418162737622 5.0271592211193568 -1.0000000180025095e-35 5.0005792898547883 7.0934015215887589 -0.69397300885068869 0.1538913039458861 2.1383330595080281 227.14705882352942 7.6133230286147189 -0.21171336248670511 194.13802816901412 0.044466403162055343 198.50000000000003 193.50000000000003 7.3808759299945494 124.50000000000001 270.04000000000002 2.1906589903534486
decision_type=2 2 2 2 2 2 2 2 2 2 2 2 2 2 2 2 2 2 2 2 2 2 2 2 2 2 2 2 2 2
left_child=6 5 3 4 21 12 -1 -8 16 10 -7 15 -2 14 -11 -4 -9 -17 -5 -20 23 -3 -15 -19 25 28 27 -23 29 -22
right_child=1 2 11 18 -6 9 7 8 -10 13 -12 -13 -14 22 -16 17 -18 20 19 -21 24 26 -24 -25 -26 -27 -28 -29 -30 -31
leaf_value=-0.050001842851229217 -0.050001875405999076 0.050089145508951993 -0.050461436705946799 -0.050306322717496556 -0.050002458206301947 -0.050001841783446889 -0.050001846962153457 0.050417219846981547 -0.050002001726055151 -0.050002762053603836 0.050016935457633929 0.050024616327866048 0.050018789184014249 0.050016624656786128 0.050017346914916376 -0.050335973973928506 0.050016887259531323 -0.05009727788889045 -0.050098700220640592 -0.050002357377386834 -0.050001834684105774 0.050017845669709293 0.050057008547671235 -0.050010684272711561 -0.050001943779895176 -0.050046441172238526 0.050030941562176051 0.050026757515017374 -0.050001857159981004 -0.050019483247328245
leaf_weight=0.67731200099660771 0.0101025653639224 0.0083586559630930424 0.012096344795281766 0.0063099548424361265 0.0096259233760065399 0.019793366176600102 0.03638988962484313 0.0094785697001498193 0.014816433147643693 0.00653374633839121 0.077901811484480277 0.0024550413945689789 0.001491732895374299 0.52714943839237094 0.083482533344067633 0.0070246583200059822 0.013335086754523218 0.0083390132822387386 0.0098930244712391868 0.012271853240235941 0.0022746735121472739 0.073356758337467909 0.020171801385004073 0.0042974655843863738 0.052949534325307468 0.002468463768309447 0.014318615605589002 0.017222398862941191 0.0073656358108564746 0.0050681594220804982
leaf_count=18362 271 6 32 4 237 537 986 3 387 154 231 5 4 1588 242 7 48 36 34 305 62 212 29 71 1409 13 28 37 199 19
internal_value=-0.00159901 0.032403 -0.004782 0.0248272 0.0421904 0.0451377 -0.0469598 -0.0191239 0.0107364 0.0464354 0.0297528 -0.047734 -0.0371331 0.0489926 0.0427575 -0.0500896 0.0501832 -0.0500396 -0.0501032 -0.0500454 -0.0500144 0.0500261 0.0500181 -0.0500678 -0.0500048 -0.0500135 0.0500211 0.0500195 -0.0500079 -0.050014
internal_weight=1.75366 1.00232 0.255696 0.151357 0.122882 0.746627 0.751332 0.07402 0.0376301 0.735033 0.0976952 0.104339 0.0115943 0.637338 0.0900163 0.101884 0.0228137 0.0897876 0.0284748 0.0221649 0.0827629 0.113256 0.547321 0.0126365 0.0701265 0.0171769 0.104898 0.0905792 0.0147085 0.00734283
internal_count=25558 5772 2716 863 520 3056 19786 1424 438 2781 768 1853 275 2013 396 1848 51 1816 343 339 1809 283 1617 107 1702 293 277 249 280 81
is_linear=0
shrinkage=0.05


Tree=158
num_leaves=31
num_cat=0
split_feature=9 13 18 1 5 9 7 0 9 3 1 3 9 3 3 9 9 9 2 8 7 3 7 8 0 7 8 9 7 8
split_gain=1.04532 0.171846 0.153487 0.0766767 0.0293019 0.0212815 0.0239462 0.0330732 0.0116956 0.0586679 0.00916196 0.00608846 0.00137467 0.0222793 6.15893e-07 3.23653e-07 2.81053e-07 1.87718e-08 1.59073e-08 1.03546e-08 3.80873e-09 2.27442e-09 7.84198e-10 2.29314e-09 3.72406e-10 9.08394e-11 3.59091e-11 3.0472e-11 2.33775e-11 2.06276e-11
threshold=-0.53134802822849891 1.0000000180025095e-35 1.0000000180025095e-35 3.1567740231385479 8.0695940463597982 -0.71929357792026261 119.50000000000001 0.11812552495011401 -0.26634925049910491 4.6478001079635041 11.655418162737622 4.6478001079635041 -1.0000000180025095e-35 4.6478001079635041 7.4985928023719568 1.0000000180025095e-35 -0.68468895303587851 -0.21171336248670511 2.3502401828962087 194.13802816901412 81.500000000000014 7.4874537278250921 194.50000000000003 262.0263157894737 1.1744478143752708 125.50000000000001 179.4531187624751 -0.59407388159076946 193.50000000000003 288.05882352941182
decision_type=2 2 2 2 2 2 2 2 2 2 2 2 2 2 2 2 2 2 2 2 2 2 2 2 2 2 2 2 2 2
left_child=5 4 10 17 11 -1 -7 16 9 -6 14 -2 13 -10 15 18 -8 -4 29 26 -16 24 23 -22 25 -19 -14 -18 -15 -3
right_child=1 2 3 -5 8 6 7 -9 12 -11 -12 -13 19 28 20 -17 27 21 -20 -21 22 -23 -24 -25 -26 -27 -28 -29 -30 -31
leaf_value=-0.050001754511289923 -0.050001800913510488 -0.050009200481573174 0.050088616549148736 -0.050002349616271008 -0.050001753350215075 -0.050001755115024166 0.05039264591724707 -0.050001907230597747 -0.050002299987600654 0.050016045742486394 0.050023415291109589 0.050018209669278529 0.05001577354413296 0.050016222040999071 -0.050063619056449786 -0.050372683330563287 0.050019481909086894 0.050016469766015696 -0.050113105179079756 0.050054406698070798 -0.050036576129796596 0.050043836384959101 -0.050001866612554825 -0.050002061982531022 0.050026457176847283 0.050021597044294389 0.050019438597737997 0.050014208118971705 0.050018969238833901 -0.050002044492745992
leaf_weight=0.64414121389927459 0.009618986994610168 0.0013927786822023345 0.011489005468320101 0.023245139367645606 0.018372273101704195 0.034612426094099646 0.0091038954997202381 0.013972860982903512 0.0059697181241062927 0.072596322512254119 0.0023353622527793041 0.0018073950777761647 0.49558332868036814 0.074034901801496744 0.0029876529188186387 0.02397352871230396 0.0053495082829613239 0.065110098978038877 0.0099661661297432147 0.018012036802247167 0.0072246933268615967 0.0098388553305994719 0.041955069911637111 0.014414334000321105 0.012543813383672386 0.0099599930399563164 0.0067745399428531519 0.0056129077420337126 0.0086484957719221711 0.0036361678012326593
leaf_count=18359 270 12 8 624 524 986 5 383 153 227 5 5 1572 229 31 37 20 200 11 27 25 13 1170 401 31 24 18 20 23 92
internal_value=-0.00139864 0.0328986 -0.00368012 0.0324377 0.0452424 -0.0471813 -0.0207173 0.00906028 0.0465388 0.0298162 -0.0479335 -0.0341809 0.0490367 0.0432814 -0.0501008 -0.0502587 0.0501873 0.0500282 -0.0500765 0.0500172 -0.0500084 0.050021 -0.0500059 -0.0500136 0.0500185 0.0500172 0.0500158 0.0500168 0.0500165 -0.050004
internal_weight=1.66428 0.951491 0.240073 0.132187 0.711418 0.712793 0.0686516 0.0340392 0.699992 0.0909686 0.107886 0.0114264 0.609023 0.0886531 0.10555 0.0389686 0.0200663 0.108942 0.0149951 0.52037 0.0665818 0.0974528 0.0635941 0.021639 0.0876139 0.0750701 0.502358 0.0109624 0.0826834 0.00502895
internal_count=25505 5732 2684 900 3048 19773 1414 428 2773 751 1784 275 2022 405 1779 152 45 276 115 1617 1627 268 1596 426 255 224 1590 40 252 104
is_linear=0
shrinkage=0.05


Tree=159
num_leaves=31
num_cat=0
split_feature=9 13 18 2 5 9 3 9 7 0 1 3 9 3 9 0 4 2 6 3 9 11 8 0 6 3 7 8 7 4
split_gain=1.01871 0.152384 0.146945 0.0745894 0.0291173 0.011262 0.0573221 0.00963127 0.0128557 0.0229252 0.00703028 0.00386734 0.0015294 0.0225445 0.00012958 0.000341178 5.68421e-07 1.47373e-07 4.83657e-08 1.90425e-08 1.57415e-08 1.29234e-08 9.68046e-09 5.01946e-09 3.05798e-09 1.96096e-09 6.62002e-10 2.13157e-09 3.29285e-10 8.81693e-11
threshold=-0.53134802822849891 1.0000000180025095e-35 1.0000000180025095e-35 2.740319461670996 8.0695940463597982 -0.26634925049910491 4.6478001079635041 -0.69397300885068869 119.50000000000001 0.11812552495011401 11.655418162737622 4.6478001079635041 -1.0000000180025095e-35 4.6478001079635041 -0.70688395170678076 0.027987511925603333 7.0934015215887589 2.524928003624769 3.6208330082595634 7.4985928023719568 -0.21171336248670511 0.044466403162055343 194.13802816901412 0.18981894877374797 3.5805906715287965 7.4874537278250921 198.50000000000003 270.04000000000002 97.500000000000014 5.4827179284163234
decision_type=2 2 2 2 2 2 2 2 2 2 2 2 2 2 2 2 2 2 2 2 2 2 2 2 2 2 2 2 2 2
left_child=7 4 10 20 11 6 -6 14 -9 29 16 -2 13 -7 -1 -16 17 18 24 21 -4 -18 -14 -21 -3 28 27 -25 -22 -10
right_child=1 2 3 -5 5 12 -8 8 9 -11 -12 -13 22 -15 15 -17 19 -19 -20 23 25 -23 -24 26 -26 -27 -28 -29 -30 -31
leaf_value=-0.050001671061253798 -0.05000171684282026 -0.050003576413616579 0.05008130808223419 -0.050002332272435127 -0.050001668579874869 -0.05000247475351656 0.050015311842948162 -0.050001668548048966 0.050020272545120481 -0.05000175740069928 0.050022395854442583 0.050018137631641084 0.050015052451034582 0.050015703066128861 -0.015881152009966641 -0.050001728065057816 -0.050105166696934357 -0.05045599236391806 -0.050273987832546697 -0.050076860816733307 0.050027727097724628 -0.050002899780152481 0.050050975421087177 -0.050035713770364809 -0.050092450953099166 0.050040867053071564 -0.050001755931017057 -0.050001690518311152 0.050016424487316413 0.050011484902804396
leaf_weight=0.61382774903540849 0.0089894061711675022 0.0020392856349644717 0.011649144638795406 0.022535519598022802 0.017943196180567611 0.0060803663036494973 0.071056309127015993 0.028117375928559341 0.0051365328981773928 0.011358070005371701 0.0017863833054434499 0.0010828712547663608 0.47396300372201949 0.076762211101595312 0.0010125554254045701 0.0026501719657971989 0.0097031465375039261 0.010016693569923518 0.005774963270596345 0.0025775381036510217 0.00701488327467814 0.0045320733988774018 0.019526524905813858 0.0068268923423602237 0.0018422267166897655 0.0098750428296625614 0.039047135887813056 0.014134917078990838 0.079180128872394562 0.0064245000394294038
leaf_count=18382 265 45 9 629 538 159 233 843 17 337 4 3 1577 246 21 77 17 12 7 20 18 104 31 23 1 14 1150 421 247 29
internal_value=-0.00142365 0.0331858 -0.00210603 0.0327203 0.0451275 0.0464048 0.0298509 -0.0482204 -0.0273453 0.000449673 -0.0482623 -0.0392486 0.0489612 0.0426747 -0.0499457 -0.0405691 -0.0500818 -0.0503216 -0.0501822 -0.0500204 0.0500264 -0.0500726 0.0500165 -0.0500085 -0.0500458 0.0500198 -0.0500056 -0.0500128 0.0500173 0.0500154
internal_weight=1.57247 0.90394 0.228536 0.130255 0.675404 0.665332 0.0889995 0.668527 0.0510365 0.0229191 0.0982813 0.0100723 0.576332 0.0828426 0.61749 0.00366273 0.0964949 0.0196732 0.00965648 0.0768217 0.107719 0.0142352 0.49349 0.0625865 0.00388151 0.0960701 0.0600089 0.0209618 0.086195 0.011561
internal_count=25479 5773 2721 917 3052 2784 771 19706 1226 383 1804 268 2013 405 18480 98 1800 65 53 1735 288 121 1608 1614 46 279 1594 444 265 46
is_linear=0
shrinkage=0.05


Tree=160
num_leaves=31
num_cat=0
split_feature=8 11 7 3 19 16 1 18 0 1 3 8 3 8 7 11 7 8 1 8 0 8 11 0 6 3 7 7 8 6
split_gain=0.732468 0.204497 0.300729 0.133618 0.0298662 0.026936 0.0267074 0.0166692 0.0257177 0.00812592 5.24365e-07 1.33214e-07 3.62653e-07 1.23343e-08 9.05901e-09 3.39648e-09 2.57941e-09 2.48912e-09 1.12447e-09 9.92533e-10 3.39367e-10 3.61094e-11 1.90821e-10 3.32065e-11 2.11044e-11 1.86056e-11 4.09965e-11 2.30821e-11 3.40982e-11 1.95051e-11
threshold=259.0384615384616 0.26666666666666672 94.500000000000014 7.4662273925763296 1.0000000180025095e-35 1.0000000180025095e-35 9.9394336746564438 1.0000000180025095e-35 1.5781651660286891 11.655418162737622 7.4985928023719568 247.02307692307696 4.886575525404063 194.13802816901412 97.500000000000014 0.033908045977011504 199.50000000000003 138.08536585365854 2.740319461670996 152.05000000000004 0.87143255600161618 265.04409317803669 0.046536796536796543 1.199365564352278 3.7540968051196413 5.2548844000372066 122.50000000000001 127.50000000000001 135.64166666666668 3.2987906904007489
decision_type=2 2 2 2 2 2 2 2 2 2 2 2 2 2 2 2 2 2 2 2 2 2 2 2 2 2 2 2 2 2
left_child=1 2 15 4 5 11 21 9 -9 10 -5 14 -13 -3 -4 -1 20 -6 23 -19 -12 22 -2 25 -10 26 -16 28 -27 -29
right_child=6 13 3 7 17 -7 -8 8 24 -11 16 12 -14 -15 18 -17 -18 19 -20 -21 -22 -23 -24 -25 -26 27 -28 29 -30 -31
leaf_value=-0.050001616392235798 -0.050001590543084146 0.050014288852465262 0.050056026065974701 -0.05035146049601117 -0.050088459113797106 -0.050209811890320012 0.050018887474856125 0.050033553959339928 -0.050001834768692348 0.050021187309301413 -0.050045059808432671 0.050393586408082475 0.050014834214985718 0.050066749980931927 0.050018495732417512 -0.050058352571474056 -0.050001774932275714 -0.050062469389598074 0.050034977090193195 -0.050006974564361928 -0.050025070150881729 -0.050001597227825836 -0.050023201353576678 0.050018729344708315 -0.050008403338027002 0.050014556075142103 0.050014426075072907 0.050018805454571817 0.050018502842158911 0.050015795450769923
leaf_weight=0.17267034533142578 0.0063214030342351171 0.41929970527417026 0.014794074755627662 0.017874707908049459 0.0047890423993521836 0.0068676613191200877 0.0067602644558064631 0.013782095105852932 0.010653781024302589 0.0021132146648596964 0.0038645009954052512 0.0090755546989385039 0.020815931507968344 0.011511778167914599 0.0064835872763069338 0.0026787685856106682 0.022116680622275453 0.0014584349373762961 0.0073092221573460838 0.001800273013941478 0.0047122570504143368 0.51618476993462536 0.0012183381968497997 0.0059713111259043208 0.0013814065896440306 0.047776742198038846 0.13586905066040345 0.0084720974555239081 0.0061804681026842436 0.014756667340407148
leaf_count=5412 199 1469 24 7 11 28 21 24 321 5 9 5 72 9 22 22 668 4 19 37 32 16224 8 18 22 165 473 23 18 47
internal_value=-0.00144477 0.0242788 0.00390695 0.0295304 0.0449212 0.0476093 -0.048727 -0.0293017 0.00339992 -0.04596 -0.0501362 0.0500301 0.0501298 0.0500157 0.0500181 -0.0500025 -0.0500108 -0.0500655 0.0500157 -0.0500318 -0.0500341 -0.0500016 -0.0500051 0.0500151 -0.0500026 0.050015 0.0500146 0.0500156 0.050015 0.0500169
internal_weight=1.50556 0.975079 0.544268 0.368919 0.29242 0.284372 0.530485 0.0764986 0.0258173 0.0506814 0.0485681 0.277505 0.0298915 0.430811 0.247613 0.175349 0.0306934 0.00804775 0.232819 0.00325871 0.00857676 0.523725 0.00753974 0.22551 0.0120352 0.219539 0.142353 0.077186 0.0539572 0.0232288
internal_count=25418 8966 7488 2054 966 914 16452 1088 367 721 716 886 77 1478 809 5434 709 52 785 41 41 16431 207 766 343 748 495 253 183 70
is_linear=0
shrinkage=0.05


Tree=161
num_leaves=31
num_cat=0
split_feature=9 13 18 2 5 9 7 0 9 3 3 1 9 7 3 4 9 2 3 9 2 0 8 0 3 7 8 0 7 7
split_gain=0.899214 0.132803 0.126757 0.0678008 0.0257125 0.0205047 0.022481 0.0286372 0.0096036 0.0569234 0.00665478 0.00635337 0.000733757 0.0103567 0.000894365 3.45112e-07 2.75861e-07 1.56218e-07 1.36855e-08 1.20185e-08 9.84054e-09 3.78725e-09 3.54927e-09 1.66541e-09 1.45546e-09 5.46256e-10 1.56445e-09 2.3078e-10 4.68772e-11 2.7426e-11
threshold=-0.53134802822849891 1.0000000180025095e-35 1.0000000180025095e-35 2.740319461670996 8.105272220662707 -0.71929357792026261 119.50000000000001 0.11812552495011401 -0.21171336248670511 4.6478001079635041 4.6478001079635041 11.655418162737622 -1.0000000180025095e-35 131.50000000000003 4.4942230200312032 7.0934015215887589 -0.70688395170678076 2.524928003624769 7.4985928023719568 -0.21171336248670511 2.3502401828962087 0.18981894877374797 194.13802816901412 0.61716177437609454 7.4874537278250921 198.50000000000003 267.48845327604732 1.1744478143752708 125.50000000000001 129.50000000000003
decision_type=2 2 2 2 2 2 2 2 2 2 2 2 2 2 2 2 2 2 2 2 2 2 2 2 2 2 2 2 2 2
left_child=5 4 11 19 10 -1 -7 16 9 -6 -2 15 13 14 -10 17 -8 23 20 -4 -17 -20 -14 -3 27 26 -23 28 -21 -18
right_child=1 2 3 -5 8 6 7 -9 12 -11 -12 -13 22 -15 -16 18 29 -19 21 24 -22 25 -24 -25 -26 -27 -28 -29 -30 -31
leaf_value=-0.050001510749664593 -0.050001545007234041 -0.050068190289506466 0.050075852749146582 -0.050002124233843842 -0.050001509156900187 -0.050001512372977189 0.05040487524070212 -0.05000164094428601 -0.050001787024451676 0.050013830403520754 0.050014752123980523 0.050020261634046874 0.050013620522598015 0.050014325759072997 0.0045303430943586988 -0.050003275629817871 0.050016782147371958 -0.050413544527226045 -0.05007104344924862 0.050014278511324298 -0.050094888162758866 -0.050031479588615341 0.050040011934388985 -0.050003288212859855 0.050037758024537415 -0.050001596909797608 -0.050001764781941974 0.050022499126391853 0.050018206652664349 0.050011646548400512
leaf_weight=0.55292118828401726 0.0088062809936673148 0.0020536647280096085 0.010088552953675389 0.020607249394743121 0.017320848561212188 0.0297259859071346 0.0079679070040583611 0.011651793074634043 0.0028043811325915149 0.079633585002738982 0.0020503902342170486 0.0016164538101293138 0.4299823397595901 0.048382935288827866 0.0010273157167830504 0.0043925561894866414 0.0049560360057512298 0.0090446553476795088 0.002282526276758289 0.056388843353488483 0.0088108403724618256 0.0067582291085273019 0.013128531631082296 0.0019055833563470514 0.0085068410844542086 0.035311460447701393 0.012854989816332818 0.011468745011370629 0.0087771934340707958 0.0054678314627381042
leaf_count=18309 288 14 8 634 574 983 1 372 82 289 7 4 1581 170 10 109 21 11 18 200 14 24 26 45 13 1146 416 33 25 24
internal_value=-0.00136191 0.0334121 -0.00180043 0.0322298 0.0451392 -0.0469942 -0.0191735 0.0113286 0.046537 0.0321462 -0.0311125 -0.0481596 0.0493538 0.0437477 -0.0353812 -0.0500622 0.0501834 -0.0502989 -0.0500185 0.0500243 -0.0500644 -0.0500079 0.0500144 -0.050037 0.0500181 -0.0500053 -0.050012 0.050016 0.0500148 0.0500141
internal_weight=1.4167 0.804005 0.200868 0.115837 0.603137 0.612691 0.0597696 0.0300436 0.59228 0.0969544 0.0108567 0.085031 0.495326 0.0522146 0.0038317 0.0834145 0.0183918 0.0130039 0.0704106 0.0952302 0.0132034 0.0572072 0.443111 0.00395925 0.0851416 0.0549247 0.0196132 0.0766348 0.065166 0.0104239
internal_count=25451 5741 2714 913 3027 19710 1401 418 2732 863 295 1801 1869 262 92 1797 46 70 1727 279 123 1604 1607 59 271 1586 440 258 225 45
is_linear=0
shrinkage=0.05


Tree=162
num_leaves=31
num_cat=0
split_feature=9 13 7 8 0 5 9 3 9 7 0 9 3 9 3 9 7 0 0 3 3 11 8 9 11 0 8 3 7 8
split_gain=0.865945 0.13985 0.108756 0.0558347 0.0268381 0.0251517 0.0095137 0.0426474 0.00758107 0.00925666 0.0141907 0.0074836 0.00722023 0.00166671 0.0235846 0.000784821 0.00148436 0.00491079 9.61223e-06 3.79083e-07 1.50321e-07 7.11717e-08 6.3237e-09 4.9477e-09 3.69622e-09 3.67449e-09 3.3827e-09 1.29398e-09 7.09733e-10 7.16866e-10
threshold=-0.53134802822849891 1.0000000180025095e-35 129.50000000000003 141.03601694915258 2.0585572677438591 8.105272220662707 -0.3014177459159994 4.6478001079635041 -0.64496489641977461 119.50000000000001 0.18981894877374797 4.1796846060151642 4.6478001079635041 -1.0000000180025095e-35 4.6478001079635041 -0.70688395170678076 120.50000000000001 0.21268076983716125 1.2123139845310107 7.4985928023719568 7.4662273925763296 0.10555555555555557 197.13358778625957 -0.19294029418538369 0.046536796536796543 0.18981894877374797 227.14705882352942 7.4874537278250921 198.50000000000003 267.48845327604732
decision_type=2 2 2 2 2 2 2 2 2 2 2 2 2 2 2 2 2 2 2 2 2 2 2 2 2 2 2 2 2 2
left_child=8 5 3 4 18 12 7 -7 15 -10 -11 19 -2 14 -8 -1 -17 -18 23 20 24 26 -15 -3 -4 -21 -5 -25 29 -27
right_child=1 2 11 21 -6 6 13 -9 9 10 -12 -13 -14 22 -16 16 17 -19 -20 25 -22 -23 -24 27 -26 28 -28 -29 -30 -31
leaf_value=-0.050001437752656086 -0.050001458908448641 0.050054963768719651 -0.050083925659034745 -0.05005296583381285 -0.050001892688450261 -0.050001435234223179 -0.050002070408450797 0.050013058433250414 -0.050001436588843609 0.050014617801773902 -0.050001435151745023 0.050019167496988551 0.050014295769827237 0.050012947833895351 0.050013574732822988 -0.050001440333668656 0.050009906512478414 -0.050001465751468036 0.048068553508373621 -0.050074237095571697 -0.05035138564674916 -0.05023982769615061 0.050046015472983429 0.050013948459364313 -0.050003043838973353 -0.050023443742709298 -0.050002178382930897 0.050035395182918732 -0.050001494781342672 -0.050001835339341216
leaf_weight=0.52905103104603768 0.0088230262335855514 0.0092340079718269408 0.0041929104991140767 0.0049677238639560537 0.0072607211150170761 0.013664147627423517 0.0063916078033798831 0.04846057144459337 0.016161984340214985 0.0079125743213808164 0.0064273880070686582 0.0019121906661894164 0.0022684292925987401 0.4083055907394737 0.075754848978249356 0.010383833898231387 0.0018005337478825814 0.0038561419496545568 0.0068162004463374606 0.0019726565151358946 0.013705992761970265 0.0048896073640207751 0.014988619048381224 0.067446239656419493 0.0021301349170244066 0.0087543976787856082 0.00964249794560601 0.0078518678201362491 0.042438058662810363 0.0068349145258252983
leaf_count=18407 304 10 5 28 230 476 198 186 563 33 224 5 8 1579 281 361 10 132 19 11 9 3 26 247 52 87 301 13 1453 231
internal_value=-0.00181008 0.0325638 -0.00347378 0.0272332 0.0425207 0.0450225 0.0464798 0.0280152 -0.0483137 -0.0240561 0.00518591 -0.0477343 -0.0295462 0.0487493 0.0422316 -0.0496711 -0.0387753 -0.0181676 0.0498748 -0.05007 -0.0502583 -0.0500747 0.0500141 0.0500204 -0.0500567 -0.0500071 -0.0500194 0.0500162 -0.0500048 -0.050014
internal_weight=1.3543 0.778707 0.20005 0.118109 0.098609 0.578657 0.567565 0.0621247 0.575593 0.0305019 0.01434 0.0819413 0.0110915 0.505441 0.0821465 0.545092 0.0160405 0.00565668 0.0913483 0.0800291 0.020029 0.0194998 0.423294 0.0845321 0.00632305 0.06 0.0146102 0.0752981 0.0580274 0.0155893
internal_count=25492 5762 2704 851 519 3058 2746 662 19730 820 257 1853 312 2084 479 18910 503 142 289 1848 66 332 1605 270 57 1782 329 260 1771 318
is_linear=0
shrinkage=0.05


Tree=163
num_leaves=31
num_cat=0
split_feature=8 11 7 3 19 16 1 18 0 1 3 8 3 8 4 0 11 8 8 7 0 8 11 8 6 11 8 7 7 7
split_gain=0.626423 0.183257 0.252604 0.11603 0.0262213 0.0234466 0.0229895 0.0160235 0.022359 0.00387833 3.2671e-07 1.24028e-07 3.07704e-07 7.86383e-09 6.14506e-09 3.43327e-09 2.19052e-09 1.55837e-09 6.33237e-10 6.07346e-10 9.01328e-11 2.3283e-11 1.17661e-10 1.58458e-11 1.41698e-11 1.03692e-11 1.99412e-11 1.02417e-11 9.32079e-12 7.24931e-12
threshold=259.0384615384616 0.26666666666666672 94.500000000000014 7.4662273925763296 1.0000000180025095e-35 1.0000000180025095e-35 9.9394336746564438 1.0000000180025095e-35 1.5781651660286891 11.005600194808995 7.4985928023719568 247.02307692307696 4.886575525404063 194.13802816901412 7.3808759299945494 0.37202812412846625 0.033908045977011504 138.08536585365854 152.05000000000004 199.50000000000003 1.199365564352278 265.04409317803669 0.046536796536796543 133.16666666666671 2.1376109762125082 0.042572463768115944 133.16666666666671 124.50000000000001 173.50000000000003 193.50000000000003
decision_type=2 2 2 2 2 2 2 2 2 2 2 2 2 2 2 2 2 2 2 2 2 2 2 2 2 2 2 2 2 2
left_child=1 2 16 4 5 11 21 9 -9 10 -5 14 -13 23 20 -12 -1 -6 -19 -17 25 22 -2 -3 -10 29 27 -27 -14 -4
right_child=6 13 3 7 17 -7 -8 8 24 -11 15 12 28 -15 -16 19 -18 18 -20 -21 -22 -23 -24 -25 -26 26 -28 -29 -30 -31
leaf_value=-0.050001392225104913 -0.050001370656012803 0.050012267089802734 0.050012603520124023 -0.050302259987101638 -0.050074551852761384 -0.050178355378386399 0.05001625645822777 0.050028565197740439 -0.050001366342390711 0.039919612070406084 -0.050053955921808779 0.050376754519644143 0.050011733751053195 0.05005744397287884 0.050048271606373179 -0.050021080556364977 -0.050050769012604572 -0.050053240322780447 -0.050005999117377943 -0.050001497510812155 0.050019580177411919 -0.05000137869289846 -0.050019497071567713 0.050015120361760305 -0.050005810191943216 0.050012651147422198 0.050016350052657144 0.050015157067137495 0.05001401027924024 0.050013995516217262
leaf_weight=0.14898622517102922 0.0053316002049541558 0.36076575558399782 0.14347298406937625 0.015401471076984308 0.0042156489980698089 0.0059884465554205226 0.0058195278397761277 0.012229993910295889 0.0079684653337608324 0.0012306523567531249 0.0044528794314828693 0.008569411926146131 0.0094293053698493168 0.0099104760447517037 0.013236617087386549 0.0051161350820621001 0.0022805490225437089 0.0012685546298598638 0.0016091934703581501 0.01750966596591752 0.005138199034263379 0.44428144565790717 0.0010759212364064297 0.0049324711580993599 0.0023150023571361098 0.022366910707205534 0.0057377527409698805 0.0049863394669955588 0.0085942355362931266 0.010005463380366564
leaf_count=5425 195 1471 578 7 12 30 21 25 292 4 32 5 41 9 27 37 21 4 37 617 16 16221 9 17 40 89 19 17 31 36
internal_value=-0.00160445 0.0240743 0.0029906 0.0287786 0.0446732 0.0475021 -0.0487264 -0.0299325 0.00433746 -0.0475834 -0.0501184 0.0500285 0.0501301 0.0500135 0.0500153 -0.0500138 -0.0500021 -0.0500552 -0.0500268 -0.0500059 0.050013 -0.0500014 -0.0500044 0.0500123 -0.0500024 0.0500129 0.0500137 0.0500131 0.0500128 0.0500127
internal_weight=1.29423 0.837719 0.46211 0.310843 0.244619 0.237526 0.456508 0.0662243 0.0225135 0.0437108 0.0424802 0.231537 0.026593 0.375609 0.204944 0.0270787 0.151267 0.0070934 0.00287775 0.0226258 0.191708 0.450689 0.00640752 0.365698 0.0102835 0.186569 0.033091 0.0273533 0.0180235 0.153478
internal_count=25385 8939 7442 1996 942 889 16446 1054 357 697 693 859 77 1497 782 686 5446 53 41 654 755 16425 204 1488 332 739 125 106 72 614
is_linear=0
shrinkage=0.05


Tree=164
num_leaves=31
num_cat=0
split_feature=9 13 18 2 9 7 0 9 3 1 9 3 3 9 9 8 9 2 8 4 6 3 0 8 7 2 8 0 8 7
split_gain=0.757917 0.130123 0.11774 0.0579172 0.0197797 0.0207197 0.0255705 0.0149095 0.0661006 0.00685658 0.00138895 0.0162881 2.44579e-07 2.33397e-07 1.29158e-07 3.96841e-08 7.76709e-09 6.35382e-09 4.56958e-09 2.33682e-09 2.41376e-09 7.79878e-10 5.56414e-10 4.90559e-10 1.67532e-10 6.18655e-10 1.515e-10 1.44689e-10 3.19169e-11 3.15692e-11
threshold=-0.53134802822849891 1.0000000180025095e-35 1.0000000180025095e-35 2.740319461670996 -0.71929357792026261 119.50000000000001 0.11812552495011401 -0.21171336248670511 4.6478001079635041 11.655418162737622 -1.0000000180025095e-35 4.6478001079635041 7.4985928023719568 -0.70688395170678076 1.0000000180025095e-35 141.03601694915258 -0.21171336248670511 2.3502401828962087 194.13802816901412 7.5019101675073623 3.5805906715287965 7.4874537278250921 0.37202812412846625 254.08333333333334 198.50000000000003 3.8393944990995772 208.16666666666671 1.1744478143752708 239.12500000000003 125.50000000000001
decision_type=2 2 2 2 2 2 2 2 2 2 2 2 2 2 2 2 2 2 2 2 2 2 2 2 2 2 2 2 2 2
left_child=4 7 9 16 -1 -6 13 8 -2 12 11 -9 14 -7 17 -16 -4 -3 -12 20 -14 27 23 -21 25 26 -24 29 -15 -18
right_child=1 2 3 -5 5 6 -8 10 -10 -11 18 -13 19 28 15 -17 21 -19 -20 22 -22 -23 24 -25 -26 -27 -28 -29 -30 -31
leaf_value=-0.050001299793967995 -0.05000129845141052 -0.050002941249534999 0.050065553307410388 -0.050001779807463335 -0.050001301355904783 0.050384829494493133 -0.050001432012971185 -0.050002086419755079 0.050011920173100022 0.050017521415603887 0.050011724057561782 0.050012374618697675 -0.050003844022384336 0.050015266304212602 -0.050358697766427873 -0.050208592499328714 0.050012223697150915 -0.050083115040419485 0.050039694833152598 -0.050035016493734277 -0.050067000379570493 0.050031231244922404 -0.050015801541296173 -0.050001316022391287 -0.050001349341932726 -0.05003981239641947 -0.050001843261777715 0.050019158950102796 0.050009433893853261 0.050015809176460473
leaf_weight=0.47597931281416095 0.021486802083018119 0.0036993287158111343 0.0085701239586342126 0.017537670146339224 0.02563654291407147 0.0075794239528477183 0.010184597054831102 0.0044642148914135751 0.071481461040093563 0.0017478328372817478 0.36475759113091044 0.046197433766792528 0.0027695655790012088 0.0043941313779214397 0.0077294346192502408 0.010231876796751749 0.050227494066348299 0.0074437873081478756 0.015210728728561662 0.0027964619730482801 0.003334115384859615 0.0069468064757529637 0.0024136210486176432 0.0017591097075637663 0.027659224677336169 0.0013832807890139529 0.0099904881099064369 0.010078702936880291 0.0050316041888436303 0.0069940276589477426
leaf_count=18312 827 104 8 631 985 1 376 144 301 5 1558 188 81 19 5 38 208 12 31 35 16 13 13 68 1050 2 358 34 28 23
internal_value=-0.00150503 0.0323628 -0.0038921 0.0325409 -0.0467798 -0.0177528 0.0126535 0.0450557 0.0268969 -0.0479653 0.048976 0.0411993 -0.0500741 0.0501783 -0.0501902 -0.0502732 0.0500205 -0.0500565 0.0500128 -0.0500093 -0.0500383 0.0500153 -0.0500054 -0.050022 -0.0500036 -0.0500081 -0.0500046 0.0500136 0.0500122 0.0500127
internal_weight=1.23572 0.706911 0.183313 0.100355 0.528806 0.0528263 0.0271898 0.523598 0.0929683 0.0829581 0.43063 0.0506616 0.0812103 0.0170052 0.0291044 0.0179613 0.0828172 0.0111431 0.379968 0.0521059 0.00610368 0.074247 0.0460022 0.00455557 0.0414466 0.0137874 0.0124041 0.0673002 0.00942574 0.0572215
internal_count=25474 5753 2704 917 19721 1409 424 3049 1128 1787 1921 332 1782 48 159 43 286 116 1589 1623 97 278 1526 103 1423 373 371 265 47 231
is_linear=0
shrinkage=0.05


Tree=165
num_leaves=31
num_cat=0
split_feature=9 13 18 2 5 9 7 0 9 3 1 3 9 3 3 9 9 9 2 8 7 3 7 8 0 7 7 8 8 7
split_gain=0.723613 0.124246 0.1103 0.0552467 0.0205735 0.0182748 0.0187868 0.0243856 0.00871135 0.0424435 0.00652067 0.00429077 0.00116342 0.0169176 2.1486e-07 1.97104e-07 1.12401e-07 6.57176e-09 5.46499e-09 4.05005e-09 1.34069e-09 7.78533e-10 5.02064e-10 1.14528e-09 1.33569e-10 3.12692e-11 1.31465e-11 1.22031e-11 5.96097e-12 5.68482e-12
threshold=-0.53134802822849891 1.0000000180025095e-35 1.0000000180025095e-35 2.740319461670996 8.0695940463597982 -0.71929357792026261 119.50000000000001 0.11812552495011401 -0.26634925049910491 4.6478001079635041 11.655418162737622 4.6478001079635041 -1.0000000180025095e-35 4.6478001079635041 7.4985928023719568 -0.70688395170678076 1.0000000180025095e-35 -0.21171336248670511 2.3502401828962087 194.13802816901412 81.500000000000014 7.4874537278250921 198.50000000000003 267.48845327604732 1.1744478143752708 125.50000000000001 128.50000000000003 177.27179487179492 254.08333333333334 192.50000000000003
decision_type=2 2 2 2 2 2 2 2 2 2 2 2 2 2 2 2 2 2 2 2 2 2 2 2 2 2 2 2 2 2
left_child=5 4 10 17 11 -1 -7 15 9 -6 14 -2 13 -10 16 -8 18 -4 -3 27 -16 24 23 -22 25 -19 -17 -14 -11 -15
right_child=1 2 3 -5 8 6 7 -9 12 28 -12 -13 19 29 20 26 -18 21 -20 -21 22 -23 -24 -25 -26 -27 -28 -29 -30 -31
leaf_value=-0.050001236813822625 -0.050001271311131724 -0.050002570037198983 0.050062427533769806 -0.050001756121521912 -0.050001236204069578 -0.05000123854103658 0.05036591912002325 -0.050001357454279999 -0.05000189624988538 0.05001116119152791 0.050016664591439844 0.05001283098399914 0.050011114409398108 0.050011446722185132 -0.050046953544845112 0.050013587331288023 -0.050260886647226416 0.050011631331887622 -0.050078806814436098 0.050039222248394168 -0.050027736628936607 0.050030274850979974 -0.050001312721022179 -0.050001453088651754 0.050018601380192755 0.050015396000812555 0.050009656732484198 0.0500134388780634 0.050012999787401126 0.050012995843093322
leaf_weight=0.4528891056052089 0.0067825547212123638 0.0035121911932947114 0.0081008861598093063 0.016785334422820597 0.013391570104431594 0.023794119131707703 0.0072124097496271125 0.009868165589068667 0.0045677380439883555 0.046165520645445213 0.001662617811234667 0.001273790345294401 0.34747381650959142 0.050176849472336471 0.0020080766116734585 0.003871982051350642 0.017018687127347221 0.046910790668334812 0.0071083490547607653 0.013335461029782891 0.0069361465557449256 0.0073182915220968417 0.029844278535165358 0.010298131610397832 0.0091924512089462951 0.0062506786343874401 0.0047212530771503225 0.0057394989562453693 0.0048738519253674886 0.0067147777153877533
leaf_count=18317 270 107 8 629 542 961 1 384 160 207 5 5 1564 220 27 21 40 204 11 28 28 14 1183 406 32 21 25 22 19 26
internal_value=-0.00143432 0.0324433 -0.00409135 0.0322647 0.0450679 -0.0468495 -0.0179942 0.0116694 0.0463645 0.0292243 -0.0479469 -0.034188 0.0489447 0.0425785 -0.0500697 0.0501732 -0.0501812 0.0500198 -0.0500536 0.0500122 -0.0500069 0.0500148 -0.0500052 -0.050012 0.050013 0.0500121 0.0500114 0.0500112 0.0500113 0.0500116
internal_weight=1.1758 0.673442 0.172947 0.0945584 0.500495 0.502357 0.0494679 0.0256738 0.492439 0.0644309 0.0783885 0.00805635 0.428008 0.0614594 0.0767259 0.0158056 0.0276392 0.0777731 0.0106205 0.366549 0.0490866 0.0696722 0.0470786 0.0172343 0.0623539 0.0531615 0.00859324 0.353213 0.0510394 0.0568916
internal_count=25487 5778 2715 908 3063 19709 1392 431 2788 768 1807 275 2020 406 1802 47 158 279 118 1614 1644 271 1617 434 257 225 46 1586 226 246
is_linear=0
shrinkage=0.05


Tree=166
num_leaves=31
num_cat=0
split_feature=9 13 18 2 5 9 7 0 9 3 3 0 9 8 3 3 9 9 11 9 2 8 0 7 3 0 8 7 2 8
split_gain=0.681003 0.123775 0.105943 0.0520838 0.019141 0.0158172 0.0171481 0.0229822 0.00811681 0.0480034 0.00406918 0.0033931 0.000501718 0.00522419 0.00332331 1.80332e-07 1.62759e-07 9.85498e-08 3.05858e-08 5.7219e-09 4.72018e-09 3.4684e-09 1.62061e-09 1.08354e-09 7.02673e-10 4.72534e-10 3.53625e-10 1.57659e-10 4.37337e-10 1.59824e-10
threshold=-0.53134802822849891 1.0000000180025095e-35 1.0000000180025095e-35 2.740319461670996 8.0695940463597982 -0.71929357792026261 119.50000000000001 0.11812552495011401 -0.19294029418538369 4.6478001079635041 4.6478001079635041 3.7405637270949712 -1.0000000180025095e-35 152.05000000000004 4.6478001079635041 7.4985928023719568 -0.70688395170678076 1.0000000180025095e-35 0.046536796536796543 -0.21171336248670511 2.3502401828962087 197.13358778625957 0.18981894877374797 81.500000000000014 7.4874537278250921 0.37202812412846625 254.08333333333334 198.50000000000003 3.8393944990995772 270.04000000000002
decision_type=2 2 2 2 2 2 2 2 2 2 2 2 2 2 2 2 2 2 2 2 2 2 2 2 2 2 2 2 2 2
left_child=5 4 11 19 10 -1 -7 16 9 -6 -2 15 13 14 -10 17 -8 20 -19 -4 -3 -14 -17 -24 -21 26 -25 28 29 -27
right_child=1 2 3 -5 8 6 7 -9 12 -11 -12 -13 21 -15 -16 22 -18 18 -20 24 -22 -23 23 25 -26 27 -28 -29 -30 -31
leaf_value=-0.05000117403669866 -0.050001208405302346 -0.05000266900164603 0.050061513423811488 -0.050001614050986812 -0.050001177060493576 -0.050001177610065839 0.050347944406508652 -0.050001292748500382 -0.050002356822624522 0.050010804070388597 0.05001220484257847 0.039306216805416253 0.050010604035932799 0.050011143212687861 0.050013168138952527 -0.050055314035636601 0.05001107425231735 -0.05032717464916503 -0.050188382742339104 0.050011987291959298 -0.050074201645987616 0.050037669367474662 -0.050042641631396913 -0.050033688917497314 0.050028797913486078 -0.050013358559571758 -0.050001198749148823 -0.050001260602379909 -0.050036022040435946 -0.050001189325955847
leaf_weight=0.4300800154087483 0.0063306092506536507 0.0034809874287020648 0.0069515060749836257 0.015889226988292648 0.014629440101998625 0.023336495378316613 0.0068630436435341835 0.0095176417689799564 0.0022752199110982465 0.066701859715976752 0.0012116816506022587 0.0010773576759675043 0.3326953966752626 0.033678885418339632 0.0013080893259029835 0.0017783870480343458 0.0075082439871039242 0.0069360821489681248 0.0092807509063277394 0.058058748880284838 0.0068331309375935234 0.012273705506231636 0.0020032923312101039 0.0023747780378471353 0.006961574690649285 0.0039392719936586227 0.001293740493565565 0.026822972542504431 0.0012517493159975865 0.0085631190268031787
leaf_count=18286 265 107 7 630 622 991 1 389 73 310 5 5 1571 152 5 18 42 9 32 253 13 26 31 28 14 27 55 1114 2 362
internal_value=-0.0018657 0.0320701 -0.00541344 0.0319303 0.0450787 -0.046985 -0.0195173 0.0102617 0.0463643 0.0320212 -0.0339339 -0.0487932 0.0494162 0.0439044 -0.0134916 -0.0500663 0.0501719 -0.0501709 -0.0502477 0.0500184 -0.0500501 0.0500116 -0.0500085 -0.0500067 0.0500138 -0.050005 -0.0500222 -0.0500035 -0.0500078 -0.050005
internal_weight=1.11191 0.634602 0.163497 0.0878611 0.471105 0.477305 0.0472254 0.0238889 0.463563 0.0813313 0.00754229 0.0756356 0.382231 0.0372622 0.00358331 0.0745583 0.0143713 0.026531 0.0162168 0.0719718 0.0103141 0.344969 0.0480273 0.0462489 0.0650203 0.0442456 0.00366852 0.0405771 0.0137541 0.0125024
internal_count=25445 5736 2707 904 3029 19709 1423 432 2759 932 270 1803 1827 230 78 1798 43 161 41 274 120 1597 1637 1619 267 1588 83 1505 391 389
is_linear=0
shrinkage=0.05


Tree=167
num_leaves=31
num_cat=0
split_feature=9 13 18 1 5 9 4 4 9 7 17 1 9 4 4 0 9 4 8 8 6 7 7 0 4 7 2 8 8 0
split_gain=0.678822 0.103114 0.0974978 0.0499396 0.0187314 0.00709421 0.0367832 0.00628365 0.00556548 0.00812711 0.0151693 0.00480749 0.000818916 0.013317 1.2757e-07 5.62765e-08 4.56142e-09 4.37126e-09 4.2142e-09 2.58199e-09 2.25894e-09 1.01785e-09 2.32866e-10 1.94139e-10 1.15059e-10 8.9275e-11 4.07589e-10 6.95697e-11 6.76506e-11 4.02916e-11
threshold=-0.53134802822849891 1.0000000180025095e-35 1.0000000180025095e-35 3.1567740231385479 8.105272220662707 -0.26634925049910491 5.0845003501084243 5.0005792898547883 -0.70688395170678076 120.50000000000001 1.0000000180025095e-35 11.655418162737622 -1.0000000180025095e-35 5.0005792898547883 7.0934015215887589 0.1538913039458861 -0.21171336248670511 7.8270413409112187 233.12500000000003 194.13802816901412 3.0304079172532492 164.50000000000003 126.50000000000001 0.27328611250455342 7.3808759299945494 198.50000000000003 3.8393944990995772 265.04409317803669 208.16666666666671 1.199365564352278
decision_type=2 2 2 2 2 2 2 2 2 2 2 2 2 2 2 2 2 2 2 2 2 2 2 2 2 2 2 2 2 2
left_child=8 4 11 16 7 6 -6 -2 -1 -10 -11 14 13 -7 -3 -16 -4 18 20 -14 21 -17 24 -19 29 26 28 -20 -25 -18
right_child=1 2 3 -5 5 12 -8 -9 9 10 -12 -13 19 -15 15 17 22 23 27 -21 -22 -23 -24 25 -26 -27 -28 -29 -30 -31
leaf_value=-0.050001120148737234 -0.050001145069830499 -0.050226888555400022 0.050058118935123908 -0.05000155848725777 -0.050001118738565858 -0.050001520886070551 0.050010235043011664 0.050011434129002511 -0.050001119155730217 -0.050001126076975488 0.050008304684241611 0.050015324418749875 0.050010087389260431 0.050010490301186955 -0.050200864633396548 -0.050061521513065511 0.050010540382744786 -0.050020569064251619 -0.050014932097669933 0.050034021787960348 -0.050078529785171938 -0.050005584228580535 0.050020565804015121 -0.050013278143956591 0.050017227465486869 -0.050001193642572522 -0.050034263693746188 -0.050001330975290609 -0.050001412987289662 0.050015481086668492
leaf_weight=0.41077118949942815 0.006801175766668166 0.0094025711423455505 0.0061988488887436679 0.015130532388866413 0.011446539649114129 0.0035664909137267378 0.046712660085177049 0.0020420685759745538 0.020404709597642068 0.0078492265201930422 0.0073346281133126476 0.0012227870756760231 0.31591505299729761 0.049870575705426745 0.0043258407167741089 0.0013040076992183458 0.042314438833273016 0.0016232986017712383 0.0011615776893449956 0.011684847573633306 0.0053123379930184456 0.0021608735532936407 0.0092776596284238622 0.0014152290968922907 0.0088860832765931264 0.024038270132223261 0.0011907415755558768 0.0049326824100717204 0.0079487204548058799 0.004572345773340202
leaf_count=18351 300 64 7 632 512 142 229 9 912 349 46 4 1568 239 9 2 204 39 7 29 15 54 29 10 31 1053 2 202 337 18
internal_value=-0.00165836 0.0330563 -0.00246806 0.0324976 0.0451414 0.0465921 0.0303266 -0.0269064 -0.0483578 -0.0293897 -0.00169113 -0.0482037 0.0490748 0.0433355 -0.0500566 -0.0500277 0.0500171 -0.050013 -0.0500359 0.0500109 -0.050058 -0.0500266 0.0500132 -0.0500037 0.050012 -0.0500029 -0.0500067 -0.0500039 -0.0500032 0.050011
internal_weight=1.04682 0.600458 0.152419 0.0863799 0.448039 0.439196 0.0581592 0.00884324 0.44636 0.0355886 0.0151839 0.0660389 0.381037 0.0534371 0.0648162 0.0554136 0.0712494 0.0510877 0.0148715 0.3276 0.00877722 0.00346488 0.0650505 0.0362163 0.0557729 0.034593 0.0105547 0.00609426 0.00936395 0.0468868
internal_count=25405 5747 2719 921 3028 2719 741 309 19658 1307 395 1798 1978 381 1794 1730 289 1721 280 1597 71 56 282 1441 253 1402 349 209 347 222
is_linear=0
shrinkage=0.05


Tree=168
num_leaves=31
num_cat=0
split_feature=9 13 7 8 0 5 9 7 0 9 3 1 3 9 3 9 3 3 1 9 8 8 0 11 3 3 0 7 8 3
split_gain=0.619643 0.110225 0.076908 0.0456773 0.0204118 0.0179895 0.0178021 0.0182022 0.0212167 0.00732016 0.0368991 0.00456933 0.00232219 0.000948423 0.0142586 1.67252e-07 1.55157e-07 6.10289e-08 2.55838e-08 4.03539e-09 3.95433e-09 1.90118e-09 1.53678e-09 1.51239e-09 5.01882e-10 2.32534e-10 2.41359e-10 5.88831e-11 4.02925e-11 1.94127e-11
threshold=-0.53134802822849891 1.0000000180025095e-35 129.50000000000003 141.03601694915258 2.0585572677438591 8.0695940463597982 -0.71929357792026261 119.50000000000001 0.11812552495011401 -0.26634925049910491 4.6478001079635041 11.655418162737622 4.4942230200312032 -1.0000000180025095e-35 4.6478001079635041 -0.70688395170678076 7.4985928023719568 7.4662273925763296 2.1383330595080281 -0.21171336248670511 233.12500000000003 194.13802816901412 0.18981894877374797 0.057189542483660136 7.4874537278250921 7.9280455358981579 0.46565687766881969 98.500000000000014 267.48845327604732 7.4410270485534395
decision_type=2 2 2 2 2 2 2 2 2 2 2 2 2 2 2 2 2 2 2 2 2 2 2 2 2 2 2 2 2 2
left_child=6 5 3 4 19 12 -1 -8 15 10 -7 16 -2 14 -11 -9 17 23 -5 -3 -20 -15 -18 -4 27 26 -24 -21 -28 -29
right_child=1 2 11 18 -6 9 7 8 -10 13 -12 -13 -14 21 -16 -17 22 -19 20 24 -22 -23 25 -25 -26 -27 28 29 -30 -31
leaf_value=-0.050001065479332744 -0.050001079805638886 0.050051826584049622 -0.050062148376166064 -0.050176297625042457 -0.050001392520743704 -0.050001061898413579 -0.050001066646458037 0.050347825874474797 -0.050001169578281247 -0.050001642674056483 0.050009754890646935 0.050014577337121918 0.031167909548326413 0.050009598471008415 0.050010026541291788 0.050010368823142894 -0.050054949696486842 -0.050259903343306524 -0.05005752639532976 0.050015746018607248 -0.050001573430260939 0.050030809330631233 -0.050034566841077349 -0.050002094540174929 0.050026056398061118 -0.050001526038229466 -0.050011534743273238 0.050010196388369968 -0.050001089499961682 0.050013826610357796
leaf_weight=0.38907264986119117 0.0055124456757766884 0.0074324671295471481 0.0031074858125066393 0.0036502893926808602 0.0055272941153816637 0.011568817250008578 0.021118611237398 0.0068606967106461534 0.0082361499771650415 0.0038407337851822368 0.045479757420253009 0.0011631679662968955 0.0010488218522368697 0.3055261035769945 0.049426889905589633 0.0078994852228788659 0.0014628496192017329 0.010173468115681317 0.0056485594795958605 0.0060795253375545135 0.0071606156598136295 0.010942819848423824 0.0010336798022763096 0.0015821734214114258 0.006299487955402582 0.03819990645206417 0.0023056026384438155 0.042302987014409155 0.0015399218773382017 0.0040338052203878752
leaf_count=18282 257 9 5 4 237 544 991 1 372 156 234 4 11 1594 248 48 11 9 31 26 304 29 10 54 14 1693 30 211 71 15
internal_value=-0.00130875 0.0323901 -0.00475377 0.025055 0.0423041 0.0451361 -0.046588 -0.0164863 0.0142919 0.0463992 0.0297287 -0.0481295 -0.0370262 0.0489714 0.0427989 0.0501672 -0.0500512 -0.0501911 -0.0500595 0.0500171 -0.0500262 0.0500103 -0.0500046 -0.0500419 0.0500127 -0.0500028 -0.0500131 0.0500111 -0.0500074 0.0500105
internal_weight=1.01524 0.58205 0.148703 0.088135 0.0716756 0.433346 0.433188 0.0441149 0.0229963 0.426785 0.0570486 0.0605683 0.00656127 0.369737 0.0532676 0.0147602 0.0594051 0.0148631 0.0164595 0.0661483 0.0128092 0.316469 0.044542 0.00468966 0.0587158 0.0430791 0.0048792 0.0524163 0.00384552 0.0463368
internal_count=25505 5811 2738 851 512 3073 19694 1412 421 2805 778 1887 268 2027 404 49 1883 68 339 275 335 1623 1815 59 266 1804 111 252 101 226
is_linear=0
shrinkage=0.05


Tree=169
num_leaves=31
num_cat=0
split_feature=9 13 18 2 5 9 8 0 9 4 1 4 9 4 9 4 0 2 6 4 9 8 8 0 6 9 0 4 8 8
split_gain=0.586695 0.102653 0.0892065 0.0450883 0.0175059 0.0163312 0.0145896 0.0221591 0.00685141 0.0342984 0.00539343 0.00131936 0.00090016 0.0132136 1.40548e-07 1.09192e-07 4.19614e-08 3.49326e-08 1.15805e-08 3.78687e-09 3.58299e-09 3.15876e-09 1.93006e-09 1.65857e-09 7.29682e-10 5.694e-10 1.64461e-10 8.39559e-11 5.13295e-11 2.40095e-11
threshold=-0.53134802822849891 1.0000000180025095e-35 1.0000000180025095e-35 2.740319461670996 8.0695940463597982 -0.71929357792026261 214.08333333333334 0.11812552495011401 -0.26634925049910491 5.0845003501084243 11.655418162737622 4.8713658868283671 -1.0000000180025095e-35 5.0005792898547883 -0.70688395170678076 7.0934015215887589 0.1538913039458861 2.524928003624769 3.6208330082595634 7.8270413409112187 -0.21171336248670511 233.12500000000003 194.13802816901412 0.78449347986537321 3.5805906715287965 -0.3014177459159994 0.27328611250455342 7.2902926497970748 265.04409317803669 239.12500000000003
decision_type=2 2 2 2 2 2 2 2 2 2 2 2 2 2 2 2 2 2 2 2 2 2 2 2 2 2 2 2 2 2
left_child=5 4 10 20 11 -1 -7 14 9 -6 15 -2 13 -10 -8 17 -17 18 24 21 -4 23 -14 -18 -3 -25 -21 -22 -23 -16
right_child=1 2 3 -5 8 6 7 -9 12 -11 -12 -13 22 -15 29 16 19 -19 -20 26 27 28 -24 25 -26 -27 -28 -29 -30 -31
leaf_value=-0.050001012239866777 -0.050001046488030845 -0.050002085464923476 0.050049297409056892 -0.050001407242932429 -0.050001011596479232 -0.050001013847868626 0.050330747116774911 -0.050001096900168768 -0.050001574057281943 0.050009279392851762 0.050013793999071722 0.01275340244931418 0.050009129302775318 0.050009555706638398 0.050013029906304331 -0.050182717518891487 -0.050072111709247094 -0.05027666291668699 -0.05016586547865004 -0.050019013877225328 0.050010346589222432 -0.05001351122781085 0.050030580708116626 -0.050042801581924312 -0.050056029609492937 -0.050003578115351444 -0.05000171100649136 0.050014749388962748 -0.050001211519147805 0.05000721965933317
leaf_weight=0.36974202671990497 0.0050096218546968876 0.0014268251325120218 0.0070703295641578725 0.013735200089286081 0.01076185193778656 0.01843115493102232 0.0065282550640404224 0.009257873534807004 0.0035642343082145081 0.042146389780100435 0.0013759652210865161 0.0010056967967102537 0.28752978901320603 0.045001154008787125 0.0033039674235624261 0.0038927827645238713 0.0047366927792609204 0.0060792544536525384 0.0035107880157738691 0.0014366703326231791 0.040946273642475717 0.0010510743486520377 0.010882634305744432 0.0025020613193191821 0.0011181392474099994 0.0014682095825264696 0.031136015686570317 0.014720143357408233 0.0043954586999461753 0.0038496872439282015
leaf_count=18264 243 52 9 633 532 909 1 443 152 228 5 21 1577 237 18 8 11 11 7 37 209 7 29 8 1 50 1425 60 198 28
internal_value=-0.00154474 0.0323994 -0.00441978 0.0320516 0.0451533 -0.0466675 -0.0168755 0.00973949 0.0464269 0.0296666 -0.0479102 -0.0395092 0.0489825 0.0426697 0.050163 -0.0500573 -0.050025 -0.050192 -0.050107 -0.0500119 0.0500158 -0.0500335 0.0500099 -0.0500521 -0.0500258 -0.0500283 -0.0500025 0.0500115 -0.0500036 0.0500099
internal_weight=0.957616 0.546503 0.140602 0.0764719 0.405901 0.411113 0.0413709 0.0229398 0.399886 0.0529082 0.0641299 0.00601532 0.346978 0.0485654 0.0136819 0.062754 0.050619 0.012135 0.00605575 0.0467262 0.0627367 0.0141535 0.298412 0.00870696 0.00254496 0.00397027 0.0325727 0.0556664 0.00544653 0.00715365
internal_count=25413 5750 2731 911 3019 19663 1399 490 2755 760 1820 264 1995 389 47 1815 1744 71 60 1736 278 274 1606 69 53 58 1462 269 205 46
is_linear=0
shrinkage=0.05


Tree=170
num_leaves=31
num_cat=0
split_feature=9 13 3 8 5 9 7 0 7 3 2 9 3 1 3 9 3 5 9 0 9 8 0 11 0 5 9 7 7 7
split_gain=0.558968 0.100159 0.0704244 0.023613 0.0164865 0.0156635 0.0162468 0.0193857 0.00668281 0.00614425 0.0168271 0.005857 0.0314071 0.00510605 0.00504495 0.000710016 0.0117335 9.73376e-07 1.22678e-07 1.65316e-08 3.21156e-09 1.46623e-09 1.03159e-09 2.99189e-10 2.9158e-10 6.6152e-11 5.73103e-11 5.07948e-11 2.18479e-10 2.72491e-11
threshold=-0.53134802822849891 1.0000000180025095e-35 7.4662273925763296 141.03601694915258 8.105272220662707 -0.71929357792026261 119.50000000000001 0.11812552495011401 128.50000000000003 7.5735311307123743 2.602003343538398 -0.26634925049910491 4.6478001079635041 11.655418162737622 4.6478001079635041 -1.0000000180025095e-35 4.6478001079635041 6.9335082737100722 -0.70688395170678076 0.23679151610846974 -0.21171336248670511 194.13802816901412 0.18981894877374797 0.042572463768115944 0.37202812412846625 9.8526125565359184 -0.15093364397138662 198.50000000000003 193.50000000000003 145.50000000000003
decision_type=2 2 2 2 2 2 2 2 2 2 2 2 2 2 2 2 2 2 2 2 2 2 2 2 2 2 2 2 2 2
left_child=5 4 3 8 14 -1 -7 18 17 10 -4 12 -6 22 -2 16 -13 -3 -8 -5 -19 -17 -11 -21 25 -24 -22 28 29 -26
right_child=1 2 9 19 11 6 7 -9 -10 13 -12 15 -14 -15 -16 21 -18 20 -20 23 26 -23 24 -25 27 -27 -28 -29 -30 -31
leaf_value=-0.050000963931352671 -0.050000997762409738 0.049236498503789056 -0.050188827571043516 -0.050159852477774373 -0.050000964035393697 -0.050000965318792459 0.050314510292735731 -0.050001058615087815 -0.012492363338937378 -0.050046686226768534 0.044766738511463018 -0.050001307844932397 0.050008840067489339 0.05001312131426168 0.050010145859290138 0.050008677536733541 0.050009050092525112 0.050046890826244118 0.050009447396651752 -0.05003336265087524 0.050015284455082146 0.050028186534462983 -0.050028980562424968 -0.050002091480712788 -0.050001472233134871 -0.050013176375595984 0.050008954443465273 -0.050001020383251799 -0.050024121760284979 -0.050005641684616346
leaf_weight=0.35161087720916839 0.0058477662150835377 0.0043902572870138093 0.012551195316518715 0.0032959742093225932 0.0097174619713769061 0.019398250155063579 0.0062118219211697578 0.0076106593023723681 0.0046737859447603105 0.0014113404995441661 0.0074260899236833202 0.0031400063380715429 0.040854437014786527 0.0013088757696095845 0.0016076030296972021 0.27355506001913454 0.044438843644456938 0.0067258207709528497 0.0070196526794461533 0.0010129455677088117 0.0039647171070100731 0.0099824524368159473 0.0010120552651642347 0.0031234027428581612 0.011385972406060318 0.0019149577383359428 0.036444371929974295 0.027893886628589826 0.0013048298205831079 0.0059749984484369625
leaf_count=18259 297 22 34 4 505 1006 1 380 17 16 24 145 232 5 8 1578 247 9 47 7 17 28 14 120 546 66 205 1418 12 184
internal_value=-0.00143084 0.0322996 -0.00466899 0.033679 0.045202 -0.0466191 -0.0170694 0.0135808 0.0447557 -0.0384732 -0.0148913 0.0466403 0.0307918 -0.047497 -0.0284356 0.0490609 0.0434088 0.0499486 0.0501527 -0.0500763 0.0500149 0.0500094 -0.0500045 -0.0500097 -0.0500033 -0.0500186 0.0500096 -0.0500024 -0.0500044 -0.0500029
internal_weight=0.91681 0.524959 0.135815 0.0636313 0.389144 0.391851 0.0402404 0.0208421 0.056199 0.0721842 0.0199773 0.381688 0.0505719 0.0522069 0.00745537 0.331116 0.0475788 0.0515252 0.0132315 0.00743232 0.0471349 0.283538 0.050898 0.00413635 0.0494867 0.00292701 0.0404091 0.0465597 0.0186658 0.017361
internal_count=25453 5760 2720 401 3040 19693 1434 428 270 2319 58 2735 737 2261 305 1998 392 253 48 131 231 1606 2256 127 2240 80 222 2160 742 730
is_linear=0
shrinkage=0.05


Tree=171
num_leaves=31
num_cat=0
split_feature=9 13 18 2 9 7 0 9 3 1 9 3 9 3 9 9 8 8 4 0 3 0 8 7 8 0 7 9 8 8
split_gain=0.534796 0.0887239 0.0832024 0.0405836 0.0148485 0.0155613 0.0179788 0.0104637 0.0459527 0.00393923 0.000962105 0.010677 1.04682e-07 9.11178e-08 4.34333e-08 2.5876e-09 1.29601e-09 1.25977e-09 8.00053e-10 8.29798e-10 3.19496e-10 2.01102e-10 1.7693e-10 7.07414e-11 1.96753e-10 4.91595e-11 1.70483e-11 9.89311e-12 8.70883e-12 4.76447e-12
threshold=-0.53134802822849891 1.0000000180025095e-35 1.0000000180025095e-35 2.740319461670996 -0.71929357792026261 119.50000000000001 0.11812552495011401 -0.21171336248670511 4.6478001079635041 11.655418162737622 -1.0000000180025095e-35 4.6478001079635041 -0.70688395170678076 7.4985928023719568 1.0000000180025095e-35 -0.21171336248670511 152.05000000000004 194.13802816901412 7.5019101675073623 0.64848281364238425 7.4874537278250921 0.37202812412846625 254.08333333333334 198.50000000000003 267.48845327604732 1.1744478143752708 125.50000000000001 -0.6200513779316873 282.09259259259267 179.4531187624751
decision_type=2 2 2 2 2 2 2 2 2 2 2 2 2 2 2 2 2 2 2 2 2 2 2 2 2 2 2 2 2 2
left_child=4 7 9 15 -1 -6 12 8 -2 13 11 -9 -7 14 16 -4 -3 29 19 -15 25 22 -20 24 -23 26 -17 -14 -18 -12
right_child=1 2 3 -5 5 6 -8 10 -10 -11 17 -13 27 18 -16 20 28 -19 21 -21 -22 23 -24 -25 -26 -27 -28 -29 -30 -31
leaf_value=-0.050000914842702339 -0.050000917024665317 -0.05005239290232312 0.050044602469161953 -0.050001286919068237 -0.050000916342379111 0.050299078420587673 -0.05000101311051889 -0.050001518621419161 0.05000838287395009 0.050012545584797376 0.050008234426351043 0.05000873718008713 0.050011293273542451 -0.050046574784598209 -0.050194334646772955 0.050008622722122476 -0.050006759081295094 0.050027313434254622 -0.050025546503244193 -0.050002717415734435 0.050023264293628279 -0.050015584897870329 -0.050000927697437018 -0.050000972965769622 -0.050001092438348542 0.050013525653297676 0.050011642944826032 0.050007368470952766 -0.050001067557723614 0.050010043202286518
leaf_weight=0.33559961086939438 0.014945164704840863 0.0023568564611196044 0.0063980837585404507 0.01224997496137803 0.018339817608648445 0.0059106349945068359 0.0069928293087286866 0.0029377593746175981 0.049625502448179759 0.0010011877311626441 0.2572651234222576 0.029140205035218969 0.002795084219542332 0.0023817564888304324 0.012538881114778633 0.035284848476294428 0.001006204709483427 0.0089736626978265122 0.0019014601239177855 0.0019710624619619921 0.0047700956347398451 0.0035599729144450976 0.0011843953161587706 0.020122320032896823 0.006844864563390729 0.0071224553394131354 0.0053855964797548941 0.0037728780880570412 0.0020242510436219163 0.0036929649359080932
leaf_count=18321 815 7 9 622 1000 1 366 132 297 4 1563 168 20 18 39 207 13 27 31 81 12 24 65 1078 363 34 24 26 98 19
internal_value=-0.00148412 0.0326124 -0.00320792 0.0328095 -0.0466542 -0.01695 0.0141802 0.04513 0.0268608 -0.0482895 0.049036 0.0408496 0.0501464 -0.0500504 -0.0501433 0.0500146 -0.0500246 0.0500089 -0.0500065 -0.0500267 0.0500109 -0.0500039 -0.0500161 -0.0500027 -0.0500061 0.0500097 0.050009 0.050009 -0.050003 0.0500083
internal_weight=0.868096 0.494685 0.128104 0.0712111 0.373411 0.0378112 0.0194714 0.36658 0.0645707 0.0568932 0.30201 0.032078 0.0124786 0.055892 0.0179262 0.0589611 0.00538731 0.269932 0.0379658 0.00435282 0.052563 0.033613 0.00308586 0.0305272 0.0104048 0.0477929 0.0406704 0.00656796 0.00303046 0.260958
internal_count=25484 5750 2729 908 19734 1413 413 3021 1112 1821 1909 300 47 1817 157 286 118 1609 1660 99 277 1561 96 1465 387 265 231 46 111 1582
is_linear=0
shrinkage=0.05


Tree=172
num_leaves=31
num_cat=0
split_feature=9 13 18 2 5 9 7 0 9 3 1 4 9 3 9 3 9 2 9 4 6 1 11 3 0 7 7 3 0 2
split_gain=0.507675 0.0886943 0.0801548 0.0387556 0.0148333 0.0138603 0.0143765 0.0167708 0.00596697 0.0304322 0.00464381 0.00109459 0.000788743 0.0118559 8.81226e-08 7.454e-08 3.96789e-08 1.98483e-09 1.92442e-09 7.17687e-10 7.17188e-10 3.31165e-10 9.4002e-10 2.76997e-10 1.75492e-10 6.15143e-11 1.59193e-10 4.46797e-11 4.44213e-11 2.85896e-11
threshold=-0.53134802822849891 1.0000000180025095e-35 1.0000000180025095e-35 2.740319461670996 8.0461435594711883 -0.71929357792026261 119.50000000000001 0.18981894877374797 -0.26634925049910491 4.6478001079635041 11.655418162737622 4.8402344967050359 -1.0000000180025095e-35 4.6478001079635041 -0.70688395170678076 7.4985928023719568 1.0000000180025095e-35 2.3502401828962087 -0.21171336248670511 7.5019101675073623 3.5805906715287965 10.926199182278388 0.99726996361946496 7.4874537278250921 0.37202812412846625 198.50000000000003 193.50000000000003 7.9765953503525298 1.1744478143752708 2.9700856263602158
decision_type=2 2 2 2 2 2 2 2 2 2 2 2 2 2 2 2 2 2 2 2 2 2 2 2 2 2 2 2 2 2
left_child=5 4 10 18 11 -1 -7 14 9 -6 15 -2 13 -10 -8 16 17 -3 -4 20 -17 -14 -23 28 27 26 29 -21 -20 -26
right_child=1 2 3 -5 8 6 7 -9 12 -11 -12 -13 21 -15 -16 19 -18 -19 23 24 -22 22 -24 -25 25 -27 -28 -29 -30 -31
leaf_value=-0.050000871901969224 -0.050000904529743075 -0.050002009462228804 0.05004234972482783 -0.050001186969822801 -0.050000870521332709 -0.050000871178531026 0.050284407687386207 -0.050000905680853518 -0.050001335914689499 0.0500079863204042 0.050011869098982122 0.0073074755688262733 0.050007904029026697 0.050008213660228479 0.050008669596952618 -0.050002641636193536 -0.050184472140426477 -0.050056332151539588 0.050008603331591454 -0.050024009568908546 -0.050045194351678285 0.050008013247367394 0.050030758050823576 0.050021445034709205 -0.050001882883529615 -0.050000927400186537 -0.050024191821571085 -0.050010967709615162 0.0500130263587822 -0.050008364149936792
leaf_weight=0.31790330269723199 0.0041773039720283114 0.0025053327080968293 0.0052299613889772436 0.011713164345565019 0.0095285126481030602 0.016942992553595104 0.0056239687837660313 0.0065362086897948748 0.0031943956255418007 0.037714933743700385 0.0011843485408462575 0.0010408169073343743 0.23431535252893809 0.040982149061164819 0.0059770532316179015 0.0017873240103654089 0.011955685828070273 0.005113669123602449 0.038907324356841855 0.0010047161140391827 0.0022201930351002375 0.016705584188457578 0.0062393161351792506 0.0051852776960004112 0.0064435623244207818 0.019054371041420382 0.0010506372891541113 0.0018959336903208168 0.0066463757248129687 0.0023119932502595475
leaf_count=18245 235 103 8 630 547 971 1 365 159 237 5 27 1491 251 44 78 36 12 232 18 15 105 17 14 337 1072 8 76 33 37
internal_value=-0.00122922 0.0323486 -0.00400237 0.0327048 0.0451069 -0.0467096 -0.0168835 0.0140532 0.0463592 0.0298372 -0.0479528 -0.0385701 0.0489486 0.0427765 0.0501423 -0.0500492 -0.0501276 -0.0500385 0.0500135 -0.0500063 -0.0500262 0.0500085 0.0500142 0.0500105 -0.0500038 -0.0500026 -0.0500058 -0.0500155 0.0500092 -0.0500036
internal_weight=0.831092 0.478108 0.12421 0.0676821 0.353898 0.352984 0.0350802 0.0181372 0.34868 0.0472434 0.0565278 0.00521812 0.301437 0.0441765 0.011601 0.0553434 0.0195747 0.007619 0.0559689 0.0357687 0.00400752 0.25726 0.0229449 0.050739 0.0317612 0.0288606 0.00980619 0.00290065 0.0455537 0.00875556
internal_count=25409 5783 2714 917 3069 19626 1381 410 2807 784 1797 262 2023 410 45 1792 151 115 287 1641 93 1613 122 279 1548 1454 382 94 265 374
is_linear=0
shrinkage=0.05


Tree=173
num_leaves=31
num_cat=0
split_feature=11 4 7 16 19 1 3 4 1 0 4 4 6 1 2 3 11 7 3 0 11 2 4 2 3 2 1 4 2 2
split_gain=0.349075 0.146594 0.217957 0.0358589 0.0328324 0.00311273 3.92987e-08 8.87746e-08 2.96848e-08 1.59547e-08 1.57732e-09 9.77943e-10 1.35916e-09 9.10031e-10 5.65173e-10 3.86578e-10 8.62467e-10 3.47238e-10 2.70616e-10 1.62174e-11 2.09296e-11 1.59459e-11 1.41129e-11 1.13003e-10 9.19134e-12 7.06258e-12 5.04183e-12 7.00577e-11 7.51637e-11 4.68379e-12
threshold=0.26666666666666672 7.6133230286147189 94.500000000000014 1.0000000180025095e-35 1.0000000180025095e-35 10.926199182278388 4.886575525404063 5.5114085413964808 2.3502401828962087 0.25312869671181232 7.5019101675073623 7.8270413409112187 3.2690572671397136 2.249904835165133 1.7005986908310777 15.008549572904533 0.99726996361946496 97.500000000000014 7.4874537278250921 2.4098256037055745 0.99329420509544297 1.7005986908310777 8.371126408585047 2.9700856263602158 7.4154760425143449 2.4414009612931857 3.6505739029280164 9.0296574072627553 3.4175922930736511 2.740319461670996
decision_type=2 2 2 2 2 2 2 2 2 2 2 2 2 2 2 2 2 2 2 2 2 2 2 2 2 2 2 2 2 2
left_child=1 2 14 4 6 11 7 -4 13 -5 17 12 25 -6 -1 19 -17 -8 24 -2 -21 -11 23 29 -19 -3 -24 28 -28 -13
right_child=15 5 3 9 8 -7 10 -9 -10 21 -12 22 -14 -15 -16 16 -18 18 -20 20 -22 -23 26 -25 -26 -27 27 -29 -30 -31
leaf_value=-0.050000842553403868 0.050007446324470753 -0.050000852940917065 0.050007331400208535 -0.050131443731937377 -0.050001755307379464 0.036226103251851764 0.050020364917343511 0.050248609727834341 -0.050222858500468731 -0.050001046690399509 0.050041842913692861 -0.050000879112161445 -0.050055618798106299 -0.05005402052244956 -0.050035406449089596 0.050007628175533052 0.050028222287454766 0.05000773351829696 0.05002120066206809 0.050007420676814365 0.050012805369580804 -0.050007979868987196 -0.050000837907444619 -0.050015609789713936 0.050010095372814978 -0.050005892798089181 -0.050001520217426987 -0.050000984831743193 -0.05001909928369172 -0.050003935326906016
leaf_weight=0.11760365030295361 0.20227277438971214 0.0020503967825788996 0.011009855203155894 0.00696556637831236 0.0013100647674946231 0.0010507615661481387 0.0062136179913068182 0.0058316479262430212 0.0050612245413503842 0.0024913796478358563 0.0037245822604745618 0.013565570811806538 0.001975871697140974 0.0022864192815177375 0.0011947196489927583 0.015599835925968364 0.0075416845065774387 0.11371527594019426 0.0039031204796629018 0.0040052356343949205 0.0032843991793924943 0.0012431332615960855 0.19220603318171925 0.0014880489270581157 0.0042740257922559968 0.0010516730344534153 0.001314271153205481 0.049477761382149765 0.001131658602389507 0.001381277099426371
leaf_count=7063 1359 121 77 10 53 6 24 6 16 137 7 807 29 4 15 103 22 742 11 27 16 26 11576 33 22 32 72 2907 18 61
internal_value=-0.00137499 -0.0229768 0.00183487 0.0384833 0.044507 -0.0496617 0.050019 0.0500909 -0.0501448 -0.0500867 0.0500098 -0.0500015 -0.0500232 -0.050035 -0.0500012 0.0500082 0.0500143 0.0500088 0.0500082 0.0500075 0.0500098 -0.0500034 -0.0500011 -0.0500025 0.0500078 -0.0500026 -0.050001 -0.0500014 -0.0500097 -0.0500012
internal_weight=0.786226 0.553522 0.286828 0.16803 0.15733 0.266693 0.148672 0.0168415 0.00865771 0.0107001 0.131831 0.265643 0.00507794 0.00359648 0.118798 0.232704 0.0231415 0.128106 0.121892 0.209562 0.00728963 0.00373451 0.260565 0.0164349 0.117989 0.00310207 0.24413 0.0519237 0.00244593 0.0149468
internal_count=25402 23875 8213 1135 962 15662 889 83 73 173 806 15656 182 57 7078 1527 125 799 775 1402 43 163 15474 901 764 153 14573 2997 90 868
is_linear=0
shrinkage=0.05


Tree=174
num_leaves=31
num_cat=0
split_feature=9 13 7 8 3 5 9 7 0 9 3 1 8 9 3 5 9 3 3 11 9 8 2 0 8 3 3 11 9 8
split_gain=0.460134 0.0775527 0.0591496 0.0305426 0.0150449 0.0136667 0.0129449 0.013297 0.0157174 0.00583365 0.0271035 0.00424556 0.000961203 0.000694522 0.0104218 7.57078e-06 6.71602e-08 6.24486e-08 2.51067e-08 1.16484e-08 1.68993e-09 1.0155e-09 6.62376e-10 6.41671e-10 5.40959e-10 9.32626e-11 8.7194e-11 8.19872e-11 2.55982e-11 1.06135e-11
threshold=-0.53134802822849891 1.0000000180025095e-35 129.50000000000003 141.03601694915258 7.6955305627591644 8.0461435594711883 -0.71929357792026261 119.50000000000001 0.18981894877374797 -0.26634925049910491 4.6478001079635041 11.655418162737622 123.02727272727275 -1.0000000180025095e-35 4.6478001079635041 6.9335082737100722 -0.70688395170678076 7.4985928023719568 7.4662273925763296 0.10555555555555557 -0.21171336248670511 194.13802816901412 2.6735537653587347 0.18981894877374797 227.14705882352942 7.9280455358981579 7.4874537278250921 0.039230769230769243 -0.15093364397138662 267.48845327604732
decision_type=2 2 2 2 2 2 2 2 2 2 2 2 2 2 2 2 2 2 2 2 2 2 2 2 2 2 2 2 2 2
left_child=6 5 3 4 15 12 -1 -8 16 10 -7 17 -2 14 -11 -3 -9 18 22 24 -17 -15 -4 -19 -5 27 28 -25 -22 -29
right_child=1 2 11 19 -6 9 7 8 -10 13 -12 -13 -14 21 -16 20 -18 23 -20 -21 26 -23 -24 25 -26 -27 -28 29 -30 -31
leaf_value=-0.050000790740546253 -0.05000081973444568 0.047646175460946585 -0.050001570359256203 -0.050028214398779636 -0.050001090348684454 -0.050000787804934846 -0.050000787569531115 0.050257205230979145 -0.050000821065427185 -0.050001204639559163 0.05000721470550025 0.05001088913824047 0.0043122553407454172 0.050007106710348595 0.050007450780897682 0.050038387046663246 0.050007724286106461 -0.050041830735752968 -0.050192198908200682 -0.050130472727154762 0.050012461479037457 0.050024435550393501 -0.050047056342903462 -0.050019279867955783 -0.050001010657668592 -0.050001191193028406 0.050016565278235371 -0.05000759145073537 0.05000778191203168 -0.050000803691757946
leaf_weight=0.28826812270381197 0.0037975937593728295 0.0036469655642576973 0.0011944087736992515 0.0028117249876231654 0.0040819081877998533 0.008620750437330571 0.01566052019916242 0.0050915731117129326 0.0061428646258718791 0.0028074422534700707 0.031638950167689472 0.0010865354415727771 0.0010370584514021175 0.2254516689281445 0.036126470178714953 0.0055076166754588476 0.0057373284435016103 0.0010539440581851514 0.0075523757022892823 0.0027064524347224514 0.003195728102582506 0.0087837157479953021 0.0024260501595563255 0.0013811252774758023 0.0052204320300006657 0.028067947979252494 0.0033826375583885229 0.0010576635950201307 0.034167187390266918 0.0012643316240428248
leaf_count=18284 236 23 55 32 234 547 992 1 378 156 220 5 30 1588 244 9 47 9 9 4 17 30 6 11 303 1675 11 25 225 79
internal_value=-0.00135814 0.0325738 -0.00365837 0.0269702 0.0422899 0.0450743 -0.046622 -0.0167744 0.0138849 0.0463612 0.0285926 -0.047627 -0.0383504 0.0489799 0.042796 0.0498395 0.050125 -0.0500382 -0.0501403 -0.0500408 0.0500124 0.0500078 -0.0500321 -0.0500034 -0.0500105 -0.0500022 0.0500089 -0.0500096 0.0500082 -0.0500039
internal_weight=0.748969 0.428069 0.109805 0.0647207 0.053982 0.318264 0.3209 0.0326323 0.0169718 0.313429 0.0402597 0.0450844 0.00483465 0.273169 0.0389339 0.0499001 0.0108289 0.0439978 0.0111728 0.0107386 0.0462532 0.234235 0.00362046 0.032825 0.00803216 0.0317711 0.0407456 0.00370312 0.0373629 0.002322
internal_count=25485 5783 2732 858 519 3051 19702 1418 426 2785 767 1874 266 2018 400 285 48 1869 70 339 262 1618 61 1799 335 1790 253 115 242 104
is_linear=0
shrinkage=0.05


Tree=175
num_leaves=31
num_cat=0
split_feature=9 13 18 2 5 9 8 15 9 3 3 1 9 3 9 3 9 8 9 2 8 4 6 3 0 0 5 6 0 3
split_gain=0.436509 0.078211 0.0659582 0.0330894 0.0127048 0.0126356 0.0108936 0.0167773 0.00489018 0.0249405 0.00405222 0.00404992 0.000645017 0.00983519 5.83165e-08 4.73431e-08 2.45333e-08 7.05393e-09 1.338e-09 1.21871e-09 8.78033e-10 4.39346e-10 4.76566e-10 1.85512e-10 1.24217e-10 3.08413e-11 1.97922e-11 7.56594e-11 1.03897e-11 7.27849e-12
threshold=-0.53134802822849891 1.0000000180025095e-35 1.0000000180025095e-35 2.740319461670996 8.105272220662707 -0.71929357792026261 206.05555555555557 1.0000000180025095e-35 -0.26634925049910491 4.6478001079635041 4.6478001079635041 11.655418162737622 -1.0000000180025095e-35 4.6478001079635041 -0.70688395170678076 7.4985928023719568 1.0000000180025095e-35 141.03601694915258 -0.21171336248670511 2.3502401828962087 194.13802816901412 7.5019101675073623 3.5805906715287965 7.4874537278250921 0.37202812412846625 1.1744478143752708 8.0461435594711883 2.5762826488000714 0.32015543272899422 7.4154760425143449
decision_type=2 2 2 2 2 2 2 2 2 2 2 2 2 2 2 2 2 2 2 2 2 2 2 2 2 2 2 2 2 2
left_child=5 4 11 18 10 -1 -7 -8 9 -6 -2 15 13 -10 -9 16 19 -18 -4 -3 -14 22 -17 25 28 29 27 -26 -23 -20
right_child=1 2 3 -5 8 6 7 14 12 -11 -12 -13 20 -15 -16 21 17 -19 23 -21 -22 24 -24 -25 26 -27 -28 -29 -30 -31
leaf_value=-0.050000749964249538 -0.050000777277140973 -0.050001234702302944 0.050039775159655547 -0.050001054780792344 -0.050000749509847203 -0.050000751016473194 -0.050000832410349354 0.050244594218795818 -0.050001167083254833 0.050006857945153783 0.050008290632476728 0.050010358974644203 0.050006760334561043 0.050007043761417083 0.050007313851978187 -0.050002170979180444 -0.050204311048613295 -0.050121190449136127 0.050007143587498561 -0.050048015745762231 0.050023170481906076 -0.050011113796892527 -0.050038628041741952 0.050019265869936082 -0.050001493090858155 0.050011478354811192 -0.050001120430406693 -0.050014526723853661 -0.0500177988498587 0.050009417029908992
leaf_weight=0.27453884775059123 0.0045608293512486844 0.0020267837971914551 0.0038868183328304431 0.010095937129335653 0.0077927927786731735 0.013488019139913376 0.0069980179487174601 0.0048444387502968311 0.0026464251541256081 0.03116963263892103 0.0013020249898545444 0.001033555148751474 0.21541580572375096 0.034600188984768465 0.0055629771086387336 0.0016779730485723112 0.00452202753876918 0.00586015756107372 0.02827097853878513 0.0044465085902629653 0.0084718552607228048 0.0013688947346963678 0.0019244805143898702 0.004058037346112541 0.0050999567938561077 0.0054962905633146866 0.017842504583313712 0.0014244471612983034 0.0010100719027832383 0.0040213503525592378
leaf_count=18306 296 107 6 625 520 898 451 1 152 228 8 5 1595 247 48 85 6 35 201 13 30 58 16 12 303 31 1121 29 28 22
internal_value=-0.00133886 0.0323686 -0.00507472 0.0319259 0.0451043 -0.0465893 -0.0162727 0.00986414 0.0465284 0.0300045 -0.0277907 -0.0478988 0.0489938 0.0429013 0.0501178 -0.0500426 -0.0501098 -0.0501574 0.0500117 -0.0500334 0.0500074 -0.0500053 -0.0500216 0.0500091 -0.050003 0.050008 -0.050002 -0.0500043 -0.050014 0.0500074
internal_weight=0.715459 0.410026 0.104067 0.0558294 0.30596 0.305432 0.0308935 0.0174054 0.300097 0.0389624 0.00586285 0.0482374 0.261134 0.0372466 0.0104074 0.0472038 0.0168555 0.0103822 0.0457335 0.00647329 0.223888 0.0303483 0.00360245 0.0418467 0.0267459 0.0377886 0.0243669 0.0065244 0.00237897 0.0322923
internal_count=25483 5779 2703 897 3076 19704 1398 500 2772 748 304 1806 2024 399 49 1801 161 41 272 120 1625 1640 101 266 1539 254 1453 332 86 223
is_linear=0
shrinkage=0.05


Tree=176
num_leaves=31
num_cat=0
split_feature=9 13 18 2 5 9 7 0 9 3 1 8 9 3 9 3 9 9 2 8 3 3 0 0 7 8 8 4 7 7
split_gain=0.415012 0.0694916 0.0647292 0.0317787 0.0121005 0.0118382 0.0120786 0.0143398 0.00509853 0.0246605 0.00230323 0.000855065 0.00058971 0.00918096 5.00905e-08 4.14006e-08 2.17722e-08 1.21218e-09 1.18472e-09 7.0816e-10 2.65288e-10 1.54431e-10 4.68614e-11 2.21193e-11 2.13056e-11 8.12646e-11 1.6061e-11 8.37625e-12 8.14887e-12 1.57722e-12
threshold=-0.53134802822849891 1.0000000180025095e-35 1.0000000180025095e-35 2.740319461670996 8.0461435594711883 -0.71929357792026261 119.50000000000001 0.11812552495011401 -0.26634925049910491 4.6478001079635041 10.702598822843088 123.02727272727275 -1.0000000180025095e-35 4.6478001079635041 -0.70688395170678076 7.4985928023719568 1.0000000180025095e-35 -0.21171336248670511 2.3502401828962087 194.13802816901412 7.5898413843865926 7.4874537278250921 0.27328611250455342 1.1744478143752708 194.50000000000003 188.03448275862073 270.04000000000002 5.4827179284163234 125.50000000000001 193.50000000000003
decision_type=2 2 2 2 2 2 2 2 2 2 2 2 2 2 2 2 2 2 2 2 2 2 2 2 2 2 2 2 2 2
left_child=5 4 10 17 11 -1 -7 14 9 -6 15 -2 13 -10 -8 16 18 -4 -3 -14 -17 23 -22 28 25 -24 -27 -16 -19 -15
right_child=1 2 3 -5 8 6 7 -9 12 -11 -12 -13 19 29 27 20 -18 21 -20 -21 22 -23 24 -25 -26 26 -28 -29 -30 -31
leaf_value=-0.050000714110890888 -0.050000727903915257 -0.050001595863464567 0.050034732305635279 -0.050000909235458073 -0.050000713992252116 -0.050000715063276906 0.050232611190805444 -0.050000810540196797 -0.050000952726163277 0.050006543634221648 0.026400858314332688 0.0023512122267417405 0.050006428640637438 0.05000660346953039 0.050009061112186261 -0.050022981741083487 -0.050151175460544629 0.050006752607796835 -0.050047429159891625 0.050021832867481721 -0.050012257990233372 0.05001791372304535 -0.050016384460174285 0.050010516533689202 -0.050000725847127475 -0.050006743604212749 -0.050000709887364582 0.050005066694863501 0.05000904571630356 0.050007723018643126
leaf_weight=0.25980661675293959 0.0033245294152948182 0.0021680994150301549 0.0049838362756418056 0.0096063381497515365 0.0077861360869064802 0.014181646929500857 0.0046092444099485874 0.0056067202394842761 0.0024671286964803576 0.029592253195005469 0.0010083004781336049 0.0010190362445428036 0.20187576241005445 0.02934769143757876 0.0024699486457393505 0.0016354190665879278 0.009777988509995339 0.026806290297827218 0.0040318098435818683 0.007747227282379753 0.001111546160245779 0.0040243401890620581 0.0011161757738591405 0.0055202385192387729 0.016472024717586464 0.0013657247382070636 0.0057314303312523407 0.002800593832944287 0.0045287942411960094 0.0035235974792158222
leaf_count=18212 230 111 9 632 546 993 1 376 155 227 9 32 1572 223 19 20 39 201 12 30 45 13 8 34 1146 17 404 29 26 23
internal_value=-0.00131268 0.0325875 -0.00332655 0.0326912 0.045101 -0.0465839 -0.0166621 0.0138674 0.0463751 0.0291744 -0.0483055 -0.0377185 0.0489997 0.0430248 0.0501122 -0.0500407 -0.0501047 0.0500115 -0.0500314 0.050007 -0.0500035 0.0500086 -0.0500022 0.0500076 -0.0500018 -0.0500038 -0.0500019 0.0500069 0.0500071 0.0500067
internal_weight=0.676046 0.386572 0.0998884 0.0554698 0.286683 0.289475 0.0296682 0.0154865 0.28234 0.0373784 0.0444185 0.00434357 0.244961 0.0353384 0.00987979 0.0434102 0.0159779 0.0458635 0.00619991 0.209623 0.0274323 0.0408797 0.0257969 0.0368553 0.0246854 0.00821333 0.00709716 0.00527054 0.0313351 0.0328713
internal_count=25394 5764 2726 915 3038 19630 1418 425 2776 773 1811 262 2003 401 49 1802 162 283 123 1602 1640 274 1620 261 1575 429 421 48 227 246
is_linear=0
shrinkage=0.05


Tree=177
num_leaves=31
num_cat=0
split_feature=9 3 9 16 19 9 7 1 9 3 18 2 11 3 3 9 9 9 8 4 6 7 8 9 7 9 8 4 8 7
split_gain=0.392946 0.0596017 0.0587738 0.0152767 0.0106749 0.0103212 0.0107976 0.0134407 0.00788685 0.0291484 0.00571085 0.0134214 0.000877623 0.0130821 4.94372e-08 4.09263e-08 5.25893e-09 1.24369e-09 4.57806e-10 3.46137e-10 3.28273e-10 7.79314e-11 1.95667e-10 2.50017e-11 4.40475e-12 3.50716e-12 1.40356e-12 1.10286e-12 1.08199e-12 9.33933e-13
threshold=-0.53134802822849891 7.4662273925763296 4.1796846060151642 1.0000000180025095e-35 1.0000000180025095e-35 -0.71929357792026261 119.50000000000001 1.4978661367769956 -0.26634925049910491 4.6478001079635041 1.0000000180025095e-35 2.740319461670996 0.033908045977011504 4.6478001079635041 7.4985928023719568 -0.70688395170678076 0.5397819860804921 -0.21171336248670511 194.13802816901412 7.5019101675073623 3.5805906715287965 198.50000000000003 267.48845327604732 -0.15093364397138662 126.50000000000001 -0.60743604739198565 125.14398496240602 10.96406906830255 254.08333333333334 193.50000000000003
decision_type=2 2 2 2 2 2 2 2 2 2 2 2 2 2 2 2 2 2 2 2 2 2 2 2 2 2 2 2 2 2
left_child=5 3 10 4 8 -1 -7 15 9 -2 14 -12 13 -10 -3 -8 -5 -14 26 20 -16 22 -21 -19 -25 -17 27 -4 -11 -15
right_child=1 2 18 16 -6 6 7 -9 12 28 11 -13 17 29 19 25 -18 23 -20 21 -22 -23 -24 24 -26 -27 -28 -29 -30 -31
leaf_value=-0.050000677900359163 -0.050000686302207387 -0.050147408267633087 0.050006088785933905 -0.050001494749757062 -0.050033777045145389 -0.050000678814935244 0.050221213120295552 -0.050000770128826089 -0.050000954380797318 0.050006124329842472 0.050014329972844988 -0.050000956206566506 0.050035240974541241 0.050006289950886552 -0.050002119224154623 0.050008329327999992 -0.050111610838744915 0.050010997480838815 0.050020988581027798 -0.050016105105265843 -0.050034947404282472 -0.050000734869377929 -0.050000795145479282 0.050006113921143139 0.050008105320228841 0.050005539185174412 0.050007500119913652 0.050007215474536064 0.050007177543315885 0.050007000039458883
leaf_weight=0.24792780228381162 0.0098447216369095258 0.0077936856378073563 0.017287489608861506 0.0020176821180939433 0.0029716690578425178 0.01344027532832115 0.0043854187242686749 0.0053756906863782214 0.0035410874224908176 0.02533605282951612 0.0053548712312476718 0.0089785114560072543 0.0037615908368024966 0.03743654016579967 0.0013530896740121525 0.0021197194655542262 0.0023437610707333079 0.002690438457648269 0.0070568733790423712 0.0033610113223403459 0.0017418117158740642 0.015697450930019841 0.005505325110789272 0.18700957679538988 0.002818660141201689 0.0024031268112594262 0.0024454587546642861 0.002484049226040951 0.0026982463605236253 0.0052841863944195202
leaf_count=18271 719 16 142 111 25 989 1 379 232 207 22 615 7 299 73 20 6 16 27 24 16 1131 397 1531 18 22 17 18 19 38
internal_value=-0.00165732 0.0322403 -0.00621091 0.0428047 0.0442339 -0.0467653 -0.0178327 0.0124353 0.0452328 0.0240145 -0.0392686 -0.0126358 0.0485466 0.0423514 -0.0500362 0.0501124 -0.0500607 0.0500068 0.0500099 -0.0500048 -0.0500206 -0.0500029 -0.0500066 0.0500062 0.0500061 0.0500068 0.0500064 0.0500062 0.0500062 0.0500064
internal_weight=0.642466 0.366814 0.0790596 0.287754 0.283393 0.275652 0.0277242 0.014284 0.280421 0.037879 0.0497858 0.0143334 0.242542 0.0462618 0.0354524 0.00890827 0.00436144 0.19628 0.0292739 0.0276587 0.0030949 0.0245638 0.00886634 0.192519 0.189828 0.00452285 0.022217 0.0197715 0.0280343 0.0427207
internal_count=25408 5726 2498 3228 3111 19682 1411 422 3086 945 2294 637 2141 569 1657 43 117 1572 204 1641 89 1552 421 1565 1549 42 177 160 226 337
is_linear=0
shrinkage=0.05


Tree=178
num_leaves=31
num_cat=0
split_feature=9 13 7 8 0 5 9 7 0 9 3 1 9 3 6 0 9 3 3 1 8 9 8 2 3 7 8 0 9 7
split_gain=0.378905 0.065214 0.0469322 0.0278112 0.0122465 0.0113959 0.00983155 0.0103704 0.012451 0.00445074 0.0223627 0.00119058 0.000604057 0.00883546 0.000352984 5.89272e-06 3.49483e-08 3.42033e-08 1.38845e-08 5.70058e-09 8.79573e-10 8.78629e-10 5.453e-10 3.69637e-10 1.05154e-10 6.14575e-11 6.2816e-11 5.72637e-11 1.48055e-11 5.69998e-12
threshold=-0.53134802822849891 1.0000000180025095e-35 129.50000000000003 141.03601694915258 2.0585572677438591 8.0461435594711883 -0.71929357792026261 119.50000000000001 0.11812552495011401 -0.26634925049910491 4.6478001079635041 10.392348981615788 -1.0000000180025095e-35 4.6478001079635041 3.3056644339067391 1.2123139845310107 -0.70688395170678076 7.4985928023719568 7.4662273925763296 2.1383330595080281 227.14705882352942 -0.21171336248670511 194.13802816901412 2.6735537653587347 7.4874537278250921 198.50000000000003 270.04000000000002 1.9603048091329318 -0.15093364397138662 125.50000000000001
decision_type=2 2 2 2 2 2 2 2 2 2 2 2 2 2 2 2 2 2 2 2 2 2 2 2 2 2 2 2 2 2
left_child=6 5 3 4 15 14 -1 -8 16 10 -7 17 13 -11 -2 21 -9 18 23 -5 -21 -3 -14 -4 28 26 27 -19 -23 -30
right_child=1 2 11 19 -6 9 7 8 -10 12 -12 -13 22 -15 -16 -17 -18 25 -20 20 -22 24 -24 -25 -26 -27 -28 -29 29 -31
leaf_value=-0.050000645563092611 -0.015759817349825539 0.050032265443032298 -0.050001281852003789 -0.05010677266727688 -0.050000869434500161 -0.0500006451880666 -0.050000646401110488 0.050210380419079194 -0.050000729841470803 -0.050000989427680831 0.050005912377514533 0.0051976531734238916 0.050005819889566608 0.050006082086150427 -0.05000067623483604 0.047811194575209159 0.050006575509553668 -0.050014830708937003 -0.050157267283039354 -0.05003482781822597 -0.05000098388953364 0.050010317154787612 0.050020634721076054 -0.050038523919658739 0.050016071398067408 -0.050000656307412329 -0.050000642915796915 -0.050002154063771759 0.050005971370895366 0.05000798559427197
leaf_weight=0.23730307219739188 0.0010322226553398641 0.004019592859549447 0.00100247533282527 0.0022168296500240103 0.0033224424287254797 0.007019393339760426 0.012678804227107321 0.0041724168695509434 0.0049233665613428465 0.0023849438157412797 0.027449787892692257 0.001003819344987277 0.18518788665824104 0.029861210059607401 0.0027791821739810985 0.003316546317364554 0.0042420525023771916 0.0025181802939187028 0.0061879003969806945 0.0034320403528909083 0.0043568670125750941 0.0024625541700515853 0.006426853666198439 0.0019866093298332999 0.003247275744797661 0.018967662862451107 0.0029162105083742063 0.0013785572136839619 0.023568873337353583 0.0041274433460785067
leaf_count=18384 51 8 56 4 232 544 981 1 367 160 233 16 1593 247 208 20 41 18 9 32 301 16 26 6 12 1460 227 72 199 27
internal_value=-0.00143253 0.0324899 -0.00422411 0.0252164 0.0423039 0.0450993 -0.0468017 -0.017623 0.0131549 0.0463656 0.0296403 -0.04849 0.0489408 0.0426095 -0.0407274 0.0498312 0.0501076 -0.0500316 -0.0501145 -0.050036 -0.0500159 0.0500102 0.0500063 -0.050026 0.0500075 -0.0500021 -0.0500062 -0.0500103 0.0500066 0.0500063
internal_weight=0.615493 0.352173 0.0900319 0.0540705 0.0440647 0.262141 0.26332 0.0260166 0.0133378 0.25833 0.0344692 0.0359614 0.223861 0.0322462 0.0038114 0.0407423 0.00841447 0.0349576 0.00917699 0.0100057 0.00778891 0.0374257 0.191615 0.00298908 0.0334061 0.0257806 0.00681295 0.00389674 0.0301589 0.0276963
internal_count=25551 5777 2715 851 514 3062 19774 1390 409 2803 777 1864 2026 407 259 282 42 1848 71 337 333 262 1619 62 254 1777 317 90 242 226
is_linear=0
shrinkage=0.05


Tree=179
num_leaves=31
num_cat=0
split_feature=9 13 18 2 5 9 7 0 9 3 1 8 9 3 9 3 9 9 2 8 0 3 9 3 7 7 8 0 8 7
split_gain=0.354914 0.061946 0.0562063 0.0274245 0.0114119 0.0104247 0.0104909 0.0123494 0.00402734 0.0202536 0.00308003 0.00179274 0.000504065 0.0077811 3.22047e-08 2.56263e-08 1.38831e-08 7.72425e-10 7.02603e-10 4.8947e-10 2.21525e-10 2.28193e-10 1.4654e-10 9.91416e-11 2.81911e-11 2.17459e-11 5.33223e-11 1.62438e-11 5.42282e-12 4.54317e-12
threshold=-0.53134802822849891 1.0000000180025095e-35 1.0000000180025095e-35 2.740319461670996 8.105272220662707 -0.71929357792026261 119.50000000000001 0.11812552495011401 -0.26634925049910491 4.6478001079635041 10.926199182278388 133.16666666666671 -1.0000000180025095e-35 4.6478001079635041 -0.70688395170678076 7.4985928023719568 1.0000000180025095e-35 -0.21171336248670511 2.3502401828962087 194.13802816901412 0.60818791235951253 7.9765953503525298 0.5397819860804921 7.4874537278250921 152.50000000000003 198.50000000000003 267.48845327604732 1.1744478143752708 239.12500000000003 125.50000000000001
decision_type=2 2 2 2 2 2 2 2 2 2 2 2 2 2 2 2 2 2 2 2 2 2 2 2 2 2 2 2 2 2
left_child=5 4 10 17 11 -1 -7 14 9 -6 15 -2 13 -10 -8 16 18 -4 -3 -14 21 22 -17 27 -23 26 -22 29 -16 -19
right_child=1 2 3 -5 8 6 7 -9 12 -11 -12 -13 19 -15 28 20 -18 23 -20 -21 25 24 -24 -25 -26 -27 -28 -29 -30 -31
leaf_value=-0.050000615440064761 -0.050000641873282681 -0.05000139367497182 0.050029892425281941 -0.050000875484546958 -0.050000613700922528 -0.050000615320855119 0.050200078405525574 -0.050000696353930389 -0.050000831407561945 0.050005614897887088 0.037174555582279618 0.025630792826044649 0.050005534369418674 0.050005782203000483 0.050007799196656988 -0.050010732202347224 -0.050129114808433885 0.050005802993121601 -0.050039501506793649 0.050018939867888128 -0.050010447019656581 -0.050010146907085953 -0.050034737642464459 0.05001543208881231 -0.050000606893369409 -0.050000656254419878 -0.050000750084384385 0.050009238615233709 0.050004363890602657 0.050007663830422003
leaf_weight=0.22518355816191615 0.0035549558906495795 0.0018158243556172246 0.0042900326516246414 0.0082945718140763347 0.0063434084158870965 0.012111478018596245 0.0039697196334600449 0.0048035702720881099 0.0020918515456287414 0.02507775989943184 0.0010395448443887281 0.0010050387963929097 0.17304783641884569 0.027709641319233924 0.0021259645945974626 0.0011432070095906957 0.0084840896679452271 0.023148054635385051 0.0036226048523531063 0.0070881728679523795 0.0022267299573286428 0.0012451013071768102 0.0014321494791147416 0.0034796340914908788 0.0020482960781009751 0.012906075911814696 0.00390189952122455 0.0047466200703638597 0.0024992557118821424 0.0038215762251638799
leaf_count=18340 281 107 9 625 517 985 1 375 151 224 7 22 1565 241 19 52 40 202 12 30 24 50 4 13 169 1026 308 33 30 26
internal_value=-0.00161703 0.0321669 -0.00392552 0.0326483 0.0450304 -0.0465689 -0.0162758 0.0142096 0.0465108 0.029816 -0.0477607 -0.0333312 0.0490095 0.042986 0.0500956 -0.0500348 -0.0500891 0.0500099 -0.0500268 0.0500061 -0.0500044 -0.0500129 -0.0500241 0.0500074 -0.0500042 -0.0500018 -0.0500043 0.0500065 0.0500059 0.0500061
internal_weight=0.584258 0.333565 0.087646 0.0477805 0.245919 0.250694 0.02551 0.0133985 0.241359 0.0314212 0.0398655 0.00455999 0.209938 0.0298015 0.00859494 0.038826 0.0139225 0.0394859 0.00543843 0.180136 0.0249035 0.00586875 0.00257536 0.0351959 0.0032934 0.0190347 0.00612863 0.0317163 0.00462522 0.0269696
internal_count=25488 5738 2707 908 3031 19750 1410 425 2728 741 1799 303 1987 392 50 1792 159 283 119 1595 1633 275 56 274 219 1358 332 261 49 228
is_linear=0
shrinkage=0.05


Tree=180
num_leaves=31
num_cat=0
split_feature=8 11 7 4 19 16 1 6 4 1 7 7 6 8 7 2 8 11 4 2 1 1 7 8 8 6 4 8 7 7
split_gain=0.270965 0.0762156 0.110454 0.0464951 0.0133641 0.0113502 0.00908237 0.0021839 0.00196898 0.00184093 0.000249255 0.000226082 6.26896e-06 1.51306e-08 3.42062e-08 9.57026e-10 6.13904e-10 1.6346e-10 7.74788e-11 4.29345e-11 8.0766e-11 1.08155e-11 7.02789e-12 2.31966e-12 1.81824e-12 3.22719e-12 1.68068e-12 9.96897e-13 8.39648e-13 1.54316e-12
threshold=259.0384615384616 0.051315789473684217 94.500000000000014 7.5019101675073623 1.0000000180025095e-35 1.0000000180025095e-35 9.9394336746564438 2.1644667998552864 7.6133230286147189 10.702598822843088 109.50000000000001 119.50000000000001 3.0955375855306788 247.02307692307696 126.50000000000001 2.4414009612931857 194.13802816901412 0.021054964539007095 7.3808759299945494 4.1971736807086968 3.8393944990995772 2.740319461670996 199.50000000000003 197.13358778625957 265.04409317803669 3.4000088612696691 7.2902926497970748 117.25000000000001 129.50000000000003 119.50000000000001
decision_type=2 2 2 2 2 2 2 2 2 2 2 2 2 2 2 2 2 2 2 2 2 2 2 2 2 2 2 2 2 2
left_child=1 2 17 4 5 13 24 -3 -5 15 12 -12 -9 18 -15 -10 27 -1 21 20 22 26 23 -17 25 -2 28 -14 29 -4
right_child=6 7 3 8 -6 -7 -8 10 9 -11 11 -13 16 14 -16 19 -18 -19 -20 -21 -22 -23 -24 -25 -26 -27 -28 -29 -30 -31
leaf_value=-0.0500005928212683 -0.050004141708574236 -0.010473710985764134 0.050005334273604388 -0.001776706207965503 -0.050153191141137511 -0.050089479777472523 0.050007127946214106 0.047284434993202916 -0.050052180001731554 0.019644104933734929 0.050005539636331836 0.021578685284934992 0.050005242006899334 0.050190282918102395 0.050005450513939391 -0.05000664851960062 0.050024541464714273 -0.050020793272639391 0.050012013862995197 -0.050000783193349586 -0.050018572386830808 0.050008632633823172 -0.050000601963643233 -0.050003319797128146 -0.050000586275869612 -0.050000583467959284 0.050006701933576619 0.050006347566368473 0.050005388871718841 0.050006137870480617
leaf_weight=0.064082403543579858 0.0010030179273599052 0.0015211006793833795 0.011631932648015209 0.002967476883895869 0.0036587644290193557 0.0029159562254790208 0.0022972314982325761 0.0021446922191898912 0.0010414463467895976 0.0010081661857839199 0.0013200688117649398 0.0014876862815071945 0.15340348173776874 0.0037768324837088585 0.0074226458491466474 0.0010331355961170638 0.0042393116746097794 0.0010173474402108687 0.0050958326173713422 0.010221160516266536 0.0010771523911898839 0.0029482237296178928 0.0016542621970074833 0.0010607082076603547 0.19047686315116152 0.0017473076622991357 0.0030345017366926177 0.0020665337506216011 0.051859815655916464 0.012282260537176626
leaf_count=5454 55 52 110 16 19 3 19 22 1 10 12 35 1463 1 70 19 9 26 29 821 6 21 140 48 16285 150 25 17 483 110
internal_value=-0.00153635 0.0244381 0.00278901 0.0303502 0.0437204 0.0471221 -0.0488256 0.0491626 -0.0393727 -0.0458985 0.0497135 0.0349436 0.0499697 0.0500131 0.0500678 -0.0500058 0.0500058 -0.0500009 0.050006 -0.0500026 -0.0500065 0.0500057 -0.050003 -0.050005 -0.0500006 -0.0500019 0.0500055 0.0500053 0.0500055 0.0500057
internal_weight=0.551497 0.355973 0.18979 0.12469 0.104627 0.100968 0.195524 0.166183 0.0200635 0.017096 0.164662 0.00280776 0.161854 0.098052 0.0111995 0.0160879 0.159709 0.0650998 0.0868526 0.0150464 0.00482526 0.0817567 0.00374811 0.00209384 0.193227 0.00275033 0.0788085 0.15547 0.075774 0.0239142
internal_count=25531 9022 7412 1932 871 852 16509 1610 1061 1045 1558 47 1511 849 71 1035 1489 5480 778 1034 213 749 207 67 16490 205 728 1480 703 220
is_linear=0
shrinkage=0.05


Tree=181
num_leaves=31
num_cat=0
split_feature=9 13 18 2 9 7 0 5 9 3 1 9 3 3 9 3 9 9 11 4 6 3 11 3 0 7 2 7 1 7
split_gain=0.322399 0.0580416 0.0508633 0.0247204 0.00946445 0.00924936 0.0112705 0.0090878 0.00391309 0.0172509 0.00184453 0.000734388 0.00975618 0.000618974 2.37481e-08 2.01531e-08 1.06269e-08 6.79945e-10 5.29286e-10 1.80619e-10 1.91151e-10 1.14947e-10 2.76785e-10 7.71468e-11 4.58321e-11 1.64716e-11 2.91756e-11 1.30247e-11 6.70648e-12 3.66358e-12
threshold=-0.53134802822849891 1.0000000180025095e-35 1.0000000180025095e-35 2.740319461670996 -0.71929357792026261 119.50000000000001 0.11812552495011401 8.0461435594711883 -0.3014177459159994 4.6478001079635041 10.702598822843088 -1.0000000180025095e-35 4.6478001079635041 4.4601277074540464 -0.70688395170678076 7.4985928023719568 1.0000000180025095e-35 -0.21171336248670511 0.044466403162055343 7.5019101675073623 3.5805906715287965 15.008549572904533 0.99726996361946496 7.4874537278250921 0.37202812412846625 198.50000000000003 3.3842466058243152 97.500000000000014 2.8029010331479989 125.50000000000001
decision_type=2 2 2 2 2 2 2 2 2 2 2 2 2 2 2 2 2 2 2 2 2 2 2 2 2 2 2 2 2 2
left_child=4 7 10 17 -1 -6 14 13 9 -9 15 12 -10 -2 -7 16 18 -4 -3 20 -17 -13 -23 27 -21 26 28 -19 -26 -29
right_child=1 2 3 -5 5 6 -8 8 11 -11 -12 21 -14 -15 -16 19 -18 23 -20 24 -22 22 -24 -25 25 -27 -28 29 -30 -31
leaf_value=-0.050000556560903242 -0.050000574627801345 -0.050036334710632395 0.050029016276143916 -0.050000793700344603 -0.050000554861954621 0.050180965654255429 -0.050000628899410704 -0.050000557819836949 -0.050000786344902307 0.050005044912801222 0.018807038282729137 0.050005043276631959 0.050005257362615178 -0.0035470498924156666 0.05000542556362722 -0.050001655638328923 -0.050118481531192874 0.05000942228109323 -0.050001374399794386 -0.05000992480404836 -0.050028824853097002 0.050005107749901134 0.050019558774853159 0.05001490635832239 -0.050005694235261446 -0.050000565519609887 -0.050011324899831837 0.050005316955406498 -0.050001235682676184 0.050007075181535014
leaf_weight=0.20410243118294602 0.0023788798307577954 0.0033480147039881567 0.0037963958602631456 0.0075017523677161071 0.010689959001865645 0.0035932844039052725 0.0044158763303130399 0.0055585138461538 0.0026581219863146535 0.019233089675253723 0.0010005855110648545 0.14957685570698231 0.029550224760896526 0.0010265319870086387 0.0041541737227817066 0.0011931485323657389 0.0078976465538289631 0.0023593646619701749 0.0016000200221242267 0.0018399372302155817 0.0014153040210658219 0.010751936075394042 0.0047894870585878388 0.0025699044635985038 0.0010695544733607667 0.011993253895525413 0.0010533969179959968 0.022910974344995338 0.0039892614249765757 0.0034027983565465538
leaf_count=18369 208 16 8 624 961 1 381 500 214 191 10 1492 283 45 48 80 41 18 101 93 15 106 20 10 39 1072 12 219 322 25
internal_value=-0.00147678 0.0321472 -0.00475181 0.0323732 -0.0465839 -0.0160701 0.0137503 0.0450632 0.046306 0.0275828 -0.0481402 0.0486583 0.0417519 -0.0359976 0.0500868 -0.0500325 -0.0500825 0.050009 -0.050025 -0.050004 -0.0500164 0.0500055 0.0500096 0.0500066 -0.0500024 -0.0500016 -0.0500038 0.0500059 -0.0500022 0.0500055
internal_weight=0.531421 0.304465 0.0789413 0.0425412 0.226956 0.0228533 0.0121633 0.225524 0.222118 0.0247916 0.0364001 0.197327 0.0322083 0.00340541 0.00774746 0.0353995 0.0128457 0.0350394 0.00494803 0.0225539 0.00260845 0.165118 0.0155414 0.031243 0.0199454 0.0181055 0.00611221 0.0286731 0.00505882 0.0263138
internal_count=25524 5764 2705 904 19760 1391 430 3059 2806 691 1801 2115 497 253 49 1791 158 280 117 1633 95 1618 126 272 1538 1445 373 262 361 244
is_linear=0
shrinkage=0.05


Tree=182
num_leaves=31
num_cat=0
split_feature=9 13 18 2 9 7 0 5 9 3 0 0 9 8 9 3 9 2 8 9 4 6 3 7 8 0 7 7 8 4
split_gain=0.307844 0.0525767 0.0473979 0.0237598 0.00875662 0.00895611 0.0104891 0.00861653 0.00359725 0.0215851 0.00266692 0.00058953 0.000240874 0.00251282 2.02189e-08 1.82105e-08 8.24376e-09 5.53176e-10 2.79181e-10 2.42641e-10 1.69808e-10 1.62629e-10 6.7174e-11 2.20214e-11 6.34741e-11 6.89418e-12 3.33466e-12 2.23596e-12 1.02815e-12 6.09426e-13
threshold=-0.53134802822849891 1.0000000180025095e-35 1.0000000180025095e-35 2.740319461670996 -0.71929357792026261 119.50000000000001 0.11812552495011401 8.0461435594711883 -0.19294029418538369 4.6478001079635041 3.3190240918789269 0.073040753334579364 -1.0000000180025095e-35 152.05000000000004 -0.70688395170678076 7.4985928023719568 1.0000000180025095e-35 2.3502401828962087 194.13802816901412 -0.21171336248670511 7.5019101675073623 3.5805906715287965 7.4874537278250921 198.50000000000003 270.04000000000002 1.2123139845310107 125.50000000000001 129.50000000000003 177.27179487179492 7.3808759299945494
decision_type=2 2 2 2 2 2 2 2 2 2 2 2 2 2 2 2 2 2 2 2 2 2 2 2 2 2 2 2 2 2
left_child=4 7 10 19 -1 -6 14 11 9 -9 15 -2 13 -10 -7 16 17 -3 28 -4 21 -17 25 24 -22 26 29 -16 -14 -21
right_child=1 2 3 -5 5 6 -8 8 12 -11 -12 -13 18 -15 27 20 -18 -19 -20 22 23 -23 -24 -25 -26 -27 -28 -29 -30 -31
leaf_value=-0.050000526260397353 -0.050000562300379137 -0.050001239430021084 0.050021393168616257 -0.05000074335566769 -0.050000530113766456 0.050172108523329539 -0.050000600717575339 -0.050000529469755452 -0.014704070011079441 0.050004847148969238 0.031779387093774439 -0.0045896913910080418 0.050004750287694667 0.050004991825214541 0.050006483277435523 -0.05000161521350717 -0.050112479509665846 -0.050038949875522487 0.050016140017604405 0.05000487501782918 -0.050010697808982298 -0.050027615284382099 0.050013114740268684 -0.050000580619689587 -0.050000536615688651 0.050007922690243983 0.050006614092800952 0.050004071921703523 0.050005850276108946 0.050005782771633811
leaf_weight=0.19412562665002042 0.0022209252765605916 0.0015857434200370335 0.0028852942486992097 0.0072038379976220304 0.01045445664840372 0.0034186260309070349 0.0040864745769795263 0.0065674592506184118 0.0016600770950390134 0.03024188031849917 0.0010274346359437905 0.0010538327960603056 0.14728924129303778 0.015585480738081969 0.0017927627741300967 0.0010934735119008101 0.0075279252332620672 0.0025145775853161467 0.0055972970221773713 0.019620387472969014 0.0023889327585493439 0.0013365844561121776 0.003180985171638894 0.011974581291724462 0.004309211001782387 0.0025474194189882829 0.0035485471598803988 0.0020729372990899719 0.0021554473423748268 0.0020413245292729689
leaf_count=18367 201 108 8 633 988 1 370 621 83 313 12 52 1551 157 21 76 41 8 28 203 25 14 14 1109 405 19 28 26 19 18
internal_value=-0.00152344 0.0323939 -0.0036593 0.0324476 -0.0466246 -0.0165968 0.014115 0.0450899 0.0463503 0.0321621 -0.0475413 -0.0353871 0.0493817 0.043776 0.0500835 -0.0500312 -0.0500814 -0.0500244 0.0500052 0.0500075 -0.0500035 -0.0500159 0.0500062 -0.0500019 -0.0500042 0.0500054 0.0500052 0.0500052 0.0500048 0.050005
internal_weight=0.503109 0.287158 0.0747863 0.0410278 0.215951 0.0218253 0.0113708 0.212372 0.209097 0.0368093 0.0337585 0.00327476 0.172288 0.0172456 0.00728433 0.032731 0.0116282 0.00410032 0.155042 0.033824 0.0211028 0.00243006 0.0309387 0.0186727 0.00669814 0.0277577 0.0252103 0.0038657 0.149445 0.0216617
internal_count=25519 5746 2721 923 19773 1406 418 3025 2772 934 1798 253 1838 240 48 1786 157 116 1598 290 1629 90 282 1539 430 268 249 47 1570 221
is_linear=0
shrinkage=0.05


Tree=183
num_leaves=31
num_cat=0
split_feature=9 13 18 2 5 9 7 1 9 3 1 6 9 3 9 3 9 9 2 8 4 6 3 7 8 7 7 7 8 4
split_gain=0.28937 0.0508165 0.0456666 0.0223645 0.00902339 0.00835509 0.00845076 0.0100144 0.00362592 0.0176546 0.00245871 0.000528022 0.00048163 0.00687705 1.73966e-08 1.49418e-08 7.74794e-09 5.02762e-10 3.89733e-10 2.3205e-10 1.3498e-10 1.43209e-10 4.91293e-11 3.27609e-11 7.72501e-11 5.67336e-12 3.80819e-12 1.93781e-12 7.85372e-13 5.82177e-13
threshold=-0.53134802822849891 1.0000000180025095e-35 1.0000000180025095e-35 2.740319461670996 8.0695940463597982 -0.71929357792026261 119.50000000000001 1.4978661367769956 -0.26634925049910491 4.6478001079635041 10.835188264433123 3.3056644339067391 -1.0000000180025095e-35 4.6478001079635041 -0.70688395170678076 7.4985928023719568 1.0000000180025095e-35 -0.21171336248670511 2.3502401828962087 194.13802816901412 7.5019101675073623 3.5805906715287965 7.4874537278250921 198.50000000000003 267.48845327604732 98.500000000000014 124.50000000000001 128.50000000000003 179.4531187624751 7.2902926497970748
decision_type=2 2 2 2 2 2 2 2 2 2 2 2 2 2 2 2 2 2 2 2 2 2 2 2 2 2 2 2 2 2
left_child=5 4 10 17 11 -1 -7 14 9 -6 15 -2 13 -10 -8 16 18 -4 -3 28 21 -17 25 24 -22 -19 29 -16 -14 -27
right_child=1 2 3 -5 8 6 7 -9 12 -11 -12 -13 19 -15 27 20 -18 22 -20 -21 23 -23 -24 -25 -26 26 -28 -29 -30 -31
leaf_value=-0.050000502837684181 -0.0066353607406598406 -0.050001033223792769 0.05002726257854432 -0.050000691151646216 -0.050000502783208327 -0.050000503383618035 0.050163686513341223 -0.050000569693449015 -0.050000802476843235 0.05000460944455714 0.027940082039153259 -0.050000529428759578 0.050004518748907156 0.050004751813261278 0.050006245733551759 -0.050001441487003945 -0.050107017348189335 0.05000739732885931 -0.050032946240732082 0.050015218970851774 -0.050011675037273141 -0.050026272751489846 0.050012395374084119 -0.050000521881673303 -0.050000594113887409 0.050004646987616301 0.050006459427383777 0.050003930366561457 0.050005535391597834 0.050005288858739706
leaf_weight=0.18384867834811303 0.0010076391909024087 0.0013991124806125299 0.0030915891838958478 0.0067710248013099763 0.0055784384594517169 0.0098541735378603335 0.0032524298876523972 0.003910137727871188 0.0018596160989545743 0.021127917651028838 0.0010443285282235584 0.0023138974156609038 0.13977442002942553 0.022745917056454346 0.0015996780784917064 0.0010689103646654976 0.0071593985389881709 0.003081497117818798 0.0030254280563895009 0.0052688284122268661 0.0025956000017686156 0.0012711600757029373 0.0027601138790487303 0.011270967654127162 0.0039916713531056303 0.014127639435173478 0.0042817061621462918 0.0020769718212250154 0.0019258563843322909 0.0047105139019549816
leaf_count=18287 50 107 7 628 555 979 1 373 156 230 9 221 1547 241 20 82 41 28 12 29 26 14 13 1107 387 153 36 27 18 46
internal_value=-0.00163559 0.0320299 -0.00413838 0.0325663 0.0448843 -0.0466102 -0.0164892 0.0139766 0.0462534 0.0291155 -0.0475491 -0.036845 0.048921 0.0424466 0.0500795 -0.0500296 -0.0500749 0.0500081 -0.0500229 0.0500049 -0.0500036 -0.0500149 0.0500061 -0.0500022 -0.050005 0.0500054 0.0500051 0.0500049 0.0500045 0.0500048
internal_weight=0.477795 0.273253 0.0716507 0.0388241 0.201603 0.204542 0.0206934 0.0108392 0.198281 0.0267064 0.0328266 0.00332154 0.171575 0.0246055 0.00692908 0.0317822 0.0115839 0.0320531 0.00442454 0.146969 0.0201983 0.00234007 0.0289615 0.0178582 0.00658727 0.0262014 0.0231199 0.00367665 0.1417 0.0188382
internal_count=25430 5743 2696 911 3047 19687 1400 421 2776 785 1785 271 1991 397 48 1776 160 283 119 1594 1616 96 276 1520 413 263 235 47 1565 199
is_linear=0
shrinkage=0.05


Tree=184
num_leaves=31
num_cat=0
split_feature=9 13 7 8 3 5 9 7 0 9 3 1 6 9 3 6 9 3 3 1 8 9 8 0 3 3 7 8 0 9
split_gain=0.278377 0.0507191 0.0331988 0.0207189 0.0091251 0.00827407 0.00763686 0.00788124 0.00960251 0.00307456 0.0161535 0.00238255 0.00132236 0.000452872 0.00662802 5.1447e-06 1.47552e-08 1.38237e-08 5.59833e-09 3.18111e-09 3.57384e-10 3.07837e-10 2.27954e-10 1.08724e-10 4.44055e-11 4.40685e-11 1.28509e-11 1.33995e-11 1.38313e-11 6.10044e-12
threshold=-0.53134802822849891 1.0000000180025095e-35 129.50000000000003 141.03601694915258 7.6955305627591644 8.0695940463597982 -0.71929357792026261 119.50000000000001 0.11812552495011401 -0.26634925049910491 4.6478001079635041 10.702598822843088 3.2908423471633479 -1.0000000180025095e-35 4.6478001079635041 2.3541757980523781 -0.70688395170678076 7.4985928023719568 7.4662273925763296 2.1383330595080281 227.14705882352942 -0.21171336248670511 194.13802816901412 0.37202812412846625 7.4874537278250921 7.3346551887924436 198.50000000000003 270.04000000000002 1.9603048091329318 -0.15093364397138662
decision_type=2 2 2 2 2 2 2 2 2 2 2 2 2 2 2 2 2 2 2 2 2 2 2 2 2 2 2 2 2 2
left_child=6 5 3 4 15 12 -1 -8 16 10 -7 17 -2 14 -11 -3 -9 18 25 -5 -21 -17 -15 -19 29 -4 27 28 -25 -23
right_child=1 2 11 19 -6 9 7 8 -10 13 -12 -13 -14 22 -16 21 -18 23 -20 20 -22 24 -24 26 -26 -27 -28 -29 -30 -31
leaf_value=-0.05000047995630448 0.017135679449666433 0.047579807019823145 -0.050013640770093827 -0.050088005785654838 -0.050000657501976922 -0.050000476451643731 -0.050000477893143484 0.050155678747131616 -0.050000541202809237 -0.050000756648499546 0.050004370670236269 0.028056492619404596 -0.050000517969014162 0.050004305526278325 0.050004507342487986 0.05002314580475295 0.050004695086260743 -0.050014887466426849 -0.05011641359965413 -0.050025759768310377 -0.05000074216498003 0.050007622517819067 0.050014599048225278 -0.05000900248850465 0.050012275992333044 -0.050027674441264214 -0.050000492362867167 -0.050000478424195562 -0.050001555368643105 0.050004725966165432
leaf_weight=0.17503407289677853 0.001033863775774079 0.002375217240114579 0.0012091696125935405 0.0018021093474089858 0.0024845383222782394 0.0050292620408072244 0.0095371754359803163 0.0030942885205149651 0.0038018091900084983 0.0017892433397719279 0.020486504014115781 0.0010140460435650303 0.0025242620649805758 0.13685628563689534 0.022388213845260907 0.0028240233368705915 0.0033920913883775938 0.0015895162459855774 0.004588725694702589 0.0025794539733396959 0.0031965859425326926 0.0020023751203552776 0.0055984917344176202 0.0015144507815421085 0.0023161457211244843 0.0010410128766125126 0.01375806831765658 0.0019965477695222944 0.0010597925802358077 0.019716585280548322
leaf_count=18303 33 26 45 3 236 526 996 1 381 159 235 9 249 1590 250 8 46 71 9 33 299 17 31 17 11 16 1418 209 76 214
internal_value=-0.00138375 0.0321975 -0.00532639 0.0242463 0.0419921 0.0450569 -0.0466692 -0.0172577 0.013095 0.0464559 0.030293 -0.0471724 -0.0304931 0.0489309 0.0426037 0.0498103 0.0500767 -0.0500234 -0.0500847 -0.05003 -0.0500119 0.0500075 0.0500047 -0.0500023 0.0500057 -0.0500201 -0.0500013 -0.0500036 -0.0500059 0.050005
internal_weight=0.457634 0.262774 0.0670684 0.039297 0.0317189 0.195706 0.194859 0.0198254 0.0102882 0.192148 0.0255158 0.0277713 0.00355813 0.166632 0.0241775 0.0292343 0.00648638 0.0267573 0.00683891 0.00757815 0.00577604 0.0268591 0.142455 0.0199184 0.0240351 0.00225018 0.0183289 0.00457079 0.00257424 0.021719
internal_count=25517 5790 2717 847 512 3073 19727 1424 428 2791 761 1870 282 2030 409 276 47 1861 70 335 332 250 1621 1791 242 61 1720 302 93 231
is_linear=0
shrinkage=0.05


Tree=185
num_leaves=31
num_cat=0
split_feature=9 13 7 8 3 5 9 7 0 9 3 2 6 9 7 3 9 3 1 9 8 8 0 3 7 8 0 0 7 9
split_gain=0.26389 0.0459116 0.0329391 0.0194597 0.008758 0.00805616 0.00704059 0.00727547 0.00907912 0.00302019 0.0184152 0.00134812 0.000578909 0.000207557 0.00242266 1.24441e-08 1.24248e-08 4.30234e-09 2.65407e-09 3.8457e-10 3.05409e-10 1.78041e-10 9.41119e-11 4.06685e-11 1.10435e-11 1.13406e-11 1.1248e-11 6.97388e-12 1.52926e-12 9.65083e-13
threshold=-0.53134802822849891 1.0000000180025095e-35 129.50000000000003 141.03601694915258 7.6955305627591644 8.0695940463597982 -0.71929357792026261 119.50000000000001 0.11812552495011401 -0.19294029418538369 4.6478001079635041 9.7957348419155554 3.3056644339067391 -1.0000000180025095e-35 135.50000000000003 7.4985928023719568 -0.70688395170678076 7.4662273925763296 2.1383330595080281 -0.21171336248670511 227.14705882352942 194.13802816901412 0.37202812412846625 7.4874537278250921 198.50000000000003 270.04000000000002 1.9603048091329318 1.1744478143752708 125.50000000000001 -0.60743604739198565
decision_type=2 2 2 2 2 2 2 2 2 2 2 2 2 2 2 2 2 2 2 2 2 2 2 2 2 2 2 2 2 2
left_child=6 5 3 4 19 12 -1 -8 16 10 -7 15 -2 14 -11 17 -9 -4 -5 -3 -20 -15 -17 27 25 26 -24 28 -21 -18
right_child=1 2 11 18 -6 9 7 8 -10 13 -12 -13 -14 21 -16 22 29 -19 20 23 -22 -23 24 -25 -26 -27 -28 -29 -30 -31
leaf_value=-0.050000455532463739 -0.0043029728007567044 0.05002469379897384 -0.050016202814770316 -0.05008326035774107 -0.050000643285167082 -0.050000454820050923 -0.050000455908557985 0.050148063227303377 -0.050000517129088776 -0.021313604717488541 0.050004189686889813 0.0081790070076488124 -0.050000483353705105 0.050004100568194647 0.050004332398681989 -0.050014245976538432 0.050005485082889801 -0.050110914640157905 -0.050024773366507007 0.050004306067218285 -0.050000594824771052 0.050014077733446044 -0.050008447127899626 0.050011286387583447 -0.050000465423003071 -0.050000455037900696 -0.050001679861459716 0.050006908528681365 0.050005635241698015 0.050003717221008694
leaf_weight=0.16600878880217351 0.0010410506656626231 0.0029124692664481691 0.0016541915142624921 0.001723576265248993 0.0023700708043179466 0.0055884064768179078 0.0089797698556139949 0.0029438140336424112 0.0036284527595853433 0.0013042657546975542 0.026116301196452696 0.0010364285499235839 0.0020732781740662176 0.12878931679733796 0.013686509686522186 0.0015028297848402863 0.0014805056562181562 0.004357855356829532 0.0024266055870612036 0.017085222789319232 0.0028283296087465715 0.0046322440975927739 0.0014432020625463329 0.0027379959356039754 0.012929467612593726 0.0019085804487986024 0.0010687443782444461 0.0034636089476407497 0.0024778511651675208 0.0016131132651935332
leaf_count=18249 51 7 62 4 234 614 986 1 381 79 313 15 218 1572 159 70 21 8 30 201 283 27 17 14 1405 210 75 33 23 22
internal_value=-0.00150732 0.0322778 -0.0042061 0.0254153 0.0423731 0.0450066 -0.0467284 -0.0175963 0.0125076 0.0463852 0.0323769 -0.0476933 -0.0347248 0.0493777 0.0437993 -0.0500222 0.0500745 -0.0500849 -0.0500294 0.0500075 -0.0500118 0.0500044 -0.0500022 0.0500055 -0.0500012 -0.0500034 -0.0500056 0.0500048 0.0500045 0.0500046
internal_weight=0.431813 0.247158 0.063927 0.0380257 0.0310472 0.183231 0.184654 0.0186457 0.00966589 0.180117 0.0317047 0.0259013 0.00311433 0.148412 0.0149908 0.0248649 0.00603743 0.00601205 0.00697851 0.0286771 0.00525494 0.133422 0.0188528 0.0257647 0.01735 0.00442053 0.00251195 0.0230267 0.0195631 0.00309362
internal_count=25384 5724 2691 829 512 3033 19660 1411 425 2764 927 1862 269 1837 238 1847 44 70 317 278 313 1599 1777 271 1707 302 92 257 224 43
is_linear=0
shrinkage=0.05


Tree=186
num_leaves=31
num_cat=0
split_feature=9 13 18 2 5 9 8 0 9 3 0 8 9 8 9 3 9 2 9 8 4 3 0 0 5 6 3 9 8 9
split_gain=0.247109 0.0460488 0.038505 0.0192522 0.00768468 0.00668272 0.00596929 0.00963139 0.00307983 0.0178493 0.00134238 0.000230494 0.000221645 0.00199834 1.07037e-08 9.43604e-09 5.09829e-09 2.59044e-10 1.91179e-10 1.52013e-10 8.34923e-11 3.27741e-11 2.19268e-11 6.26995e-12 4.34366e-12 1.32374e-11 1.31508e-12 8.93112e-13 2.22294e-12 8.46538e-13
threshold=-0.53134802822849891 1.0000000180025095e-35 1.0000000180025095e-35 2.740319461670996 8.0461435594711883 -0.71929357792026261 206.05555555555557 0.11812552495011401 -0.19294029418538369 4.6478001079635041 2.8127681323349059 111.94594594594595 -1.0000000180025095e-35 152.05000000000004 -0.70688395170678076 7.4985928023719568 1.0000000180025095e-35 2.3502401828962087 -0.21171336248670511 194.13802816901412 7.5019101675073623 7.4874537278250921 0.37202812412846625 1.1744478143752708 8.0461435594711883 2.5018183597364749 7.4154760425143449 -0.2304377450747763 374.37179487179492 -0.59407388159076946
decision_type=2 2 2 2 2 2 2 2 2 2 2 2 2 2 2 2 2 2 2 2 2 2 2 2 2 2 2 2 2 2
left_child=5 4 10 18 11 -1 -7 14 9 -6 15 -2 13 -10 -8 16 17 -3 -4 -14 -17 23 -22 26 25 -24 -20 28 -26 -16
right_child=1 2 3 -5 8 6 7 -9 12 -11 -12 -13 19 -15 29 20 -18 -19 21 -21 22 -23 24 -25 27 -27 -28 -29 -30 -31
leaf_value=-0.050000436167518925 -0.050000481959833899 -0.05000101859448456 0.05002087296965127 -0.050000590770992774 -0.050000432343809402 -0.050000432595545735 0.05014082220245332 -0.050000480156952853 -0.009786885524642781 0.050003986602781797 0.008157833757262407 -0.019911329502999828 0.050003900253445782 0.050004102132961407 0.050005244381701043 -0.050012642236666155 -0.050092349612481185 -0.05002836468952733 0.050004120927242227 0.050013308050125042 -0.050007856403385821 0.050010792119151694 -0.050000852374979088 0.050006592090056451 -0.050003400985039193 -0.050007392056789647 0.050005446752051146 -0.050000504066891854 -0.050000431761563137 0.050003549004075144
leaf_weight=0.15739986200969724 0.0016856302854648666 0.0012976843040632957 0.0021299453073879695 0.005885218364710453 0.0054658815097354809 0.0079306188499685959 0.0028006366919726133 0.0041315444495921838 0.0015699378009230722 0.024292293135658838 0.0010283715982950517 0.0010225912574242102 0.12217012744804379 0.012719565085717477 0.0014095448059379123 0.0020522886725302661 0.0061464946397791209 0.0026033556750917342 0.01628891615109751 0.0044502471500891252 0.0014075664221309134 0.0024031227512750766 0.0026373345763204279 0.0034635932679520911 0.0010204783884546487 0.0010951071126328316 0.0021129557208041652 0.0076168191581018618 0.0016488427609147038 0.0015415520138049033
leaf_count=18190 182 107 7 636 631 915 1 461 84 306 37 71 1568 156 21 98 39 12 201 28 91 13 275 34 59 44 20 854 191 22
internal_value=-0.00180487 0.0317923 -0.00563419 0.0317756 0.0449254 -0.0467154 -0.0176895 0.00823762 0.0462514 0.0316355 -0.0479299 -0.0386392 0.0493381 0.0434351 0.0500708 -0.0500254 -0.050064 -0.0500193 0.0500065 0.0500042 -0.0500032 0.0500052 -0.0500019 0.0500046 -0.0500013 -0.0500028 0.0500043 -0.0500008 -0.0500016 0.0500044
internal_weight=0.409428 0.234214 0.0608381 0.0322838 0.173376 0.175214 0.0178139 0.00988328 0.170668 0.0297582 0.0285543 0.00270822 0.14091 0.0142895 0.00575173 0.027526 0.0100475 0.00390104 0.0263985 0.12662 0.0174784 0.0242686 0.0154261 0.0218655 0.0140186 0.00373244 0.0184019 0.0102861 0.00266932 0.0029511
internal_count=25354 5744 2718 911 3026 19610 1420 505 2773 937 1807 253 1836 240 44 1770 158 119 275 1596 1612 268 1514 255 1423 319 221 1104 250 43
is_linear=0
shrinkage=0.05


Tree=187
num_leaves=31
num_cat=0
split_feature=9 7 11 7 16 19 0 9 7 0 9 9 0 4 8 8 7 9 1 8 8 7 7 11 8 7 2 8 6 4
split_gain=0.242358 0.0343901 0.0158984 0.0255168 0.0272268 0.0156075 0.0086469 0.00586828 0.00638598 0.00788563 0.00207095 8.87897e-09 3.60308e-09 2.41858e-10 2.20334e-10 1.47279e-10 5.45182e-11 3.60994e-11 1.56608e-11 1.66723e-12 1.47641e-12 2.91886e-12 1.37861e-12 1.65589e-12 4.29545e-13 3.94101e-13 2.63114e-13 1.93007e-13 1.6167e-13 1.2336e-13
threshold=-0.53134802822849891 199.50000000000003 0.26666666666666672 94.500000000000014 1.0000000180025095e-35 1.0000000180025095e-35 2.4534387858054241 -0.71929357792026261 120.50000000000001 0.11812552495011401 3.8436095283509668 -0.70688395170678076 0.23679151610846974 7.5019101675073623 249.16666666666671 194.13802816901412 97.500000000000014 -0.032921913680208796 2.740319461670996 404.09090909090918 155.03734939759039 122.50000000000001 144.50000000000003 0.039230769230769243 125.14398496240602 193.50000000000003 8.8059727622335817 133.16666666666671 1.0191994173897416 5.3729582179059152
decision_type=2 2 2 2 2 2 2 2 2 2 2 2 2 2 2 2 2 2 2 2 2 2 2 2 2 2 2 2 2 2
left_child=7 2 3 17 5 6 13 -1 -9 11 26 -10 -6 16 -14 24 -5 -2 20 -16 21 27 23 -23 -4 -22 -3 -18 -8 -27
right_child=1 10 15 4 12 -7 28 8 9 -11 -12 -13 14 -15 19 -17 18 -19 -20 -21 25 22 -24 -25 -26 29 -28 -29 -30 -31
leaf_value=-0.050000409537635564 -0.050000442425048745 -0.050000439249349542 0.050003698436271775 0.050010805483397681 -0.05007316104414003 -0.050069203113290009 -0.05000041125773879 -0.050000413836556526 0.050133931551883171 -0.050000466083836285 0.023928331784554172 0.050003068274315277 -0.050022017894323811 0.050022829890820186 -0.050002739975661306 0.050012867209702161 0.050003797945371437 -0.050010016040604947 0.050007715175483414 -0.050000427503788247 0.050003767623259671 0.050006460818728574 0.050003812457902724 0.050004788487106627 0.050004554215765065 0.050004003277600788 -0.050001269668067463 0.050004381830453443 -0.050001264625745695 0.050004590414054355
leaf_weight=0.15099600193752849 0.0096864745723905799 0.01157575707838987 0.10912865403224714 0.0032406358950538552 0.0032123187161232636 0.0044013528504365232 0.0011913325870409599 0.0081991241595460451 0.002664404921233654 0.0031722190233267611 0.0010241973213851461 0.0025241260518669151 0.0017910828137246426 0.0018436019818182095 0.001043803793436382 0.0045723505390924393 0.01138920224911999 0.0010960860399791281 0.0029567630845122031 0.0030775218474445865 0.037356161046773195 0.0023950182876433246 0.0016747769332141615 0.0038753296466893516 0.0014863562610116779 0.0016804606202640562 0.0010395304843768835 0.0016161486782948495 0.0010390725474280771 0.0019130555301671848
leaf_count=18344 1122 1379 1477 23 21 25 145 995 1 370 38 43 7 6 64 29 151 62 26 365 497 20 22 44 17 21 80 19 84 21
internal_value=-0.00136235 0.0325042 0.0374629 0.0224901 0.0316111 0.0413398 0.0469144 -0.0469016 -0.0186463 0.0121016 -0.0444491 0.0500703 -0.0500305 0.050005 -0.0500074 0.0500041 0.0500045 -0.0500014 0.0500042 -0.050001 0.050004 0.0500043 0.0500051 0.0500054 0.0500037 0.0500038 -0.0500005 0.0500039 -0.0500008 0.0500043
internal_weight=0.392863 0.225307 0.211668 0.0964802 0.0856976 0.0765729 0.0721716 0.167556 0.0165599 0.00836075 0.0136395 0.00518853 0.00912473 0.0699412 0.00591241 0.115187 0.0680976 0.0107826 0.0648569 0.00412133 0.0619002 0.0209505 0.00794512 0.00627035 0.110615 0.0409497 0.0126153 0.0130054 0.00223041 0.00359352
internal_count=25518 5765 4268 2745 1561 1104 1079 19753 1409 414 1497 44 457 850 436 1523 844 1184 821 429 795 256 86 64 1494 539 1459 170 229 42
is_linear=0
shrinkage=0.05


Tree=188
num_leaves=31
num_cat=0
split_feature=9 13 18 2 5 9 7 0 9 3 0 2 9 3 9 3 9 9 2 0 3 3 11 3 7 2 7 0 0 7
split_gain=0.229794 0.0371248 0.0348123 0.0172757 0.00674312 0.00631659 0.0064197 0.00765633 0.00249372 0.0128782 0.00217959 0.00135463 0.000391237 0.00548159 7.98804e-09 5.73785e-09 4.54062e-09 2.2541e-10 2.01052e-10 5.53378e-11 5.70875e-11 4.03193e-11 9.70418e-11 2.74002e-11 5.42703e-12 7.59397e-12 4.90568e-12 4.69929e-12 1.61959e-12 1.29704e-12
threshold=-0.53134802822849891 1.0000000180025095e-35 1.0000000180025095e-35 2.740319461670996 8.105272220662707 -0.71929357792026261 119.50000000000001 0.11812552495011401 -0.26634925049910491 4.6478001079635041 0.075758540264110816 9.7957348419155554 -1.0000000180025095e-35 4.6478001079635041 -0.70688395170678076 7.4985928023719568 0.38459858393803353 -0.21171336248670511 2.3502401828962087 0.60818791235951253 7.9765953503525298 15.008549572904533 0.99726996361946496 7.4874537278250921 198.50000000000003 2.740319461670996 190.50000000000003 1.1744478143752708 2.5101771080088224 125.50000000000001
decision_type=2 2 2 2 2 2 2 2 2 2 2 2 2 2 2 2 2 2 2 2 2 2 2 2 2 2 2 2 2 2
left_child=5 4 11 17 10 -1 -7 14 9 -6 -2 15 13 -10 -8 16 18 -4 -3 20 -17 28 -23 27 25 -21 -22 29 -14 -19
right_child=1 2 3 -5 8 6 7 -9 12 -11 -12 -13 21 -15 -16 19 -18 23 -20 24 26 22 -24 -25 -26 -27 -28 -29 -30 -31
leaf_value=-0.05000039327329673 -0.050000444498874266 -0.050000856461677179 0.050019832763696308 -0.050000533855843549 -0.050000390460366889 -0.050000390958273647 0.050127388096217786 -0.050000446256510456 -0.050000667223105914 0.050003581860324102 0.037495856924053071 0.0093843281075361856 0.050003526386918573 0.050003716116480926 0.050004140804374569 -0.050014924729710919 -0.050094456667594926 0.050003696999153351 -0.050025228407015038 -0.050001089232600604 -0.050005184031631178 0.050003582838400062 0.050013704616097422 0.050010139907397166 -0.050000402600560247 -0.050005757350430995 -0.050000394076557868 0.050006007904921018 0.050004919283708475 0.050004937148760531
leaf_weight=0.14311765605725668 0.0024285308109028838 0.0013071716844024186 0.0027933876117458558 0.005214566519498475 0.0040212829171650801 0.0075651979241229119 0.0025347829796373844 0.0030010338605279685 0.0014843523804302086 0.016141799038450699 0.0010068550809592125 0.0010010456717282059 0.10285736158402869 0.017830138560384512 0.002731336557189934 0.0016903364139579926 0.0037914800318503694 0.014684271336591337 0.0023994853972908459 0.0025540154301779703 0.001006319736916339 0.0076173553243279457 0.0034362541700829752 0.0021451354914461254 0.0080107033018066431 0.0013222571856204013 0.0011401669576116547 0.0030405579273065078 0.0021301544547895892 0.0024618434108560896
leaf_count=18279 284 125 9 622 514 965 1 366 154 226 20 15 1460 242 44 63 13 201 13 284 78 107 20 12 1009 42 145 33 26 26
internal_value=-0.00116742 0.0327177 -0.00286783 0.032818 0.0449329 -0.0466852 -0.0167174 0.0137396 0.0464635 0.030059 -0.0243567 -0.047565 0.0489072 0.0423182 0.0500635 -0.05002 -0.050056 0.0500064 -0.0500166 -0.0500028 -0.0500081 0.0500039 0.0500067 0.0500048 -0.0500011 -0.0500027 -0.0500026 0.0500042 0.0500036 0.0500039
internal_weight=0.372467 0.213517 0.0545627 0.0303398 0.158954 0.15895 0.0158324 0.00826715 0.155519 0.0201631 0.00343539 0.024223 0.135356 0.0193145 0.00526612 0.0232219 0.00749814 0.0251252 0.00370666 0.0157238 0.00383682 0.116041 0.0110536 0.0223318 0.011887 0.00387627 0.00214649 0.0201867 0.104988 0.0171461
internal_count=25398 5743 2690 903 3053 19655 1376 411 2749 740 304 1787 2009 396 45 1772 151 281 138 1621 286 1613 127 272 1335 326 223 260 1486 227
is_linear=0
shrinkage=0.05


Tree=189
num_leaves=31
num_cat=0
split_feature=9 13 18 2 5 9 7 0 6 9 4 0 9 4 9 4 0 2 4 8 8 0 9 0 1 7 2 7 0 9
split_gain=0.214581 0.0388919 0.0320117 0.016323 0.00648957 0.00568159 0.00585791 0.00739028 0.00344025 0.00218266 0.0114173 0.00126251 0.000341842 0.00495999 6.71399e-09 5.90374e-09 2.04266e-09 1.38242e-09 1.71373e-10 1.60589e-10 1.06999e-10 9.98601e-11 5.55599e-11 1.53918e-11 1.0563e-11 3.26303e-12 1.05267e-11 2.47201e-12 1.17332e-12 9.7964e-13
threshold=-0.53134802822849891 1.0000000180025095e-35 1.0000000180025095e-35 2.740319461670996 8.1608344123089029 -0.71929357792026261 119.50000000000001 0.11812552495011401 3.2493258900699948 -0.26634925049910491 5.0845003501084243 2.8127681323349059 -1.0000000180025095e-35 5.0005792898547883 -0.69397300885068869 7.0934015215887589 0.1538913039458861 2.524928003624769 7.8270413409112187 233.12500000000003 194.13802816901412 0.78449347986537321 -0.19294029418538369 0.37202812412846625 2.740319461670996 194.50000000000003 3.1984648276080736 124.50000000000001 1.199365564352278 -0.6200513779316873
decision_type=2 2 2 2 2 2 2 2 2 2 2 2 2 2 2 2 2 2 2 2 2 2 2 2 2 2 2 2 2 2
left_child=5 4 11 22 8 -1 -7 14 -2 10 -6 15 13 -11 -8 17 -17 -3 19 21 -14 -18 -4 -20 27 26 -25 28 -24 -16
right_child=1 2 3 -5 9 6 7 -9 -10 12 -12 -13 20 -15 29 16 18 -19 23 -21 -22 -23 24 25 -26 -27 -28 -29 -30 -31
leaf_value=-0.050000372920407835 0.050005061812138298 -0.050045793086978534 0.050013332787306991 -0.050000526639517456 -0.050000372002900778 -0.05000037307054505 0.050121158327076087 -0.050000422669786375 -0.050000425038215328 -0.05000064215186082 0.05000341606040503 0.0073548449343518764 0.050003357173025703 0.050003537203584816 0.05000500193626755 -0.050066686839879387 -0.050027221600590102 -0.050100909168389662 -0.050007049754909529 -0.050000752052828105 0.050011541733024467 -0.050008827121434611 0.050003412652058432 -0.050000453649940171 0.050007035123252913 -0.050000427673214033 -0.050006568014495871 0.050005083916059435 0.050004891297211751 0.050003001564366212
leaf_weight=0.13634491544917182 0.0012611217462108462 0.0022919896227904238 0.001883931712654884 0.0050004638310383589 0.0035498131319400264 0.0072848206696107818 0.002411452354863286 0.0029658057846972952 0.0027035240350414824 0.0013394169541243164 0.014562733515049331 0.0010004175446738364 0.10531162018014584 0.016687045877915807 0.001113481521315407 0.0014429648763325522 0.0017963026125471506 0.0022590086409763899 0.0011596879808166713 0.0017760808236744197 0.0041506446541461619 0.0012521530652520596 0.012295020940655377 0.00233217797585894 0.0031152653464232563 0.0076925378757550789 0.001008258774618298 0.0033732720694388254 0.0015059394718264238 0.0013591071146947797
leaf_count=18306 14 56 9 623 477 977 1 381 331 146 214 37 1570 238 20 9 11 11 83 202 30 64 181 300 29 1008 21 37 18 23
internal_value=-0.00184749 0.0320525 -0.00556702 0.0316024 0.0449269 -0.0467741 -0.0177098 0.0122566 -0.0181895 0.0466455 0.030404 -0.0476316 0.048953 0.0425729 0.0500618 -0.0500221 -0.0500096 -0.0500732 -0.0500047 -0.0500127 0.0500037 -0.0500197 0.0500051 -0.0500016 0.0500044 -0.050001 -0.0500023 0.0500039 0.0500036 0.0500039
internal_weight=0.352231 0.200751 0.0511855 0.0271739 0.149566 0.15148 0.0151347 0.00784985 0.00396465 0.145601 0.0181125 0.0240116 0.127489 0.0180265 0.00488404 0.0230112 0.0184602 0.004551 0.0170172 0.00482454 0.109462 0.00304846 0.0221734 0.0121927 0.0202895 0.011033 0.00334044 0.0171742 0.013801 0.00247259
internal_count=25427 5719 2699 897 3020 19708 1402 425 345 2675 691 1802 1984 384 44 1765 1698 67 1689 277 1600 75 274 1412 265 1329 321 236 199 43
is_linear=0
shrinkage=0.05


Tree=190
num_leaves=31
num_cat=0
split_feature=9 13 18 2 5 9 7 1 9 3 4 3 9 3 9 4 2 3 9 2 8 7 8 3 7 7 9 8 8 3
split_gain=0.208357 0.0335214 0.0320228 0.0160062 0.00601564 0.00547028 0.00584306 0.00684156 0.00228651 0.0119238 0.00129114 0.000884464 0.000337908 0.00487359 5.82053e-09 5.80166e-09 1.28643e-09 1.95034e-10 1.69244e-10 1.40018e-10 8.55556e-11 2.49363e-11 5.37387e-11 1.9621e-11 3.22022e-12 8.80254e-13 8.15772e-13 6.59312e-13 2.70409e-13 2.47878e-13
threshold=-0.53134802822849891 1.0000000180025095e-35 1.0000000180025095e-35 2.740319461670996 8.0695940463597982 -0.71929357792026261 119.50000000000001 1.4978661367769956 -0.26634925049910491 4.6478001079635041 13.554691082155708 4.4601277074540464 -1.0000000180025095e-35 4.6478001079635041 -0.70688395170678076 7.0934015215887589 2.524928003624769 7.4985928023719568 -0.21171336248670511 2.3502401828962087 194.13802816901412 198.50000000000003 249.16666666666671 7.4874537278250921 97.500000000000014 125.50000000000001 -0.6200513779316873 468.28571428571433 179.4531187624751 7.4154760425143449
decision_type=2 2 2 2 2 2 2 2 2 2 2 2 2 2 2 2 2 2 2 2 2 2 2 2 2 2 2 2 2 2
left_child=5 4 10 18 11 -1 -7 14 9 -6 15 -2 13 -10 -8 16 -3 19 -4 -17 28 22 -19 24 -20 29 -16 -24 -14 -26
right_child=1 2 3 -5 8 6 7 -9 12 -11 -12 -13 20 -15 26 17 -18 21 23 -21 -22 -23 27 -25 25 -27 -28 -29 -30 -31
leaf_value=-0.050000354422459772 -0.050000386779311706 -0.050042959290811984 0.050017944581894236 -0.050000504190013964 -0.050000356300519334 -0.050000354300198668 0.050115232512069244 -0.050000401698769292 -0.050000515971977223 0.050003248427272051 0.0078156195090371295 0.0087681087963376973 0.050003185884794549 0.050003355308926384 0.050004713342764073 -0.050000805994537191 -0.050097494452924052 -0.050010929896194295 0.0500058983407781 -0.050023212007207135 0.050011094716163086 -0.050000357630312846 -0.050001883806848307 0.050008789828294369 0.0500033162234369 0.050004391695997831 0.050002864988932721 -0.050000359976334154 0.050003862937809562 0.050004031678757679
leaf_weight=0.12983157171220228 0.0017324941863989798 0.0022125877426333309 0.0025276685846620231 0.0048265324212479746 0.0037186995164120154 0.0070873418048904568 0.0022941087372601032 0.0026887004100899503 0.0013170320944482219 0.015020143604488112 0.0010111464166584474 0.0010154827959922841 0.099013468683551764 0.016251973538601305 0.0011490677043184405 0.0010359676894040595 0.0021150907955416187 0.0021333053996386306 0.0015663437188777598 0.0021326511750885402 0.0035493088216753668 0.008136121317420475 0.0010079697144647071 0.0021324601038941174 0.013307950986927608 0.0025278330249420824 0.0012423777188814711 0.0023998972928893636 0.0014971234704717054 0.0013317759658093573
leaf_count=18325 228 57 9 630 525 999 1 364 157 232 24 49 1555 244 21 107 10 24 19 12 26 1142 99 14 203 30 22 336 20 17
internal_value=-0.00127578 0.0326316 -0.00243329 0.0329018 0.0449815 -0.0467512 -0.0175814 0.0135763 0.0464158 0.0301577 -0.047382 -0.0282832 0.0489206 0.0425067 0.0500583 -0.050018 -0.0500696 -0.0500047 0.0500057 -0.0500159 0.0500035 -0.0500021 -0.0500047 0.0500042 0.0500037 0.0500035 0.0500038 -0.0500008 0.0500032 0.0500034
internal_weight=0.337814 0.193521 0.0504053 0.0282206 0.143116 0.144293 0.0144616 0.00737425 0.140368 0.0187388 0.0221847 0.00274798 0.121629 0.017569 0.00468555 0.0211736 0.00432768 0.0168459 0.023394 0.00316862 0.10406 0.0136773 0.00554117 0.0208664 0.0187339 0.0171676 0.00239145 0.00340787 0.100511 0.0146397
internal_count=25501 5769 2733 922 3036 19732 1407 408 2759 757 1811 277 2002 401 44 1787 67 1720 292 119 1601 1601 459 283 269 250 43 435 1575 220
is_linear=0
shrinkage=0.05


Tree=191
num_leaves=31
num_cat=0
split_feature=9 13 18 3 5 9 7 1 9 3 4 6 9 7 9 3 9 9 8 6 4 3 7 8 7 7 9 3 4 8
split_gain=0.193741 0.0349752 0.0309724 0.0148954 0.00578877 0.00537499 0.00543896 0.00675465 0.0022393 0.0140537 0.000680383 0.000400118 0.000197308 0.00200833 5.10065e-09 4.46054e-09 2.38006e-09 1.28398e-10 7.96049e-11 7.7236e-11 4.23214e-11 1.40916e-11 6.5667e-12 1.77735e-11 2.78608e-12 1.1984e-12 6.85142e-13 1.82274e-13 1.72759e-13 1.70988e-13
threshold=-0.53134802822849891 1.0000000180025095e-35 1.0000000180025095e-35 7.6955305627591644 8.0461435594711883 -0.71929357792026261 119.50000000000001 1.4978661367769956 -0.19294029418538369 4.6478001079635041 13.356927037328724 3.3290142313457065 -1.0000000180025095e-35 133.50000000000003 -0.70688395170678076 7.4985928023719568 1.0000000180025095e-35 -0.21171336248670511 194.13802816901412 3.0304079172532492 7.5019101675073623 7.4874537278250921 198.50000000000003 267.48845327604732 97.500000000000014 124.50000000000001 -0.6200513779316873 5.2548844000372066 7.3808759299945494 179.4531187624751
decision_type=2 2 2 2 2 2 2 2 2 2 2 2 2 2 2 2 2 2 2 2 2 2 2 2 2 2 2 2 2 2
left_child=5 4 10 17 11 -1 -7 14 9 -6 15 -2 13 -10 -8 16 19 -4 29 -3 -17 24 23 -22 -19 28 -16 -11 -26 -14
right_child=1 2 3 -5 8 6 7 -9 12 27 -12 -13 18 -15 26 20 -18 21 -20 -21 22 -23 -24 -25 25 -27 -28 -29 -30 -31
leaf_value=-0.050000335252387722 -0.0085941551474878197 -0.050007992414387636 0.050017146740875131 -0.050000468756751862 -0.050000338061458684 -0.050000336392458371 0.050109600296810511 -0.050000382515729351 -0.021844626340147569 0.05000306614625219 -0.0079978949827852041 -0.0500003607949863 0.050003028682783363 0.050003237565587104 0.050004440834154541 -0.050009978669578403 -0.050071683594675537 0.050005720079525987 0.050010410536707163 -0.050024088808638206 -0.050007027191626079 0.050008215831970286 -0.050000337703107182 -0.050000396613189661 0.050003144937302874 0.050004340405259189 0.050002727282312878 0.050003675581037021 0.050003701030322638 0.05000361374570899
leaf_weight=0.12314816431398867 0.0010169505162593842 0.0016956781446424429 0.0020730660908156997 0.0045146665638640107 0.0042573023451950567 0.0065722873036975216 0.0021824627183377743 0.0026848604866245296 0.0010788595245685437 0.018786962442391086 0.001009132939088885 0.0013686722850252409 0.092998771735437913 0.009878021985059604 0.0010641956341714831 0.0015729770939287855 0.0048036871485237498 0.0014309714279079335 0.0038077819845057084 0.0013296184552018531 0.0015773938034726598 0.001833816153521183 0.0073951983222286799 0.0028130679138484993 0.011439328962296713 0.0028766265750164157 0.0012910352998005692 0.0013126325866323887 0.0015908777386357551 0.0012658318737521759
leaf_count=18273 68 94 8 626 631 974 1 381 83 307 35 193 1536 154 21 97 41 18 30 25 25 13 1095 406 184 36 24 18 22 18
internal_value=-0.00166877 0.0318844 -0.00482233 0.032478 0.0448496 -0.046685 -0.0170882 0.0128608 0.0462303 0.0325237 -0.0481094 -0.0323496 0.0492924 0.0429288 0.0500545 -0.0500198 -0.0500498 0.0500053 0.0500033 -0.0500151 -0.0500023 0.050004 -0.0500012 -0.0500028 0.0500036 0.0500034 0.0500035 0.0500031 0.0500032 0.050003
internal_weight=0.320671 0.183728 0.0479561 0.0257594 0.135772 0.136943 0.0137948 0.00722255 0.133386 0.0243569 0.0221968 0.00238562 0.109029 0.0109569 0.00453769 0.0211876 0.00782898 0.0212447 0.0980724 0.0030253 0.0133586 0.0191716 0.0117857 0.00439046 0.0173378 0.0159068 0.00235523 0.0200996 0.0130302 0.0942646
internal_count=25437 5763 2725 907 3038 19674 1401 427 2777 956 1818 261 1821 237 46 1783 160 281 1584 119 1623 273 1526 431 260 242 45 325 206 1554
is_linear=0
shrinkage=0.05


Tree=192
num_leaves=31
num_cat=0
split_feature=9 13 18 1 5 9 8 0 9 3 0 6 9 3 9 3 9 9 8 8 4 3 8 8 1 0 9 3 4 8
split_gain=0.1885 0.0307952 0.0285099 0.0141486 0.00557314 0.00534551 0.00455779 0.00720918 0.00219442 0.0096022 0.00195221 0.000596521 0.000378144 0.00554657 4.48895e-09 3.96677e-09 2.01491e-09 1.24357e-10 7.49113e-11 6.96616e-11 3.65847e-11 1.50063e-11 2.99375e-12 7.52841e-12 5.63316e-12 2.56625e-12 5.31124e-13 5.1761e-13 2.28616e-13 2.01769e-13
threshold=-0.53134802822849891 1.0000000180025095e-35 1.0000000180025095e-35 3.1567740231385479 8.0695940463597982 -0.71929357792026261 206.05555555555557 0.11812552495011401 -0.3014177459159994 4.6478001079635041 2.91141470579745 3.3146567079345211 -1.0000000180025095e-35 4.6478001079635041 -0.70688395170678076 7.4985928023719568 1.0000000180025095e-35 -0.21171336248670511 152.05000000000004 194.13802816901412 7.5019101675073623 7.4874537278250921 270.04000000000002 155.03734939759039 3.0677824455408698 1.1744478143752708 -0.6200513779316873 7.4154760425143449 5.0657496176235997 179.4531187624751
decision_type=2 2 2 2 2 2 2 2 2 2 2 2 2 2 2 2 2 2 2 2 2 2 2 2 2 2 2 2 2 2
left_child=5 4 10 17 11 -1 -7 14 9 -6 15 -2 13 -10 -8 16 18 -4 -3 29 -17 25 23 -22 -25 27 -16 -19 -15 -14
right_child=1 2 3 -5 8 6 7 -9 12 -11 -12 -13 19 28 26 20 -18 21 -20 -21 22 -23 -24 24 -26 -27 -28 -29 -30 -31
leaf_value=-0.050000322417067339 7.5376033676283053e-05 -0.050019296423873864 0.050016236782785065 -0.050000452259874255 -0.050000320262970577 -0.05000032064456407 0.050104245877604259 -0.050000355238580263 -0.050000445517634322 0.050002914639571072 0.020628583755123112 -0.05000034635171377 0.050002881460167618 0.050003700847468358 0.050004103807597837 -0.05000943481978716 -0.050068686302503176 0.050003058699036124 -0.050001048588371635 0.05000989695544044 -0.050000513747230815 0.050008300995261629 -0.050000322804616359 -0.05000170084266934 -0.050006834661359051 0.050004907537256227 0.050002597844593835 0.050004024404824349 0.050002994449908217 0.050003496282223239
leaf_weight=0.11775760267710211 0.0010053691066786987 0.0012299919762881464 0.0022872050394653334 0.0042610076829987511 0.0030942864709686555 0.0057201420072487963 0.0020762390922755003 0.0030364400890903198 0.0015008108903202802 0.010704157321015373 0.0010295168640368493 0.0014560113454535895 0.089357203756662784 0.0012282247807888771 0.0011190810819243779 0.0015089899366103063 0.0045361239085650595 0.012749521778459894 0.0010362681623519165 0.0036921589271514668 0.0034468042417756806 0.0017385262399329795 0.0055920584936757223 0.0010591833979560761 0.0010783169373098644 0.0024749928852543226 0.0012278562680876348 0.0015570139985356954 0.016983430963591672 0.0013546631125791455
leaf_count=18369 57 7 9 619 483 891 1 458 203 184 28 214 1551 17 23 96 36 212 109 30 493 12 870 119 38 33 24 20 285 20
internal_value=-0.00119441 0.0326082 -0.00276608 0.0330067 0.0449767 -0.0466205 -0.0164228 0.00932487 0.0464107 0.0275773 -0.0464737 -0.0295465 0.0486879 0.0423893 0.0500507 -0.0500186 -0.0500495 0.0500052 -0.050011 0.0500032 -0.0500021 0.0500039 -0.0500011 -0.050002 -0.0500043 0.0500034 0.0500033 0.0500032 0.050003 0.0500029
internal_weight=0.306899 0.175962 0.0455855 0.0250683 0.130376 0.130937 0.0131798 0.00745962 0.127915 0.0137984 0.0205173 0.00246138 0.114116 0.0197125 0.00442318 0.0194877 0.00680238 0.0208073 0.00226626 0.094404 0.0126854 0.0185201 0.0111764 0.0055843 0.0021375 0.0167815 0.00234694 0.0143065 0.0182117 0.0907119
internal_count=25511 5745 2701 905 3044 19766 1397 506 2773 667 1796 271 2106 505 48 1768 152 286 116 1601 1616 277 1520 650 157 265 47 232 302 1571
is_linear=0
shrinkage=0.05


Tree=193
num_leaves=31
num_cat=0
split_feature=9 13 18 13 5 9 7 0 9 3 1 4 9 3 9 3 9 9 13 4 8 3 0 7 8 0 7 7 8 4
split_gain=0.177099 0.0302075 0.0273031 0.0134434 0.00515019 0.00492477 0.00517281 0.00598419 0.00193632 0.00996645 0.0019134 0.00179866 0.000298507 0.00422374 3.82005e-09 3.43634e-09 1.77208e-09 1.06577e-10 8.39719e-11 3.12268e-11 2.28746e-11 1.22083e-11 7.54346e-12 2.61419e-12 7.19191e-12 2.37413e-12 6.30899e-13 6.10274e-13 1.5965e-13 1.42874e-13
threshold=-0.53134802822849891 1.0000000180025095e-35 1.0000000180025095e-35 0.067816091954023008 8.105272220662707 -0.71929357792026261 119.50000000000001 0.11812552495011401 -0.26634925049910491 4.6478001079635041 10.702598822843088 4.8940944640863338 -1.0000000180025095e-35 4.6478001079635041 -0.70688395170678076 7.4985928023719568 1.0000000180025095e-35 -0.21171336248670511 0.081666666666666679 7.5019101675073623 197.13358778625957 7.4874537278250921 0.37202812412846625 198.50000000000003 267.48845327604732 1.1744478143752708 129.50000000000003 125.50000000000001 179.4531187624751 5.0845003501084243
decision_type=2 2 2 2 2 2 2 2 2 2 2 2 2 2 2 2 2 2 2 2 2 2 2 2 2 2 2 2 2 2
left_child=5 4 10 -4 11 -1 -7 14 9 -6 15 -2 13 -10 -8 16 18 -5 -3 -17 28 25 -21 24 -24 27 -16 -19 -14 -15
right_child=1 2 3 17 8 6 7 -9 12 -11 -12 -13 20 29 26 19 -18 21 -20 22 -22 -23 23 -25 -26 -27 -28 -29 -30 -31
leaf_value=-0.050000306105486239 -0.050000361917040506 -0.050020235550048545 -0.050000411464068389 0.050015445384583058 -0.050000304345194195 -0.050000304951796505 0.050099153467593541 -0.050000345360657977 -0.050000536015004239 0.05000279356133 0.020679882002056702 0.032603014363604736 0.050002739632211725 0.050003397941270317 0.050004060371440257 -0.050009414508654128 -0.050065874248821321 0.050002866484663594 -0.050001026094539949 -0.050005424119275402 0.050007576470397587 0.050007565855830577 -0.050005151424371168 -0.050000319508917215 -0.050000364771875208 0.050004760822241492 0.050002356657820705 0.050003844450429435 0.050003330264433966 0.050002851305201594
leaf_weight=0.1114133323662827 0.0018790269587043431 0.0012328498155511616 0.0040555621249040988 0.0021756903370260252 0.0031135032209022038 0.006123357915384986 0.0019751754589378834 0.0023339727563325141 0.0011429448359194802 0.012470433648559265 0.0010077643837576025 0.0010149892023036955 0.086144827360840281 0.0013213328711572112 0.0010283517622156069 0.0013324213082341893 0.0042789279787029955 0.011503194411488948 0.0010563923992776836 0.0010147333109671317 0.0025232109255739479 0.0018354688436374991 0.001196608213831496 0.0066295187989453552 0.0022798335739935283 0.0022408677032217392 0.0011522196000441909 0.001852038491051645 0.001159691168140852 0.012536541649751598
leaf_count=18271 274 10 624 9 511 1003 1 367 150 224 11 28 1572 20 21 92 36 203 110 93 27 14 25 1066 362 31 25 25 18 221
internal_value=-0.00138822 0.0322253 -0.00349899 0.0328651 0.0448837 -0.046648 -0.0170362 0.014067 0.0464679 0.0300232 -0.0464605 -0.0210297 0.0489125 0.0423834 0.0500488 -0.0500176 -0.0500469 0.050005 -0.0500114 -0.0500022 0.0500029 0.0500037 -0.0500013 -0.0500009 -0.050002 0.0500033 0.0500032 0.050003 0.0500027 0.0500029
internal_weight=0.291025 0.166998 0.0436919 0.0236628 0.123307 0.124026 0.0126131 0.00648972 0.120412 0.0155839 0.020029 0.00289402 0.104829 0.0150008 0.00415575 0.0190213 0.00656817 0.0196073 0.00228924 0.0124531 0.0898277 0.0174316 0.0111207 0.010106 0.00347644 0.0155961 0.00218057 0.0133552 0.0873045 0.0138579
internal_count=25444 5756 2711 906 3045 19688 1417 414 2743 735 1805 302 2008 391 47 1794 156 282 120 1638 1617 273 1546 1453 387 259 46 228 1590 241
is_linear=0
shrinkage=0.05


Tree=194
num_leaves=31
num_cat=0
split_feature=9 13 18 2 9 7 0 9 3 1 9 3 9 3 9 6 9 7 3 3 11 0 7 0 4 7 0 7 4 6
split_gain=0.16675 0.0298153 0.0255535 0.0129618 0.00484846 0.00478724 0.00588927 0.0034539 0.0147027 0.00118372 0.00037586 0.00397419 3.33258e-09 2.85507e-09 1.53124e-09 4.72227e-11 2.17542e-11 1.16625e-11 1.11699e-11 1.1132e-11 3.19409e-11 9.29809e-12 2.58756e-12 1.22984e-12 1.01314e-12 5.89934e-13 5.57124e-13 4.90952e-13 8.89219e-14 8.4717e-14
threshold=-0.53134802822849891 1.0000000180025095e-35 1.0000000180025095e-35 2.740319461670996 -0.71929357792026261 119.50000000000001 0.11812552495011401 -0.21171336248670511 4.6478001079635041 10.234798784779278 -1.0000000180025095e-35 4.6478001079635041 -0.70688395170678076 7.4985928023719568 1.0000000180025095e-35 3.0304079172532492 -0.19294029418538369 194.50000000000003 7.4874537278250921 15.008549572904533 0.99726996361946496 0.60818791235951253 163.50000000000003 1.2123139845310107 5.0657496176235997 125.50000000000001 2.4098256037055745 129.50000000000003 5.5471267646873921 3.1144831092540808
decision_type=2 2 2 2 2 2 2 2 2 2 2 2 2 2 2 2 2 2 2 2 2 2 2 2 2 2 2 2 2 2
left_child=4 7 9 16 -1 -6 12 8 -2 13 11 -9 -7 14 15 -3 -4 21 23 26 -21 -15 -23 25 -13 -18 -12 -14 29 -10
right_child=1 2 3 -5 5 6 -8 10 28 -11 19 24 27 17 -16 -17 18 -19 -20 20 -22 22 -24 -25 -26 -27 -28 -29 -30 -31
leaf_value=-0.050000290503836711 -0.050000306753664327 -0.050006874847111762 0.050009498335485625 -0.050000407718596152 -0.050000290666143414 0.050094305208217997 -0.050000329180929941 -0.050000546769220694 0.050003048717430158 0.0056613781702111489 0.050002609780401379 0.050004255722960203 0.050003747629982088 -0.05000660237782556 -0.05006167896424344 -0.05002036882760369 0.050002691669535297 -0.050000295856857384 0.050007196926637826 0.050002642708310389 0.050009713990660322 -0.050000709034791868 -0.050003772863849633 0.050004452771909805 0.050002756995155398 0.050003644786386581 0.05000343148334388 0.050002230988541868 0.050003120910216241 0.050002619058517994
leaf_weight=0.10605209951745564 0.0048278987992489411 0.0014609488603127821 0.0016145115150720804 0.0039489943205808222 0.0056220326737275172 0.0018790222238749266 0.0023217356042550819 0.0011000048530149806 0.0012580769107444221 0.0010079667317768317 0.074812268558162032 0.0012897884625999731 0.0010883950144489063 0.0016280428530990321 0.0041360637014804524 0.0011656579945338308 0.011529767474712571 0.0067199139757576631 0.0017459645459894082 0.0057914672725019045 0.0022049415965739172 0.0017956828037313244 0.0011182993912370875 0.0012717237659671818 0.0089688804691832047 0.0018895641333074318 0.0021212546052993267 0.0010468007349118125 0.0011129317972518047 0.013026492866629269
leaf_count=18283 803 93 10 633 968 1 383 140 22 20 1434 17 23 135 41 27 216 1145 14 110 18 260 79 17 164 27 36 24 18 249
internal_value=-0.00165609 0.0320068 -0.00464587 0.0320536 -0.0465971 -0.0164155 0.013385 0.0449149 0.0261315 -0.0470683 0.0488604 0.0403183 0.0500457 -0.050017 -0.0500427 -0.0500129 0.050004 -0.0500016 0.0500034 0.0500028 0.0500046 -0.0500036 -0.0500019 0.050003 0.0500029 0.0500028 0.0500026 0.050003 0.0500027 0.0500027
internal_weight=0.275557 0.157547 0.0410331 0.0220005 0.11801 0.011958 0.00633595 0.116514 0.0202254 0.0190326 0.0962886 0.0113587 0.00401422 0.0180246 0.00676267 0.00262661 0.0180515 0.0112619 0.016437 0.0849299 0.00799641 0.00454203 0.00291398 0.0146911 0.0102587 0.0134193 0.0769335 0.0021352 0.0153975 0.0142846
internal_count=25410 5728 2717 917 19682 1399 431 3011 1092 1800 1919 321 48 1780 161 120 284 1619 274 1598 128 474 339 260 181 243 1470 47 289 271
is_linear=0
shrinkage=0.05


Tree=195
num_leaves=31
num_cat=0
split_feature=9 13 18 2 5 9 3 0 9 7 0 9 3 3 9 9 8 5 4 3 7 8 0 4 7 8 7 4 8 1
split_gain=0.16524 0.0276494 0.024963 0.0122182 0.00468263 0.00203074 0.0100245 0.00179574 0.00162969 0.00220101 0.00400105 0.000315704 0.00417602 2.46074e-09 1.32532e-09 8.28838e-11 4.10142e-11 3.57684e-11 2.19016e-11 8.93545e-12 5.00962e-12 1.3129e-11 1.56067e-12 9.11533e-13 4.62873e-13 1.14131e-13 7.86957e-14 7.59115e-14 6.67539e-14 4.95801e-14
threshold=-0.53134802822849891 1.0000000180025095e-35 1.0000000180025095e-35 2.740319461670996 8.0100603211993064 -0.26634925049910491 4.6478001079635041 2.91141470579745 -0.70688395170678076 119.50000000000001 0.11812552495011401 -1.0000000180025095e-35 4.6478001079635041 7.4985928023719568 1.0000000180025095e-35 -0.21171336248670511 194.13802816901412 7.9874423081557708 7.5019101675073623 7.4874537278250921 198.50000000000003 267.48845327604732 1.1744478143752708 5.0657496176235997 125.50000000000001 179.4531187624751 193.50000000000003 7.3808759299945494 254.08333333333334 8.9883180703333654
decision_type=2 2 2 2 2 2 2 2 2 2 2 2 2 2 2 2 2 2 2 2 2 2 2 2 2 2 2 2 2 2
left_child=8 4 7 15 -2 6 -6 13 -1 -10 -11 12 -7 14 17 -4 25 -3 -15 22 21 -20 24 -14 27 -13 -25 -17 -8 -22
right_child=1 2 3 -5 5 11 28 -9 9 10 -12 16 23 18 -16 19 -18 -19 20 -21 29 -23 -24 26 -26 -27 -28 -29 -30 -31
leaf_value=-0.050000276590492769 -0.042239110846563593 -0.050006799523662195 0.050014490362754807 -0.050000396654626113 -0.050000280192300288 -0.050000403890208635 0.05000248937875669 0.018440115480947282 -0.050000276386289094 0.050002872313853489 -0.050000306599013479 0.050002479204259181 0.050004035530597395 -0.050008095293393631 -0.050059166946615656 0.050002556457091778 0.050008341822145974 -0.050018867628861312 -0.050006612769352435 0.050007049356497649 -0.050000276641326183 -0.050000325891705111 0.050004155642834482 0.05000255185876451 0.050003510383661944 0.050002992025961479 0.050002973451921819 0.050002983184097571 0.050002891155008923 -0.050000658606099251
leaf_weight=0.10178519511100603 0.0015209022822091347 0.0013311855500433003 0.0018497742712497703 0.0036820175118918988 0.0031681438617852118 0.0011364454467184268 0.010847170473425649 0.0010136977175534403 0.0049659424457786372 0.0019937035722250585 0.0020071388867108908 0.076896925882465439 0.0012163765422883452 0.0013029963324697755 0.0039008472308523778 0.0095819267335173208 0.0031098796607693649 0.0011396239028726995 0.0013330070360098034 0.0014556856040144331 0.0052027586507392698 0.0022025596072126064 0.0022405782401619953 0.01036931238922989 0.0016162882020580591 0.0011004425468854597 0.0012391472882882235 0.0011693739688780633 0.0011427372082835072 0.001015369683955214
leaf_count=18438 216 87 8 615 568 172 218 30 900 46 356 1551 17 97 39 189 31 30 23 12 942 389 35 204 24 19 21 20 20 148
internal_value=-0.00176238 0.0321215 -0.0035304 0.0329538 0.0448951 0.0460974 0.0291012 -0.0462535 -0.0482001 -0.0277653 -0.000166629 0.0488073 0.0418625 -0.0500163 -0.050041 0.0500045 0.0500027 -0.0500124 -0.050002 0.0500033 -0.0500012 -0.0500027 0.0500029 0.0500027 0.0500027 0.0500025 0.0500026 0.0500026 0.0500025 -0.0500003
internal_weight=0.262537 0.151785 0.0400377 0.0215956 0.111747 0.110227 0.0151581 0.018442 0.110752 0.00896678 0.00400084 0.0950685 0.0139613 0.0174283 0.00637166 0.0179136 0.0811072 0.00247081 0.0110567 0.0160639 0.00975369 0.00353557 0.0146082 0.0128248 0.0123676 0.0779974 0.0116085 0.0107513 0.0119899 0.00621813
internal_count=25465 5725 2688 903 3037 2821 806 1785 19740 1302 402 2015 414 1755 156 288 1601 117 1599 280 1502 412 268 242 233 1570 225 209 238 1090
is_linear=0
shrinkage=0.05


Tree=196
num_leaves=31
num_cat=0
split_feature=9 13 18 2 5 9 7 1 9 3 1 9 3 9 3 9 9 4 3 11 3 7 2 9 7 4 3 3 4 7
split_gain=0.152553 0.0255248 0.0233638 0.0114523 0.00539781 0.00407632 0.00430833 0.00515863 0.0018971 0.00926534 0.00171104 0.000271653 0.00378762 2.96448e-09 2.19653e-09 1.04912e-09 6.84635e-11 1.91042e-11 1.20014e-11 2.8534e-11 6.63839e-12 4.74574e-12 5.63317e-12 9.39738e-13 5.55027e-13 4.14418e-13 2.3467e-13 9.08874e-14 8.25607e-14 8.04981e-14
threshold=-0.53134802822849891 1.0000000180025095e-35 1.0000000180025095e-35 2.740319461670996 8.0461435594711883 -0.71929357792026261 120.50000000000001 1.4978661367769956 -0.26634925049910491 4.6478001079635041 10.602000862585358 -1.0000000180025095e-35 4.6478001079635041 -0.70688395170678076 7.4985928023719568 1.0000000180025095e-35 -0.21171336248670511 7.5019101675073623 15.008549572904533 0.99726996361946496 7.4874537278250921 198.50000000000003 2.4414009612931857 -0.15093364397138662 124.50000000000001 10.061836522390848 7.0012452073394265 7.4021465497810377 5.0845003501084243 193.50000000000003
decision_type=2 2 2 2 2 2 2 2 2 2 2 2 2 2 2 2 2 2 2 2 2 2 2 2 2 2 2 2 2 2
left_child=5 4 10 16 -2 -1 -7 13 9 -6 14 12 -10 -8 15 -3 -4 -16 25 -20 23 22 -19 -18 26 -13 -25 -28 -14 -30
right_child=1 2 3 -5 8 6 7 -9 11 -11 -12 18 28 -15 17 -17 20 21 19 -21 -22 -23 -24 24 -26 -27 27 -29 29 -31
leaf_value=-0.050000261643100077 -0.0428767554517719 -0.050010204528155737 0.050013293517133475 -0.05000030208893505 -0.050000261959845776 -0.050000263842626708 0.050094298552946892 -0.05000029600002253 -0.050000388168369103 0.050002405215819834 0.016729808233684477 0.050002366051608474 0.050002927786912336 0.050001968178076485 -0.050007782704930004 -0.050055950574121648 0.050004259937265642 -0.050000556419229972 0.050002410028420832 0.050009058431924894 0.050006398184654882 -0.050000272729236274 -0.050004563297385833 0.050003198562868501 0.050003437443731716 0.050003304703292666 0.050002403948491252 0.050002894498073158 0.050002419883288296 0.050002831934859604
leaf_weight=0.095927976766233769 0.0017285226504100129 0.0018867473190766751 0.0018727213027887038 0.003446481777700682 0.0029287959791872717 0.0052598596194002312 0.0018788462039083242 0.0020398334431774856 0.0010264278935210322 0.011073891069827368 0.0010206810493400545 0.068326624703331618 0.0010794201334647377 0.0016180424354388379 0.0012260910261829858 0.0037330597067466442 0.0010391450123279364 0.001721139532946836 0.005170020136574748 0.002346280019992264 0.0014282265219662813 0.0058474705315347819 0.0017888204174596467 0.0012192704634799165 0.0020988967626180974 0.0011965125959250136 0.0081787420094769914 0.0010674511686374908 0.0097847557481145486 0.0013486652023857468
leaf_count=18277 261 107 9 628 557 1001 1 374 163 231 13 1446 19 43 94 39 16 305 108 21 13 1095 113 22 33 22 171 19 203 24
internal_value=-0.00144647 0.0322062 -0.00320344 0.0330683 0.044757 -0.046722 -0.0175946 0.0131906 0.0462096 0.0290859 -0.0460601 0.0488656 0.0422494 0.0500516 -0.0500153 -0.0500406 0.0500043 -0.0500019 0.0500026 0.0500045 0.0500032 -0.0500011 -0.0500026 0.0500028 0.0500027 0.0500024 0.0500025 0.0500025 0.0500025 0.0500025
internal_weight=0.250309 0.143585 0.0375749 0.0203509 0.10601 0.106725 0.0107966 0.00553672 0.104281 0.0140027 0.017224 0.0902787 0.0132393 0.00349689 0.0162033 0.00561981 0.0169045 0.0105835 0.0770394 0.0075163 0.0150317 0.00935743 0.00350996 0.0136035 0.0125644 0.0695231 0.0104655 0.00924619 0.0122128 0.0111334
internal_count=25428 5732 2677 911 3055 19696 1419 418 2794 788 1766 2006 409 44 1753 146 283 1607 1597 129 274 1513 418 261 245 1468 212 190 246 227
is_linear=0
shrinkage=0.05


Tree=197
num_leaves=31
num_cat=0
split_feature=9 13 18 2 9 7 0 5 9 4 9 9 4 9 4 0 2 9 8 7 7 7 8 0 4 13 4 8 7 8
split_gain=0.144504 0.0248284 0.0213016 0.0109351 0.00458078 0.00436088 0.00525464 0.0043472 0.00199818 0.00910827 0.00102992 0.000286057 0.00382506 2.77915e-09 1.80613e-09 5.50575e-10 4.58353e-10 5.83199e-11 3.18798e-11 2.13871e-11 2.98606e-12 2.66791e-12 6.28542e-12 1.64226e-12 8.96505e-13 2.17908e-13 1.67109e-13 9.48547e-14 5.6042e-14 5.46438e-14
threshold=-0.53134802822849891 1.0000000180025095e-35 1.0000000180025095e-35 2.740319461670996 -0.71929357792026261 119.50000000000001 0.11812552495011401 8.0100603211993064 -0.26634925049910491 5.0845003501084243 3.8433852268195179 -1.0000000180025095e-35 5.0005792898547883 -0.70688395170678076 7.0934015215887589 0.18981894877374797 2.524928003624769 -0.21171336248670511 194.13802816901412 116.50000000000001 126.50000000000001 198.50000000000003 267.48845327604732 1.1744478143752708 5.0657496176235997 0.00014522410413905359 7.3808759299945494 179.4531187624751 193.50000000000003 254.08333333333334
decision_type=2 2 2 2 2 2 2 2 2 2 2 2 2 2 2 2 2 2 2 2 2 2 2 2 2 2 2 2 2 2
left_child=4 7 10 17 -1 -6 13 -2 9 -9 14 12 -10 -7 16 -16 -3 -4 27 -17 23 22 -21 26 -14 -23 -19 -13 -26 -11
right_child=1 2 3 -5 5 6 -8 8 11 29 -12 18 24 -15 15 19 -18 20 -20 21 -22 25 -24 -25 28 -27 -28 -29 -30 -31
leaf_value=-0.050000249592593062 -0.041140152391329052 -0.050030105180493459 0.050012643813781212 -0.050000356666106228 -0.050000250202194146 0.050089690079567241 -0.050000281682870344 -0.050000252270754032 -0.05000041730759798 0.050002253441878391 0.0023310964656385658 0.050002244339768832 0.050003797408242505 0.05000273535606245 -0.050036487090296455 -0.050006833903875905 -0.05006884462970948 0.050002359311421656 0.050007544466956468 -0.050005113288744997 0.05000481312369999 -0.050001069096811603 -0.05000030693917127 0.050004024474495423 0.050002306800381015 -0.050000261837943732 0.050003001097184641 0.050002722028153451 0.050002697122533274 0.050002620425014771
leaf_weight=0.091414399882523867 0.0014506036745842712 0.001568569868140913 0.0017814101447584116 0.0033306044410892346 0.0048788580993459618 0.0017873740289360285 0.0020405140840011882 0.0029208689797997076 0.0010401896247458362 0.0091882523047388531 0.0010028013425653617 0.069864148736087373 0.0011782162728195553 0.0018911369661509525 0.0013061119948361019 0.0019305773748783403 0.0014877399353281362 0.0083724917349172756 0.0029636553153977721 0.0011528657246344665 0.0019751003637793483 0.0010117105507561064 0.0016591195212640741 0.0019654430361697459 0.0096489691386523191 0.0048124504187398998 0.0011540904743014843 0.0010550296537985551 0.0010164835839532324 0.001140224172559102
leaf_count=18311 222 55 9 617 976 1 392 579 171 204 98 1557 18 48 19 203 9 180 32 25 26 130 319 32 210 945 20 20 19 22
internal_value=-0.00141078 0.0323352 -0.0042995 0.0320768 -0.0463927 -0.0152747 0.0143494 0.0447955 0.0460419 0.0279563 -0.0467199 0.0488036 0.0419287 0.050045 -0.0500147 -0.0500059 -0.050049 0.0500041 0.0500025 -0.0500021 0.050003 -0.050001 -0.0500023 0.0500027 0.0500025 -0.0500004 0.0500024 0.0500023 0.0500023 0.0500023
internal_weight=0.23799 0.135978 0.0345111 0.0185791 0.102012 0.0105979 0.00571903 0.101467 0.100016 0.0132493 0.0159319 0.0867667 0.0128839 0.00367851 0.0149291 0.0118728 0.00305631 0.0152485 0.0738828 0.0105667 0.0134671 0.00863615 0.00281199 0.011492 0.0118437 0.00582416 0.00952658 0.0709192 0.0106655 0.0103285
internal_count=25469 5741 2687 884 19728 1417 441 3054 2832 805 1803 2027 418 49 1705 1641 64 267 1609 1622 258 1419 344 232 247 1075 200 1577 229 226
is_linear=0
shrinkage=0.05


Tree=198
num_leaves=31
num_cat=0
split_feature=9 13 18 2 5 9 8 0 9 3 1 9 8 9 3 9 9 8 3 3 3 8 8 0 8 3 8 3 9 8
split_gain=0.137764 0.0242824 0.0206152 0.0103951 0.00440727 0.00418141 0.00353291 0.0054406 0.00183051 0.00862178 0.00165659 0.000257581 0.00336633 2.32628e-09 1.57804e-09 8.49316e-10 5.42191e-11 2.78637e-11 2.17906e-11 5.87052e-12 5.13032e-12 1.07324e-12 4.27879e-12 9.92628e-13 5.8463e-13 2.28035e-13 6.74183e-14 4.73701e-14 3.16084e-14 4.91343e-14
threshold=-0.53134802822849891 1.0000000180025095e-35 1.0000000180025095e-35 2.740319461670996 8.0100603211993064 -0.71929357792026261 206.05555555555557 0.11812552495011401 -0.26634925049910491 4.6478001079635041 10.234798784779278 -1.0000000180025095e-35 150.06437768240346 -0.70688395170678076 7.4985928023719568 1.0000000180025095e-35 -0.21171336248670511 194.13802816901412 7.3346551887924436 7.8671054269179299 7.4874537278250921 225.05125284738043 155.03734939759039 1.1744478143752708 158.15699658703076 7.4154760425143449 175.0588235294118 5.2548844000372066 0.2690303217762185 123.02727272727275
decision_type=2 2 2 2 2 2 2 2 2 2 2 2 2 2 2 2 2 2 2 2 2 2 2 2 2 2 2 2 2 2
left_child=5 4 10 16 -2 -1 -7 13 9 -6 14 12 -10 -8 15 18 -4 26 -3 -16 23 22 -21 25 -14 28 -13 -26 29 -18
right_child=1 2 3 -5 8 6 7 -9 11 -11 -12 17 24 -15 19 -17 20 -19 -20 21 -22 -23 -24 -25 27 -27 -28 -29 -30 -31
leaf_value=-0.050000236376848022 -0.050000310450395186 -0.050005759220852181 0.050013384171361919 -0.050000332902863112 -0.050000241425736495 -0.050000236634710128 0.050085308132122287 -0.05000026382684554 -0.043892690519753474 0.0500021754233268 0.016160159822898385 0.050002136072133621 0.050003329250112707 0.050002659944255783 -0.050004136424747908 -0.050050721656387069 0.050002147023141721 0.050007249765804673 -0.050015835162302541 -0.050000245916604638 0.050005854173141046 -0.050000244268463646 -0.050004004378020842 0.050003588158836279 0.050002183836652184 0.0500029821635685 0.050002518672958719 0.050002471861102883 0.050002510795146199 0.05000242037260462
leaf_weight=0.086859575732432859 0.0012077264086656206 0.0011352890028319971 0.0013503893496817918 0.003152537091409612 0.0027461813301670199 0.0042953482638949936 0.0017003477551043034 0.0022612672278228274 0.0010406655751467051 0.010017880118539324 0.0010100399240400284 0.066480114441219484 0.001380284666083754 0.0017052699004125316 0.0015635172144357057 0.0033716408859163494 0.0053960793593432754 0.0027805342906503929 0.0010174907142754819 0.0024143990990523889 0.0013039537261647647 0.0042540095787444443 0.001103288482681819 0.0019468610989861199 0.0084410253148234915 0.0012723077925329571 0.0011716997032635837 0.0017180554787046285 0.001153714423708152 0.0023642470187041909
leaf_count=18290 210 89 6 618 572 903 1 460 174 231 20 1558 24 45 156 38 126 31 31 495 13 891 85 35 194 22 24 35 24 50
internal_value=-0.0012703 0.0321977 -0.00429045 0.0324305 0.0449178 -0.0464813 -0.0157999 0.0101231 0.0461147 0.0284867 -0.0458022 0.0488253 0.042235 0.0500439 -0.0500139 -0.0500351 0.0500038 0.0500023 -0.0500105 -0.0500013 0.0500029 -0.0500008 -0.0500014 0.0500026 0.0500024 0.0500024 0.0500021 0.0500022 0.0500023 0.0500022
internal_weight=0.227616 0.130794 0.0338098 0.0179401 0.0969842 0.0968218 0.00996223 0.00566688 0.0957764 0.0127641 0.0158697 0.0830124 0.01258 0.00340562 0.0148596 0.00552442 0.0147876 0.0704323 0.00215278 0.00933521 0.0134372 0.0077717 0.00351769 0.0121332 0.0115394 0.0101863 0.0676518 0.0101591 0.00891404 0.00776033
internal_count=25451 5752 2699 894 3053 19699 1409 506 2843 803 1805 2040 427 46 1785 158 276 1613 120 1627 270 1471 580 257 253 222 1582 229 200 176
is_linear=0
shrinkage=0.05


Tree=199
num_leaves=31
num_cat=0
split_feature=9 13 18 2 9 7 0 5 2 9 3 8 9 3 9 3 9 9 3 8 7 8 3 0 7 5 4 7 8 8
split_gain=0.130981 0.0227851 0.0196918 0.0101049 0.00402612 0.00396169 0.00461743 0.00384912 0.00161108 0.00142096 0.00662148 0.00120676 0.000291129 0.00388037 2.01828e-09 1.36745e-09 7.32486e-10 4.51301e-11 1.54364e-11 1.36652e-11 5.68015e-12 1.27784e-11 1.29447e-12 9.82461e-13 1.41123e-13 7.38606e-14 6.05037e-14 7.67737e-14 5.00572e-14 3.19675e-14
threshold=-0.53134802822849891 1.0000000180025095e-35 1.0000000180025095e-35 2.740319461670996 -0.71929357792026261 119.50000000000001 0.11812552495011401 8.105272220662707 9.7957348419155554 -0.3014177459159994 4.6478001079635041 123.02727272727275 -1.0000000180025095e-35 4.6478001079635041 -0.70688395170678076 7.4985928023719568 1.0000000180025095e-35 -0.21171336248670511 7.2796635441494049 194.13802816901412 198.50000000000003 249.16666666666671 7.4662273925763296 1.1744478143752708 125.50000000000001 8.268791329989158 5.0845003501084243 191.50000000000003 177.27179487179492 133.16666666666671
decision_type=2 2 2 2 2 2 2 2 2 2 2 2 2 2 2 2 2 2 2 2 2 2 2 2 2 2 2 2 2 2
left_child=4 7 8 17 -1 -6 14 11 15 10 -9 -2 13 -11 -7 16 18 -4 -3 28 21 -17 23 24 29 -23 -15 -28 -14 -19
right_child=1 2 3 -5 5 6 -8 9 -10 12 -12 -13 19 26 -16 20 -18 22 -20 -21 -22 25 -24 -25 -26 -27 27 -29 -30 -31
leaf_value=-0.050000226789608686 -0.05000026900408016 -0.050005755159615341 0.05001144145415283 -0.050000319512447183 -0.050000226873168907 0.050081142648522085 -0.050000256123017429 -0.050000225578942625 0.01558749672080794 -0.050000364525403643 0.050002054715724643 0.022272181208313077 0.050002026485920614 0.050002514118714605 0.050002509137575805 -0.050006634339066824 -0.050048470849027173 0.050002069886710333 -0.050014467981353151 0.050006106637116632 -0.050000235044061217 -0.050000803518255324 0.050003888308525861 0.050003498527424431 0.050002720790238278 -0.05000022503851273 0.050002060994087306 0.050002420873061143 0.050002372175922266 0.050002368665713948
leaf_weight=0.082603888748508325 0.0013200995172155663 0.0010251799035359008 0.0016119221618282617 0.0030661158170914851 0.0044547057054842298 0.0016175520140677691 0.0017835819908214035 0.0021079384091535758 0.0010025259543908769 0.0010567615508989556 0.0077086245510145091 0.0010268780106343911 0.064051042740175035 0.0010733990457083573 0.001646823700866662 0.0013596518128906609 0.0031919278117129579 0.007412216280499706 0.0010083881454647781 0.0021249810997687737 0.0052712748342855775 0.0010011854064941872 0.0016057576285675177 0.0016427188566012782 0.0010495595633983621 0.0012293251388655335 0.0089727359409152996 0.0017751291816239254 0.0010649346913851323 0.0010182863225054462
leaf_count=18286 259 79 9 630 985 1 379 467 14 196 188 53 1578 22 46 24 39 180 39 29 1140 179 22 31 20 274 218 37 23 22
internal_value=-0.00122902 0.0321547 -0.0038509 0.0323882 -0.0464546 -0.0156337 0.014694 0.0448336 -0.0456548 0.0464832 0.0285283 -0.0183788 0.0486831 0.041796 0.0500415 -0.0500132 -0.0500335 0.0500036 -0.0500101 0.0500022 -0.0500013 -0.0500028 0.0500026 0.0500024 0.0500022 -0.0500005 0.0500022 0.0500021 0.050002 0.0500021
internal_weight=0.216885 0.124779 0.032496 0.0174066 0.0921066 0.00950266 0.00504796 0.0922825 0.0150895 0.0899355 0.00981656 0.00234698 0.080119 0.012878 0.00326438 0.0140869 0.0052255 0.0143405 0.00203357 0.067241 0.00886144 0.00359016 0.0127285 0.0111228 0.00948006 0.00223051 0.0118213 0.0107479 0.065116 0.0084305
internal_count=25469 5772 2702 914 19697 1411 426 3070 1788 2758 655 312 2103 473 47 1774 157 284 118 1630 1617 477 275 253 222 453 277 255 1601 202
is_linear=0
shrinkage=0.05


Tree=200
num_leaves=31
num_cat=0
split_feature=9 13 7 8 5 0 9 7 0 9 3 1 9 7 4 9 3 3 0 8 8 9 3 3 7 0 7 4 7 8
split_gain=0.124917 0.0222667 0.0151986 0.0089455 0.00404389 0.00400297 0.00368488 0.00367092 0.00427757 0.00166934 0.00772837 0.00153553 0.000251457 0.00277287 2.51419e-06 1.68063e-09 1.26037e-09 5.04975e-10 2.01735e-10 2.2885e-11 2.09879e-11 8.88672e-12 7.02774e-12 3.97878e-12 7.11839e-13 3.27731e-13 2.10325e-13 1.82371e-13 4.26152e-14 3.84554e-14
threshold=-0.53134802822849891 1.0000000180025095e-35 129.50000000000003 141.03601694915258 8.0100603211993064 2.0585572677438591 -0.71929357792026261 119.50000000000001 0.18981894877374797 -0.26634925049910491 4.6478001079635041 10.501588724961538 -1.0000000180025095e-35 126.50000000000001 7.5019101675073623 -0.70688395170678076 7.4985928023719568 7.4662273925763296 0.27328611250455342 314.09090909090918 194.13802816901412 -0.19294029418538369 7.9765953503525298 7.4874537278250921 194.50000000000003 1.199365564352278 125.50000000000001 5.0845003501084243 192.50000000000003 175.0588235294118
decision_type=2 2 2 2 2 2 2 2 2 2 2 2 2 2 2 2 2 2 2 2 2 2 2 2 2 2 2 2 2 2
left_child=6 4 3 5 -2 14 -1 -8 15 10 -6 16 13 -11 21 -9 17 -4 -5 -20 29 -3 -18 25 -24 26 -23 -15 -29 -14
right_child=1 2 11 18 9 -7 7 8 -10 12 -12 -13 20 27 -16 -17 22 -19 19 -21 -22 23 24 -25 -26 -27 -28 28 -30 -31
leaf_value=-0.050000216648609611 -0.05000028322190482 0.050007037034878514 -0.050009074754357001 -0.050031838644826646 -0.050000219611314511 -0.050000286280501106 -0.05000021585169815 0.050077178642632572 -0.050000224106673402 -0.034864697750426298 0.050001972440790132 0.014198652320713585 0.050001931008774862 0.050002710022354263 0.047449206203452693 0.050002432332564017 -0.050004349493652928 -0.050052252400011016 -0.050010574660450793 -0.050000231504090546 0.0500066257929681 0.05000200082736414 -0.050001429681712853 0.05000549480771304 -0.050000221270686429 0.050002969089293241 0.050002671358459663 0.050001980249548161 0.050002312459188437 0.050002225391099789
leaf_weight=0.07853504593776961 0.0011077987946919157 0.0011961017335124788 0.0010076083431158631 0.0010438031390549432 0.0024689891547495799 0.0010853998564925868 0.0041781227760111506 0.0015387817984446883 0.00165670401065654 0.0010647129565768418 0.0088832057044783141 0.0010083751258207494 0.061149699635279831 0.0010762153142422912 0.0010446151809446755 0.0014708466933370801 0.001366282791877893 0.0020648173569952633 0.001000605301669566 0.0011487812973882683 0.0024810242284729602 0.0076234141270106193 0.0015169995328960795 0.0010121813611476691 0.006197344116117165 0.0012453177878342112 0.001381388461595634 0.0078473989997291937 0.001100773468351691 0.001129863871028646
leaf_count=18276 212 10 61 23 566 229 971 1 374 173 226 14 1584 22 8 43 138 9 50 254 30 192 249 11 1416 25 27 199 24 26
internal_value=-0.00113824 0.0321394 -0.00436003 0.0257878 0.0449285 0.0423797 -0.0465545 -0.0159579 0.0145228 0.0461345 0.0282525 -0.045091 0.0488108 0.0418537 0.0498054 0.0500406 -0.0500104 -0.0500381 -0.0500138 -0.050005 0.0500021 0.0500029 -0.050001 0.0500025 -0.0500005 0.0500022 0.0500021 0.0500021 0.050002 0.0500019
internal_weight=0.206632 0.119253 0.030943 0.0177816 0.0883097 0.0145884 0.0873795 0.00884446 0.00466633 0.0872019 0.0113522 0.0131614 0.0758497 0.0110891 0.013503 0.00300963 0.0121531 0.00307243 0.00319319 0.00214939 0.0647606 0.0124584 0.00908063 0.0112623 0.00771434 0.0102501 0.0090048 0.0100244 0.00894817 0.0622796
internal_count=25443 5778 2716 829 3062 502 19665 1389 418 2850 792 1887 2058 418 273 44 1873 70 327 304 1640 265 1803 255 1665 244 219 245 223 1610
is_linear=0
shrinkage=0.05


Tree=201
num_leaves=31
num_cat=0
split_feature=9 13 18 2 9 7 0 5 2 9 3 9 8 9 3 9 9 8 0 3 0 7 7 7 8 7 8 3 2 11
split_gain=0.117563 0.0205216 0.0178291 0.00920003 0.00383529 0.00367716 0.00432356 0.00350045 0.00148253 0.00135497 0.00796739 0.000136886 0.000925783 1.55241e-09 1.04938e-09 4.92155e-10 3.2709e-11 1.83272e-11 8.87889e-12 3.52306e-12 2.84796e-13 2.79552e-13 2.1041e-13 1.67163e-13 4.55122e-14 2.10439e-14 2.01315e-14 1.50808e-14 1.29393e-14 6.80185e-15
threshold=-0.53134802822849891 1.0000000180025095e-35 1.0000000180025095e-35 2.740319461670996 -0.71929357792026261 119.50000000000001 0.11812552495011401 8.0695940463597982 9.7957348419155554 -0.21171336248670511 4.6478001079635041 -1.0000000180025095e-35 155.03734939759039 -0.70688395170678076 7.4985928023719568 1.0000000180025095e-35 -0.19294029418538369 194.13802816901412 0.60818791235951253 7.4874537278250921 1.199365564352278 198.50000000000003 149.50000000000003 125.50000000000001 175.0588235294118 183.50000000000003 214.08333333333334 7.3562796726651376 2.3502401828962087 0.00090497811672825442
decision_type=2 2 2 2 2 2 2 2 2 2 2 2 2 2 2 2 2 2 2 2 2 2 2 2 2 2 2 2 2 2
left_child=4 7 8 16 -1 -6 13 -2 14 10 -9 12 -11 -7 15 -3 -4 24 -16 20 23 22 -20 27 -13 -12 -14 28 -18 -5
right_child=1 2 3 29 5 6 -8 9 -10 11 25 17 26 -15 18 -17 19 -19 21 -21 -22 -23 -24 -25 -26 -27 -28 -29 -30 -31
leaf_value=-0.050000205913481435 -0.024927285408447415 -0.050009304694242321 0.050009876784658715 -0.050000375102013973 -0.050000204488499372 0.050073407629778521 -0.050000234882540309 -0.050000205375189545 0.012687609896169481 -0.00017185652649412544 0.050001847987688725 0.050001836482322717 0.050001886157226463 0.050002213746286522 -0.050004300324159645 -0.050043687899401459 0.050002021600324166 0.05000636949838614 -0.05000041883288199 0.050005041213708148 0.050002806312815423 -0.050000211198285398 -0.050001440221513462 0.050002529491741214 0.050002146232417069 0.050002085041963643 0.050002109374505312 0.050002061857337937 0.050001842296293397 -0.050000214595135518
leaf_weight=0.074932995558810944 0.0017617199887354209 0.0016234280753906214 0.0016689504118403429 0.0010713963306443466 0.004063490364842437 0.0014638418797403574 0.0016665626535541378 0.0024357604947908848 0.0010181242778344321 0.0010723924510784846 0.0098927893632207997 0.056294425823580241 0.0051893775307689793 0.0016055201613198733 0.0019564426354463649 0.0028997439412705717 0.0012464610044844449 0.0023266906464414197 0.0010151751243938634 0.0011230276868445807 0.0012276485576876448 0.0042447734642792057 0.001001805855139537 0.0012583032221300527 0.0012112852200516491 0.001034055010677549 0.0012541813375719357 0.0013282540676300414 0.0052175470300426241 0.0017195389214066381
leaf_count=18332 272 112 11 224 993 1 390 594 15 104 268 1533 138 50 271 38 31 29 217 13 26 1019 131 26 29 25 30 33 142 415
internal_value=-0.0015089 0.0319743 -0.00372369 0.0324066 -0.0463332 -0.0151061 0.0148336 0.0447955 -0.0453726 0.0463174 0.0317733 0.0492031 0.042843 0.0500362 -0.050012 -0.0500313 0.0500033 0.050002 -0.0500014 0.0500024 0.0500021 -0.0500004 -0.0500009 0.050002 0.0500018 0.0500019 0.0500019 0.0500019 0.0500019 -0.0500003
internal_weight=0.195826 0.112093 0.0296206 0.0158611 0.0837324 0.00879942 0.00473592 0.0824727 0.0137595 0.080711 0.0133626 0.0673484 0.00751595 0.00306936 0.0127414 0.00452317 0.0130702 0.0598324 0.0082182 0.0114012 0.0102782 0.00626175 0.00201698 0.00905057 0.0575057 0.0109268 0.00644356 0.00779226 0.00646401 0.00279094
internal_count=25512 5746 2724 921 19766 1434 441 3022 1803 2750 887 1863 272 51 1788 150 282 1591 1638 271 258 1367 348 232 1562 293 168 206 173 639
is_linear=0
shrinkage=0.05


Tree=202
num_leaves=31
num_cat=0
split_feature=9 13 18 2 9 7 0 5 9 3 1 9 7 9 3 9 9 8 0 3 7 8 0 8 7 8 7 8 4 6
split_gain=0.111854 0.0197965 0.0172027 0.00853569 0.00340533 0.00336841 0.00392413 0.00329223 0.00153488 0.00690856 0.00146839 0.000250862 0.00262278 1.26651e-09 8.86956e-10 4.5136e-10 3.08318e-11 1.42593e-11 6.98841e-12 2.72406e-12 6.85163e-13 1.03701e-12 5.64973e-13 1.97118e-13 1.64179e-13 3.93019e-14 3.08312e-14 1.89813e-14 1.6126e-14 1.44624e-14
threshold=-0.53134802822849891 1.0000000180025095e-35 1.0000000180025095e-35 2.740319461670996 -0.71929357792026261 119.50000000000001 0.11812552495011401 8.0100603211993064 -0.26634925049910491 4.6478001079635041 10.501588724961538 -1.0000000180025095e-35 126.50000000000001 -0.70688395170678076 7.4985928023719568 1.0000000180025095e-35 -0.21171336248670511 194.13802816901412 0.60818791235951253 7.4874537278250921 198.50000000000003 439.16666666666669 1.1744478143752708 158.15699658703076 125.50000000000001 175.0588235294118 192.50000000000003 120.00996677740865 5.5353618778730294 3.1966228895523474
decision_type=2 2 2 2 2 2 2 2 2 2 2 2 2 2 2 2 2 2 2 2 2 2 2 2 2 2 2 2 2 2
left_child=4 7 10 16 -1 -6 13 -2 9 -9 14 12 -10 -7 15 -3 -4 25 -16 22 21 -20 24 -14 27 -13 29 -18 -11 -25
right_child=1 2 3 -5 5 6 -8 8 11 28 -12 17 23 -15 18 -17 19 -19 20 -21 -22 -23 -24 26 -26 -27 -28 -29 -30 -31
leaf_value=-0.05000019333955872 -0.037589581170724154 -0.05000899056973343 0.050011110129433822 -0.050000269011115851 -0.050000197770765246 0.050069821771365458 -0.050000224330098965 -0.050000200672705886 -0.033814483190823995 0.050001752643876657 0.012953468734992757 0.050001747969362555 0.05000256347640411 0.050002193449688218 -0.05000408113133166 -0.050041903904382005 0.050001774617590991 0.05000590625096997 -0.050002465726809511 0.050004742707900521 -0.050000206399663585 -0.050000197114869797 0.050002974331447861 0.05000197391808843 0.050002449951836239 0.050002043006619451 0.050002081014828552 0.050001940104808351 0.050001960645034316 0.050001768829630193
leaf_weight=0.071164453369419789 0.0011957261094721608 0.0016825521422561005 0.0010964563516608914 0.0025774993387130971 0.0038072897814345197 0.0013925466919317842 0.0015175128903592849 0.0022229448786674766 0.0010385777754891032 0.0066587709115992766 0.0010010449441324462 0.054041582239733543 0.00105337022614549 0.0013767332911811536 0.0018662175984900387 0.0027345892369794456 0.0047330565539596137 0.0021482318989001206 0.001010657001643267 0.0010587454053165865 0.0040433249994293874 0.0010043019115073548 0.0015022113875602381 0.0010022365349868778 0.0012709417242149357 0.0011530022493388961 0.001114723982027499 0.0027333058169460855 0.0010835197790584061 0.0060413952342059929
leaf_count=18303 216 110 6 617 978 1 374 562 174 190 14 1547 23 44 272 40 134 30 83 13 1011 256 33 26 27 29 27 72 28 171
internal_value=-0.00147859 0.0318525 -0.00400345 0.0327873 -0.0465049 -0.0157741 0.0146236 0.044744 0.0460133 0.0276943 -0.0452874 0.0487141 0.0415095 0.0500362 -0.0500114 -0.0500294 0.0500031 0.0500019 -0.0500014 0.0500023 -0.0500006 -0.0500013 0.0500021 0.0500019 0.0500019 0.0500018 0.0500018 0.0500018 0.0500018 0.0500018
internal_weight=0.186328 0.107069 0.0283149 0.0149722 0.0792585 0.00809408 0.00428679 0.0787541 0.0775584 0.00996524 0.0133427 0.0675931 0.0102503 0.00276928 0.0123416 0.00441714 0.0123947 0.0573428 0.0079245 0.0112983 0.00605828 0.00201496 0.0102395 0.00921173 0.0087373 0.0551946 0.00815836 0.00746636 0.00774229 0.00704363
internal_count=25411 5711 2688 902 19700 1397 419 3023 2807 780 1786 2027 421 45 1772 150 285 1606 1622 279 1350 339 266 247 233 1576 224 206 218 197
is_linear=0
shrinkage=0.05


Tree=203
num_leaves=31
num_cat=0
split_feature=9 13 18 2 9 5 8 0 13 9 3 9 4 9 3 9 8 9 8 0 3 0 5 4 8 3 9 3 4 1
split_gain=0.106348 0.018711 0.0161758 0.00809836 0.00317296 0.00311993 0.00273752 0.00419488 0.00141634 0.00139902 0.00667598 0.000227436 0.00226097 1.08126e-09 7.25968e-10 3.98198e-10 8.92382e-11 2.39459e-11 6.15313e-12 6.08984e-12 2.77784e-12 4.53084e-13 3.31231e-13 2.58493e-13 3.57839e-14 3.55826e-14 3.16583e-14 2.46999e-14 1.42716e-14 1.34684e-14
threshold=-0.53134802822849891 1.0000000180025095e-35 1.0000000180025095e-35 2.740319461670996 -0.71929357792026261 8.0100603211993064 206.05555555555557 0.11812552495011401 6.9459217372193853e-05 -0.26634925049910491 4.6478001079635041 -1.0000000180025095e-35 5.0271592211193568 -0.70688395170678076 7.4985928023719568 1.0000000180025095e-35 141.03601694915258 -0.21171336248670511 194.13802816901412 0.60818791235951253 7.4767551062824937 1.1744478143752708 8.0461435594711883 5.1089666311285624 172.25000000000003 7.3920308082497579 -0.16900152081477324 5.2548844000372066 5.5353618778730294 2.602003343538398
decision_type=2 2 2 2 2 2 2 2 2 2 2 2 2 2 2 2 2 2 2 2 2 2 2 2 2 2 2 2 2 2
left_child=4 5 8 17 -1 -2 -6 13 -3 10 -7 12 -11 -8 15 -10 -17 -4 24 -16 21 25 -21 -14 -13 29 -24 -25 -12 -19
right_child=1 2 3 -5 6 9 7 -9 14 11 28 18 23 -15 19 16 -18 20 -20 22 -22 -23 26 27 -26 -27 -28 -29 -30 -31
leaf_value=-0.050000184707589171 -0.036693015067440764 0.011822503945208567 0.050009386949636206 -0.050000263557857673 -0.050000185217152375 -0.050000190433616802 0.050066410334630045 -0.050000208951245545 -0.050008191749617598 -0.028995250044441923 0.050001668463400678 0.050001661891093119 0.050002513290713091 0.050002107076153081 -0.050003954364975491 -0.050050017812313288 -0.050031417098867485 0.050001828480378596 0.050004918375688594 -0.050001091875399556 0.05000468264048169 0.050002768839415568 -0.050000520868948885 0.050001698081196748 0.050001945459526492 0.05000207864253621 -0.050000191607211676 0.050001943554648098 0.050001855310005575 0.050001683180984836
leaf_weight=0.067571091587296905 0.001157872444309759 0.0010062482490411648 0.0013211627083364883 0.0024471595095292295 0.0033781257411646939 0.0021249235664981825 0.0013247194001451135 0.0017486827871380228 0.0016774095149685309 0.0010129911838703274 0.0065668211354932282 0.051460634153045248 0.0012673552955675405 0.0012906847259728238 0.0017404268005520862 0.0011248452215113502 0.0015109543633116118 0.0041813826937868726 0.0014975004778534631 0.0019494623491027596 0.0010473102302057677 0.0014831634343863706 0.0010132896100003572 0.0060556167554750573 0.0011371374384907531 0.001108907992602326 0.0026114352613149086 0.0012334338462096639 0.0012104307425033767 0.002578299605374923
leaf_count=18270 217 43 9 613 912 566 1 456 120 166 197 1549 30 43 264 6 34 117 26 379 13 35 232 179 30 28 698 32 33 77
internal_value=-0.0015071 0.0318886 -0.00395254 0.0327293 -0.0465263 0.0447438 -0.0162073 0.00995086 -0.0450862 0.0460255 0.0285421 0.0487448 0.0416394 0.0500347 -0.050011 -0.0500272 -0.0500394 0.050003 0.0500018 -0.0500014 0.0500022 0.050002 -0.0500006 0.0500019 0.0500017 0.0500018 -0.0500003 0.0500017 0.0500017 0.0500018
internal_weight=0.176839 0.101526 0.0268015 0.0141674 0.0753133 0.0747247 0.00774221 0.00436409 0.0126341 0.0735668 0.00990218 0.0636647 0.0095694 0.0026154 0.0116278 0.00431321 0.0026358 0.0117202 0.0540953 0.00731461 0.0103991 0.00935175 0.00557419 0.00855641 0.0525978 0.00786859 0.00362472 0.00728905 0.00777725 0.00675968
internal_count=25375 5693 2668 892 19682 3025 1412 500 1776 2808 796 2012 407 44 1733 160 40 279 1605 1573 270 257 1309 241 1579 222 930 211 230 194
is_linear=0
shrinkage=0.05


Tree=204
num_leaves=31
num_cat=0
split_feature=9 13 18 2 5 9 7 0 2 9 3 9 4 9 3 9 9 8 0 3 7 0 7 8 7 8 4 2 4 7
split_gain=0.102708 0.0164805 0.01407 0.0077938 0.0033392 0.00320405 0.00311265 0.00359371 0.00134393 0.00119116 0.0072731 0.00011626 0.000562854 9.62275e-10 5.53104e-10 3.02242e-10 2.06689e-11 1.11584e-11 5.14214e-12 2.43719e-12 5.15282e-13 1.56897e-13 1.10148e-13 2.95319e-14 2.07473e-14 1.48562e-14 1.21335e-14 5.77663e-15 5.70247e-15 2.80158e-15
threshold=-0.53134802822849891 1.0000000180025095e-35 1.0000000180025095e-35 2.740319461670996 8.0695940463597982 -0.71929357792026261 119.50000000000001 0.11812552495011401 9.7957348419155554 -0.19294029418538369 4.6478001079635041 -1.0000000180025095e-35 5.0657496176235997 -0.70688395170678076 7.4985928023719568 0.38459858393803353 -0.21171336248670511 194.13802816901412 0.60818791235951253 7.4874537278250921 198.50000000000003 1.199365564352278 125.50000000000001 175.0588235294118 182.50000000000003 120.00996677740865 5.3589392201907193 6.3843505169408665 7.2902926497970748 116.50000000000001
decision_type=2 2 2 2 2 2 2 2 2 2 2 2 2 2 2 2 2 2 2 2 2 2 2 2 2 2 2 2 2 2
left_child=5 4 8 16 -2 -1 -7 13 14 10 -6 12 -11 -8 15 -3 -4 23 -16 21 -20 22 25 -13 -12 29 -14 -5 -27 -18
right_child=1 2 3 27 9 6 7 -9 -10 11 24 17 26 -15 18 -17 19 -19 20 -21 -22 -23 -24 -25 -26 28 -28 -29 -30 -31
leaf_value=-0.050000175889734391 -0.028065457995337113 -0.050015044791687703 0.05000892748375485 -0.050000184440856181 -0.050000178031503063 -0.050000175445176015 0.050063168807096152 -0.050000203192715753 0.01017380041921114 0.0091062191299116548 0.050001592665427946 0.050001580461826248 0.050001616150326139 0.050001942054986592 -0.050003676187266546 -0.05004863069389931 0.050001583481337146 0.050005315888790147 -0.050001210906791937 0.050004366572332461 -0.050000182105139027 0.050002410291985815 0.050002205994878826 0.050001853670221065 0.050001812457344141 0.050001696168991097 0.050001812998120412 -0.050000342217513122 0.050001856397590742 0.050001676929247965
leaf_weight=0.06442793846827044 0.0015446521242665759 0.001863059494553454 0.0012567400735861165 0.0013728771859859998 0.0022116475845450631 0.0034410893865697281 0.0012601915514096618 0.0013805722367123963 0.0010216617156402217 0.0010336241075492572 0.0090018345217686146 0.049188249717190047 0.0035165357767255045 0.0013076308723611874 0.0016962875772605912 0.0010459051509315032 0.0030351117438840447 0.0020885453141090684 0.0018267341188220598 0.001059632806573064 0.0036468656776378339 0.0010031529909610981 0.0011015383206540719 0.0010094537465192835 0.0012189773660793444 0.0012384732144710142 0.0010069164964079391 0.0010046915781458665 0.0010065988954011118 0.0010905718881986104
leaf_count=18314 274 138 9 386 621 977 1 375 16 85 283 1556 109 47 275 12 96 32 340 14 1015 25 26 28 34 37 28 239 28 33
internal_value=-0.0011899 0.0326175 -0.00300344 0.0319486 0.0446547 -0.0464235 -0.0152393 0.0150553 -0.0444697 0.0462531 0.032212 0.049271 0.042395 0.050032 -0.0500087 -0.0500271 0.0500029 0.0500017 -0.0500013 0.0500021 -0.0500005 0.0500018 0.0500017 0.0500016 0.0500016 0.0500017 0.0500017 -0.0500003 0.0500018 0.0500016
internal_weight=0.167908 0.0960903 0.0242699 0.0131694 0.0718204 0.0718174 0.00738948 0.00394839 0.0111005 0.0702758 0.0124325 0.0578433 0.00555708 0.00256782 0.0100789 0.00290896 0.0107918 0.0522862 0.00716989 0.00953508 0.0054736 0.00847545 0.00747229 0.0501977 0.0102208 0.00637076 0.00452345 0.00237757 0.00224507 0.00412568
internal_count=25453 5739 2689 893 3050 19714 1400 423 1796 2776 938 1838 222 48 1780 150 268 1616 1630 259 1355 245 220 1584 317 194 137 625 65 129
is_linear=0
shrinkage=0.05


Tree=205
num_leaves=31
num_cat=0
split_feature=9 13 18 3 9 7 0 5 9 3 1 9 7 9 3 9 9 8 0 3 7 8 0 7 8 3 8 8 6 11
split_gain=0.0955057 0.0176612 0.014503 0.00736192 0.0030832 0.0030143 0.00339304 0.00295757 0.00133487 0.00618005 0.000870723 0.000216073 0.00189366 8.34239e-10 5.40472e-10 2.91424e-10 1.30747e-11 1.02449e-11 4.38299e-12 1.73119e-12 3.98289e-13 2.43076e-13 1.26607e-13 4.31018e-14 2.31967e-14 1.63454e-14 1.01854e-14 7.14706e-15 5.1183e-15 4.37671e-15
threshold=-0.53134802822849891 1.0000000180025095e-35 1.0000000180025095e-35 7.6955305627591644 -0.71929357792026261 119.50000000000001 0.11812552495011401 8.0100603211993064 -0.26634925049910491 4.6478001079635041 10.070801030819768 -1.0000000180025095e-35 128.50000000000003 -0.70688395170678076 7.4985928023719568 1.0000000180025095e-35 -0.19294029418538369 194.13802816901412 0.60818791235951253 7.4662273925763296 198.50000000000003 164.08333333333334 1.1744478143752708 123.50000000000001 172.25000000000003 5.2548844000372066 251.04347826086959 128.09459459459461 3.2493258900699948 0.0010298672097068435
decision_type=2 2 2 2 2 2 2 2 2 2 2 2 2 2 2 2 2 2 2 2 2 2 2 2 2 2 2 2 2 2
left_child=4 7 10 16 -1 -6 13 -2 9 -9 14 12 -10 -7 15 -3 -4 24 -16 22 -20 -14 23 27 -13 28 -11 -18 -23 -5
right_child=1 2 3 29 5 6 -8 8 11 26 -12 17 21 -15 18 -17 19 -19 20 -21 -22 25 -24 -25 -26 -27 -28 -29 -30 -31
leaf_value=-0.050000166829906156 -0.035499216382541478 -0.050007468806471445 0.050007469766155423 -0.050000318012395323 -0.050000167069853496 0.050060086571233488 -0.050000193629237813 -0.050000173140795606 -0.02175335634775229 0.050001507221988421 -0.0012833387414173171 0.050001503281139253 0.050002356037384954 0.050001832746618714 -0.050003480943954293 -0.050035565083602143 0.050001516953610783 0.050005341756488957 -0.050001117708252468 0.050003759457398538 -0.050000171661426188 0.050001635727862127 0.050002184336764503 0.05000189753958291 0.050001737276161765 0.050001751660692532 0.050001667821628085 0.050001653674523687 0.050001514824323523 -0.050000177590053131
leaf_weight=0.061160459001939671 0.001133619717165856 0.0015044207170831214 0.0012126732071919841 0.0010069828697396596 0.0032905720554481368 0.0011988033074885607 0.001293520673925741 0.0019798251585143589 0.001043086260324344 0.005846097381436266 0.0010044869777630092 0.046475441669826978 0.0011686203615681734 0.0012611120446308632 0.0016213454030093999 0.0023877702424215386 0.0045984546686668182 0.0018094866009050739 0.0016734940609239857 0.0011426934179326062 0.0033189840601153264 0.0010914639842667384 0.0010645359689078759 0.0010217761846433859 0.0010839955793926484 0.0010778976538858842 0.0011877045944856945 0.0012068850883224513 0.004420356630362221 0.0012362852937712887
leaf_count=18276 220 120 11 254 982 1 370 581 166 194 34 1546 29 48 277 41 152 27 335 18 978 34 29 28 32 31 36 37 146 364
internal_value=-0.00152262 0.031627 -0.00526985 0.032042 -0.0463924 -0.0150675 0.0155574 0.0445893 0.0459407 0.0280364 -0.0457577 0.048715 0.0414978 0.0500302 -0.0500099 -0.0500247 0.0500026 0.0500016 -0.0500012 0.0500019 -0.0500005 0.0500017 0.0500017 0.0500016 0.0500015 0.0500016 0.0500015 0.0500015 0.0500015 -0.0500002
internal_weight=0.160523 0.0923184 0.0240008 0.0124903 0.0682045 0.00704401 0.00375344 0.0683176 0.067184 0.00901363 0.0115105 0.0581703 0.00880142 0.00245992 0.010506 0.00389219 0.010247 0.0493689 0.00661382 0.00903435 0.00499248 0.00775834 0.00789165 0.00682712 0.0475594 0.00658972 0.0070338 0.00580534 0.00551182 0.00224327
internal_count=25397 5720 2678 893 19677 1401 419 3042 2822 811 1785 2011 406 49 1751 161 275 1605 1590 264 1313 240 246 217 1578 211 230 189 180 618
is_linear=0
shrinkage=0.05


Tree=206
num_leaves=31
num_cat=0
split_feature=9 13 18 3 5 9 7 0 0 9 3 9 9 3 9 5 9 8 0 3 8 0 0 4 7 7 8 8 7 1
split_gain=0.0916995 0.0165594 0.0137474 0.00686033 0.00268151 0.00258107 0.00265068 0.00316969 0.00222947 0.000885437 0.00750595 0.000871023 6.78233e-10 4.64044e-10 2.48562e-10 2.57956e-11 1.57801e-11 8.53654e-12 4.19668e-12 4.49066e-13 4.04069e-13 3.84948e-13 3.11248e-13 2.54987e-14 3.04999e-14 2.37197e-14 2.21489e-14 1.14518e-14 4.77916e-15 3.63988e-15
threshold=-0.53134802822849891 1.0000000180025095e-35 1.0000000180025095e-35 7.6955305627591644 8.176465212155172 -0.71929357792026261 120.50000000000001 0.11812552495011401 0.076760849601760842 -1.0000000180025095e-35 4.6478001079635041 3.8432741020346932 -0.70688395170678076 7.4985928023719568 1.0000000180025095e-35 7.7539047029584909 -0.21171336248670511 194.13802816901412 0.60818791235951253 7.4544301786633325 270.04000000000002 1.7694318810605509 1.1744478143752708 5.1089666311285624 191.50000000000003 122.50000000000001 172.25000000000003 123.02727272727275 179.50000000000003 5.9388537289014298
decision_type=2 2 2 2 2 2 2 2 2 2 2 2 2 2 2 2 2 2 2 2 2 2 2 2 2 2 2 2 2 2
left_child=5 4 11 16 8 -1 -7 12 -2 10 -6 13 -8 14 -3 -16 -4 26 -15 22 21 -20 25 -12 28 27 -11 -18 -25 -5
right_child=1 2 3 29 9 6 7 -9 -10 17 23 -13 -14 18 15 -17 19 -19 20 -21 -22 -23 -24 24 -26 -27 -28 -29 -30 -31
leaf_value=-0.050000158168572978 -0.050000213852570786 -0.050007218700380121 0.05000835827834077 -0.050000162929976333 -0.050000215645405237 -0.050000158639776075 0.050057150994547765 -0.050000183123882484 0.04858752867282784 0.050001427819491628 0.050001735770143087 -0.001082084846424052 0.050001195987113368 -0.050003780431184065 -0.050039723405944148 -0.050029014737532143 0.05000144710999848 0.050004909720915383 -0.050000554379454221 0.0500027912125297 -0.050000161218727981 -0.050001820048527247 0.050002428212402472 0.050001434495443468 0.05000170515517724 0.050001736351753701 0.050001661653753728 0.050001609281047014 0.050001524037123352 -0.05000029523475711
leaf_weight=0.058367795840240433 0.0013439709582598871 0.001407044427423898 0.0010283106676070028 0.0010804888217990092 0.0021731437464040928 0.0031550575408800787 0.0011404021643102169 0.0012464806866319122 0.001000233979539189 0.043865926892976859 0.0010050303862954033 0.001001658335326284 0.001031291370964027 0.0013417335842405009 0.0010495626552255999 0.0012114722405840439 0.0036931350914528593 0.001838061742091667 0.0014736976013409731 0.0010249690603814088 0.0024025186835388013 0.0010142094395177992 0.0011683812008413952 0.0096915860031003831 0.0012850177008658656 0.0012624539212993113 0.0010366130500187856 0.0015435538025485585 0.0017609990100027071 0.0010018819168635673
leaf_count=18336 338 117 8 337 616 990 1 375 22 1534 30 158 45 218 30 10 128 30 370 20 749 137 32 338 38 38 32 49 58 269
internal_value=-0.00161859 0.0317283 -0.00503171 0.0323596 0.0445688 -0.046655 -0.0169516 0.0135531 -0.00793443 0.0465331 0.0363472 -0.0455142 0.0500306 -0.0500096 -0.0500237 -0.050034 0.0500025 0.0500016 -0.0500013 0.0500018 -0.0500006 -0.0500011 0.0500017 0.0500015 0.0500015 0.0500015 0.0500014 0.0500015 0.0500014 -0.0500002
internal_weight=0.152647 0.0877057 0.0227051 0.0118032 0.0650006 0.064941 0.00657323 0.00341817 0.0023442 0.0626564 0.0159158 0.0109019 0.00217169 0.00990024 0.00366808 0.00226103 0.0097208 0.0467406 0.00623216 0.00869249 0.00489043 0.00248791 0.00766752 0.0137426 0.0127376 0.00649914 0.0449025 0.00523669 0.0114526 0.00208237
internal_count=25453 5706 2670 881 3036 19747 1411 421 360 2676 1080 1789 46 1631 157 40 275 1596 1474 267 1256 507 247 464 434 215 1566 177 396 606
is_linear=0
shrinkage=0.05


Tree=207
num_leaves=31
num_cat=0
split_feature=9 13 18 2 5 9 8 0 1 9 4 9 4 9 4 0 9 4 8 1 4 0 1 8 9 8 4 9 8 6
split_gain=0.0879244 0.014416 0.0130341 0.00670374 0.00263464 0.00257879 0.00221025 0.00347396 0.00133681 0.0009371 0.0067094 4.38444e-05 7.40432e-05 5.89599e-10 4.02386e-10 9.75574e-11 1.32639e-11 6.47979e-12 4.49705e-12 6.67742e-13 2.89753e-13 4.5154e-14 2.95857e-14 1.82215e-14 1.44051e-14 1.17328e-14 6.01429e-15 1.34641e-14 4.85202e-15 2.22088e-15
threshold=-0.53134802822849891 1.0000000180025095e-35 1.0000000180025095e-35 2.740319461670996 8.105272220662707 -0.71929357792026261 206.05555555555557 0.11812552495011401 9.6905478657777291 -0.12453542817161221 5.0466405620843924 -1.0000000180025095e-35 5.1503930356556173 -0.70688395170678076 7.0934015215887589 0.27328611250455342 -0.19294029418538369 7.6133230286147189 194.13802816901412 2.740319461670996 8.1107275378843529 1.161547386419163 2.6735537653587347 172.25000000000003 -0.21171336248670511 101.7823969465649 5.4701654074033046 -0.3014177459159994 123.02727272727275 2.1376109762125082
decision_type=2 2 2 2 2 2 2 2 2 2 2 2 2 2 2 2 2 2 2 2 2 2 2 2 2 2 2 2 2 2
left_child=5 4 8 16 -2 -1 -7 13 14 10 -6 12 -11 -8 -3 -16 -4 -17 23 21 -19 22 25 -13 -22 -18 -12 -28 -27 -5
right_child=1 2 3 29 9 6 7 -9 -10 11 26 18 -14 -15 15 17 19 20 -20 -21 24 -23 -24 -25 -26 28 27 -29 -30 -31
leaf_value=-0.05000015041017819 -0.017288509407434691 -0.05002961399486016 0.050007300801956457 -0.050000153899187633 -0.050000159682967282 -0.050000151422500451 0.050054358259678279 -0.050000170457180193 0.010768736804434402 0.03289094227670343 0.050001380255498322 0.050001359923560244 0.05000141644062768 0.050001849460012862 -0.050018004991367306 -0.050004381791532763 0.050001605210660861 -0.050001161468056679 0.05000428556211442 0.050002717424770915 -0.05000037586669355 0.050001876442892612 0.050001725799664026 0.050001574458981769 -0.050000167805402389 0.050001372781727886 0.050001382750146851 0.050001607737789035 0.050001492411106831 -0.050000258808373027
leaf_weight=0.055210422836353246 0.0016700722921996194 0.0018589505673389795 0.001243204969796353 0.0010147653235890184 0.0019892687907940862 0.0027662936643082494 0.0010848430683836341 0.0014608257063173369 0.0010038002887995398 0.001029121940064214 0.0078263346058520256 0.042106688197236508 0.0016395990242017433 0.0010540186895013903 0.0010077735228151141 0.001308841112177106 0.0010798619423439959 0.0010635272399213136 0.001359585196041734 0.0015506518884649267 0.0011960708111473659 0.0010401465387985809 0.0013538604089262662 0.0010138429261132833 0.0027326641661602471 0.0022707856442139018 0.0018215543732367223 0.0010472774247318748 0.00135253113694489 0.0010029418092472042
leaf_count=18233 295 70 11 334 629 912 1 466 55 51 284 1548 58 43 54 174 35 235 26 37 344 33 43 33 877 83 66 33 46 289
internal_value=-0.00118845 0.0322116 -0.00244434 0.033059 0.0446535 -0.0465256 -0.0163922 0.00943484 -0.0440109 0.0463824 0.0343184 0.049628 0.0434032 0.0500285 -0.0500088 -0.0500036 0.0500025 -0.0500013 0.0500015 0.0500018 -0.0500004 0.0500016 0.0500015 0.0500014 -0.0500002 0.0500015 0.0500014 0.0500015 0.0500014 -0.0500002
internal_weight=0.14516 0.0835837 0.0220804 0.0119087 0.0615033 0.0615764 0.00636598 0.00359969 0.0101716 0.0598333 0.0126844 0.0471488 0.00266872 0.00213886 0.00916783 0.00730888 0.00989104 0.0063011 0.0444801 0.00864784 0.00499226 0.00709719 0.00605704 0.0431205 0.00392873 0.00470318 0.0106952 0.00286883 0.00362332 0.00201771
internal_count=25398 5743 2720 911 3023 19655 1422 510 1809 2728 1012 1716 109 44 1754 1684 288 1630 1607 277 1456 240 207 1581 1221 164 383 99 129 623
is_linear=0
shrinkage=0.05


Tree=208
num_leaves=31
num_cat=0
split_feature=9 13 18 2 9 7 0 9 7 0 4 0 9 4 8 8 7 7 0 4 1 7 8 0 7 7 7 1 7 8
split_gain=0.0850908 0.0145841 0.0127127 0.00648778 0.00191692 0.0105444 0.00131317 0.000759201 0.00105744 0.00188487 3.41273e-10 7.23441e-11 1.14566e-11 9.34037e-12 5.90114e-12 2.33208e-12 6.55311e-13 4.11329e-13 1.14181e-13 3.26033e-14 2.82114e-14 1.64764e-14 1.3281e-14 9.68323e-15 4.29084e-15 3.91744e-15 2.85535e-15 1.17788e-15 6.03684e-16 3.92048e-16
threshold=-0.53134802822849891 1.0000000180025095e-35 1.0000000180025095e-35 2.740319461670996 -1.0000000180025095e-35 119.50000000000001 2.651749483146487 -0.70688395170678076 119.50000000000001 0.23679151610846974 7.0934015215887589 0.32015543272899422 -0.19294029418538369 7.8270413409112187 194.13802816901412 158.15699658703076 126.50000000000001 198.50000000000003 1.1744478143752708 7.2902926497970748 8.3913957519001823 191.50000000000003 169.08333333333334 0.08715175671995333 118.50000000000001 83.500000000000014 182.50000000000003 2.524928003624769 173.50000000000003 244.08333333333334
decision_type=2 2 2 2 2 2 2 2 2 2 2 2 2 2 2 2 2 2 2 2 2 2 2 2 2 2 2 2 2 2
left_child=7 4 6 12 5 25 10 -1 -9 -10 -3 -12 -4 -13 22 -7 18 -15 19 24 -19 23 28 26 27 -2 29 -14 -6 -17
right_child=1 2 3 -5 14 15 -8 8 9 -11 11 13 16 17 -16 21 -18 20 -20 -21 -22 -23 -24 -25 -26 -27 -28 -29 -30 -31
leaf_value=-0.050000142804438777 -0.050000164090083649 -0.050028136504054514 0.050006959022808377 -0.050000203922737324 0.05000129137924212 0.050003818058136619 0.010277856597393064 -0.050000142925961832 0.046982578340734431 -0.050000144785024736 -0.050016088254838144 -0.050004837196087983 0.05000134124383953 -0.050001245221767021 0.050004423524696633 0.050001297491656549 0.05000271735601404 -0.050000146996179606 0.050001980760341527 0.050001608931054299 -0.050000469792759183 0.050001533101036139 0.050001459437081022 0.050001463511265422 0.050001424221391359 -0.050000278830739243 0.050001387649727669 0.050001281800659318 0.05000132944623014 0.050001330296203267
leaf_weight=0.052995127705344203 0.0021698797952467421 0.0017706634018850309 0.0011761574569391095 0.0019606699811447479 0.038237633943936089 0.0010354217847634581 0.0010011366132403063 0.0025694600003589576 0.0010012681525495282 0.001002714486730838 0.0010210969794570701 0.0017878263747661549 0.0015750858874525875 0.0015705161797541223 0.0015680805845477144 0.0077033119050611276 0.0012897267843072768 0.0020901903603771643 0.0010110341427207459 0.0014797869516769424 0.0010010305900323146 0.0010634394693624935 0.0012274812579562413 0.0011614844297582758 0.0010856043536477955 0.001131768595541871 0.0010770532098831618 0.0017682559919194318 0.0010622944282658855 0.0010339950858906377
leaf_count=18389 679 67 11 631 1479 21 54 892 45 346 75 256 59 358 29 297 30 716 31 49 288 35 43 41 39 289 39 69 40 39
internal_value=-0.00195023 0.0313877 -0.00373266 0.0327217 0.0443548 0.0298401 -0.0441158 -0.0483134 -0.0287676 -0.00154378 -0.0500084 -0.0500037 0.0500023 -0.0500018 0.0500014 0.0500015 0.0500017 -0.0500006 0.0500015 0.0500014 -0.0500003 0.0500013 0.0500013 0.0500013 0.0500013 -0.0500002 0.0500013 0.0500013 0.0500013 0.0500013
internal_weight=0.137629 0.0800606 0.0215888 0.0113463 0.0584718 0.0163764 0.0102425 0.0575686 0.00457344 0.00200398 0.00924132 0.00747066 0.00938565 0.00644956 0.0420955 0.0130747 0.00820949 0.00466174 0.00691977 0.00590873 0.00309122 0.0120393 0.0405274 0.0109758 0.00442895 0.00330165 0.00981436 0.00334334 0.0392999 0.00873731
internal_count=25436 5764 2733 919 3031 1440 1814 19672 1283 391 1760 1693 288 1618 1591 472 277 1362 247 216 1004 451 1562 416 167 968 375 128 1519 336
is_linear=0
shrinkage=0.05


Tree=209
num_leaves=31
num_cat=0
split_feature=9 13 18 2 5 3 9 7 4 9 3 9 8 9 3 9 9 8 0 3 7 2 7 7 8 8 7 8 8 7
split_gain=0.0817093 0.0137926 0.0118504 0.00613148 0.00251137 0.00136267 0.000823214 0.000981718 0.000808923 0.000763112 0.00375755 0.000169183 0.00134044 5.0123e-05 2.97862e-10 1.59769e-10 7.1098e-12 4.7902e-12 2.34589e-12 1.00584e-12 2.39797e-13 4.83563e-14 1.8938e-14 1.41285e-14 1.1123e-14 1.36089e-15 1.15186e-15 8.63892e-16 7.37257e-16 7.06032e-16
threshold=-0.53134802822849891 1.0000000180025095e-35 1.0000000180025095e-35 2.740319461670996 8.176465212155172 4.4716224665663962 -0.6582797577561984 119.50000000000001 13.026016686866488 -0.3014177459159994 4.6478001079635041 -1.0000000180025095e-35 155.03734939759039 -0.70688395170678076 7.4985928023719568 1.0000000180025095e-35 -0.16900152081477324 194.13802816901412 0.60818791235951253 7.4662273925763296 198.50000000000003 2.3502401828962087 122.50000000000001 191.50000000000003 169.08333333333334 120.00996677740865 179.50000000000003 172.25000000000003 247.02307692307696 112.50000000000001
decision_type=2 2 2 2 2 2 2 2 2 2 2 2 2 2 2 2 2 2 2 2 2 2 2 2 2 2 2 2 2 2
left_child=6 4 8 16 5 -2 13 -8 14 10 -6 12 -11 -1 15 -3 -4 24 -16 21 -20 -18 25 26 -13 29 27 -14 -12 -23
right_child=1 2 3 -5 9 -7 7 -9 -10 11 28 17 23 -15 18 -17 19 -19 20 -21 -22 22 -24 -25 -26 -27 -28 -29 -30 -31
leaf_value=-0.050000137224758358 -0.050000178215765204 -0.050004536217727574 0.050005817919332729 -0.050000196254348497 -0.050000136399944918 0.0315919606973004 -0.050000136345906936 0.005402248788512528 -0.0027721318000806603 -0.011493292173396803 0.050001230758844099 0.050001229072537873 0.050001281377207919 -0.039707398146963696 -0.050002881795900761 -0.0500290655909333 0.050001639400803669 0.050004137888719706 -0.050000944082849497 0.050002969591353891 -0.050000142143272433 0.05000121921951084 0.050001495495322894 0.050001459152254471 0.050001393234641256 0.050001303387448473 0.050001299946805647 0.050001232586632784 0.050001278234577964 0.050001270972058968
leaf_weight=0.050440674561286869 0.0010379542095506613 0.0010041429159173276 0.0011671801985357888 0.0018601358765408813 0.0011827099554011502 0.0010093371504353854 0.0016810477757189793 0.0015249335465341574 0.0010169815993776874 0.0010195898996698807 0.0034963658417836996 0.037846066315978533 0.0012765375886374386 0.0012112138879274417 0.0012699900446477841 0.0019587517272157129 0.0013733951018366497 0.0014734737796970867 0.0014331111276533193 0.001173562734038569 0.0026668679790873284 0.0019007179835170973 0.0010294867242919281 0.0010421010811114684 0.0010605284987832411 0.0010575053274806123 0.0013230890472186729 0.0031299913716793526 0.0010690649141906761 0.0010084091736644041
leaf_count=18400 304 121 18 627 432 59 614 277 64 181 142 1538 50 401 270 42 47 29 338 23 953 78 36 36 39 41 51 127 42 40
internal_value=-0.00174301 0.0318639 -0.00386564 0.0324042 0.0445811 -0.00977436 -0.0482328 -0.0236478 -0.0448702 0.046645 0.0294254 0.0486997 0.041954 -0.0497588 -0.050008 -0.0500208 0.0500022 0.0500013 -0.050001 0.0500016 -0.0500004 0.0500014 0.0500013 0.0500013 0.0500012 0.0500013 0.0500013 0.0500012 0.0500012 0.0500012
internal_weight=0.130745 0.075887 0.0199202 0.0105704 0.0559668 0.00204729 0.0548579 0.00320598 0.00934985 0.0539195 0.00574814 0.0481714 0.00779131 0.0516519 0.00833286 0.00296289 0.00871026 0.0403801 0.00536997 0.00754308 0.00409998 0.00636951 0.00499612 0.00677172 0.0389066 0.00396663 0.00572962 0.00440653 0.00456543 0.00290913
internal_count=25420 5728 2698 910 3030 363 19692 891 1788 2667 616 2051 445 18801 1724 163 283 1606 1561 265 1291 242 195 264 1577 159 228 177 184 118
is_linear=0
shrinkage=0.05


Tree=210
num_leaves=31
num_cat=0
split_feature=9 13 18 2 5 4 1 9 7 0 9 3 3 9 9 0 3 11 3 7 9 1 4 3 7 4 7 7 4 4
split_gain=0.0771429 0.0131983 0.0111095 0.00577823 0.0022338 0.00162845 0.0012651 0.000968396 0.00119398 0.00196173 0.000741029 0.00617254 2.67732e-10 1.30373e-10 8.07493e-12 2.02607e-12 1.51825e-12 3.34758e-12 8.02818e-13 1.92408e-13 5.3485e-14 4.46752e-14 2.70704e-14 1.51476e-14 1.18967e-14 3.15937e-15 2.47545e-15 9.36751e-16 4.64039e-16 3.94216e-16
threshold=-0.53134802822849891 1.0000000180025095e-35 1.0000000180025095e-35 2.740319461670996 8.176465212155172 4.8940944640863338 10.234798784779278 -0.70688395170678076 119.50000000000001 0.08715175671995333 -1.0000000180025095e-35 4.6478001079635041 7.4985928023719568 1.0000000180025095e-35 -0.19294029418538369 0.60818791235951253 15.008549572904533 0.99726996361946496 7.4662273925763296 198.50000000000003 4.7115522587911522 2.4414009612931857 5.1269313471631675 5.2548844000372066 121.50000000000001 7.2902926497970748 179.50000000000003 179.50000000000003 10.724214071374005 7.0934015215887589
decision_type=2 2 2 2 2 2 2 2 2 2 2 2 2 2 2 2 2 2 2 2 2 2 2 2 2 2 2 2 2 2
left_child=7 4 6 14 5 -2 12 -1 -9 -10 11 -6 13 -3 -4 -14 20 28 21 -17 27 -16 -13 26 25 29 -24 -12 -18 -23
right_child=1 2 3 -5 10 -7 -8 8 9 -11 16 22 15 -15 18 19 17 -19 -20 -21 -22 24 23 -25 -26 -27 -28 -29 -30 -31
leaf_value=-0.050000131135638753 -0.050000178792717669 -0.050005805007046371 0.050006287492641924 -0.050000187767111876 -0.050000191889261442 0.038996801130800958 0.0092938560249590709 -0.050000130867850434 0.050001609791770076 -0.047548500409488818 0.050001170183307575 0.050001462722565476 -0.050002691410986282 -0.050027789328086075 0.050001577021903269 -0.050000872804871234 0.05000116892077619 0.050004437049195875 0.050002779688834653 -0.050000137178594896 0.050001502771830075 0.05000119234454508 0.050001176050687546 0.050001382612786895 0.050001383992217513 0.050001272379852996 0.050001247680979494 0.050001214140367456 0.05000121324014848 0.050001154276436081
leaf_weight=0.04808877323625893 0.0010547615077030051 0.0010600026373595028 0.0010159447338082828 0.001749800099105415 0.0017909490563852168 0.0010025646618032624 0.00101013565381436 0.0023299795670936865 0.0010524949011596618 0.0010098859038407682 0.032184540241360082 0.0011824429766420516 0.0012315206975017645 0.0018537060475409817 0.0012305978380027227 0.0013157666496681486 0.0013325116706255349 0.0011864295393024804 0.0010893890430452302 0.0027398489960432926 0.0012672521988861254 0.001186425530249835 0.0074023181387019577 0.0011238003244216097 0.0011158458364661783 0.0010491091325093294 0.0014413490735023515 0.0012607854278030564 0.0010593927872832865 0.0015913920979073737
leaf_count=18442 318 116 11 619 605 43 20 891 48 354 1376 43 279 38 44 339 57 22 23 1019 48 50 315 41 42 42 58 52 44 69
internal_value=-0.00177327 0.031638 -0.00385948 0.0325534 0.044454 -0.00663067 -0.0435042 -0.0479474 -0.0254741 0.00223425 0.0465054 0.0361615 -0.0500076 -0.0500198 0.0500021 -0.0500009 0.0500013 0.0500023 0.0500015 -0.0500004 0.0500012 0.0500013 0.0500012 0.0500012 0.0500012 0.0500012 0.0500012 0.0500012 0.0500012 0.0500012
internal_weight=0.12501 0.0725286 0.0192395 0.0100285 0.0532891 0.00205733 0.00921098 0.0524811 0.00439236 0.00206238 0.0512318 0.0129409 0.00820085 0.00291371 0.0082787 0.00528714 0.0382909 0.00357833 0.00726276 0.00405562 0.0347126 0.00617337 0.0111499 0.00996747 0.00494277 0.00382693 0.00884367 0.0334453 0.0023919 0.00277782
internal_count=25468 5733 2711 900 3022 361 1811 19735 1293 402 2661 1062 1791 154 281 1637 1599 123 270 1358 1476 247 457 414 203 161 373 1428 101 119
is_linear=0
shrinkage=0.05


Tree=211
num_leaves=31
num_cat=0
split_feature=9 13 18 2 9 7 0 5 9 3 1 9 7 3 9 9 8 0 3 7 1 7 7 8 8 8 3 4 6 8
split_gain=0.070319 0.0128956 0.0108883 0.00541775 0.00283414 0.00246822 0.00271399 0.00224642 0.000821851 0.00572518 0.000799483 5.18309e-05 7.06824e-05 2.24913e-10 1.17692e-10 5.39024e-12 4.02239e-12 1.79708e-12 7.27306e-13 1.73675e-13 3.89211e-14 1.12722e-14 9.97986e-15 5.57887e-15 9.28511e-16 7.32053e-16 4.76182e-16 2.61076e-16 2.22045e-16 5.55112e-17
threshold=-0.53134802822849891 1.0000000180025095e-35 1.0000000180025095e-35 2.740319461670996 -0.71929357792026261 119.50000000000001 0.18981894877374797 8.105272220662707 -0.12453542817161221 4.6478001079635041 9.6905478657777291 -1.0000000180025095e-35 164.50000000000003 7.4985928023719568 1.0000000180025095e-35 -0.16900152081477324 194.13802816901412 0.60818791235951253 7.4662273925763296 199.50000000000003 2.4414009612931857 185.50000000000003 121.50000000000001 166.96291676411738 117.25000000000001 175.0588235294118 5.1676349844808334 7.0934015215887589 4.74057975948707 60.010968921389399
decision_type=2 2 2 2 2 2 2 2 2 2 2 2 2 2 2 2 2 2 2 2 2 2 2 2 2 2 2 2 2 2
left_child=4 7 10 15 -1 -6 -7 -2 9 -9 13 12 -10 14 -3 -4 23 -15 20 -19 -17 25 24 28 27 -11 -27 -22 -13 -30
right_child=1 2 3 -5 5 6 -8 8 11 21 -12 16 -14 17 -16 18 -18 19 -20 -21 22 -23 -24 -25 -26 26 -28 -29 29 -31
leaf_value=-0.050000123988947855 -0.01482122072188902 -0.050005653320026683 0.050005344791377908 -0.050000176359288065 -0.050000124948180763 0.050035163007293805 -0.050000133912419975 -0.050000132649912182 0.032558020566541147 0.050001168260009735 -0.0027110855929743296 0.050001136837674799 0.05000116516326486 -0.050002601295338414 -0.050026564830107915 0.050001500850942217 0.050003823394519857 -0.050000844356630159 0.050002654051082833 -0.050000128204249296 0.050001136658460003 0.050001296836747623 0.050001311462028547 0.05000122997148862 0.050001173766374044 0.050001117074556657 0.050001152478021005 0.050001103108038361 0.050001115771788722 0.050001103818325621
leaf_weight=0.045421481276889608 0.0015557939639165843 0.0010914786521425413 0.001034873494063504 0.001638331902995561 0.0024024253457355363 0.0020883274846710265 0.0010039845767551014 0.0017077458935546028 0.001034005746987531 0.0010428056193632074 0.001009067232189409 0.0012258730621397254 0.0013249441544758156 0.0011905431956620305 0.0017542992654853151 0.0011711891638697125 0.0014315153948700745 0.0012853169298523426 0.0010896249405050185 0.0024800995247460378 0.0010622761001286563 0.0011551405186764896 0.0010621596393320942 0.0011121972693217677 0.0011155537431477569 0.0054934046838752693 0.001148944502347149 0.0012786918723577401 0.03180401936697308 0.0011260968676651819
leaf_count=18322 305 109 17 612 965 43 377 653 57 45 61 54 57 271 39 44 30 342 24 979 47 45 42 46 48 246 50 58 1429 51
internal_value=-0.00126681 0.0314646 -0.00460277 0.0326697 -0.0458972 -0.0119808 0.0175566 0.0443396 0.046195 0.0338108 -0.0445907 0.0495394 0.0423553 -0.0500073 -0.0500185 0.050002 0.0500012 -0.0500009 0.0500015 -0.0500004 0.0500012 0.0500012 0.0500012 0.0500011 0.0500011 0.0500011 0.0500011 0.0500011 0.0500011 0.0500011
internal_weight=0.120342 0.069426 0.0182635 0.0094527 0.0509162 0.00549474 0.00309231 0.0511625 0.0496067 0.010548 0.0088108 0.0390587 0.00235895 0.00780174 0.00284578 0.00781437 0.0366997 0.00495596 0.0067795 0.00376542 0.00568987 0.0088403 0.00451868 0.0352682 0.00345652 0.00768515 0.00664235 0.00234097 0.034156 0.0329301
internal_count=25468 5761 2693 892 19707 1385 420 3068 2763 1039 1801 1724 114 1740 148 280 1610 1592 263 1321 239 386 195 1580 153 341 296 105 1534 1480
is_linear=0
shrinkage=0.05


Tree=212
num_leaves=31
num_cat=0
split_feature=9 13 18 3 9 7 0 5 4 9 3 3 9 9 8 0 3 7 1 8 3 7 8 7 9 6 4 5 0 4
split_gain=0.0673093 0.0117898 0.00974673 0.00526592 0.00242846 0.00220974 0.00250017 0.00214001 0.00123959 0.000737029 0.0057965 2.01524e-10 8.51072e-11 4.87903e-12 3.47196e-12 1.50629e-12 5.31302e-13 1.51889e-13 3.79219e-14 2.59584e-14 1.21309e-14 8.16014e-15 4.95437e-15 1.29757e-15 4.83988e-16 2.42861e-16 9.71445e-17 6.59195e-17 5.20417e-17 4.85723e-17
threshold=-0.53134802822849891 1.0000000180025095e-35 1.0000000180025095e-35 7.6955305627591644 -0.71929357792026261 120.50000000000001 0.08715175671995333 8.176465212155172 13.356927037328724 -1.0000000180025095e-35 4.6478001079635041 7.4985928023719568 0.38459858393803353 -0.16900152081477324 194.13802816901412 0.60818791235951253 7.4410270485534395 198.50000000000003 2.4414009612931857 166.96291676411738 5.2548844000372066 120.50000000000001 166.96291676411738 179.50000000000003 1.0000000180025095e-35 4.7658002213898554 5.4951148343168761 8.3848726453011988 0.027010500388118041 5.5587548463575329
decision_type=2 2 2 2 2 2 2 2 2 2 2 2 2 2 2 2 2 2 2 2 2 2 2 2 2 2 2 2 2 2
left_child=4 7 8 13 29 -6 -7 -2 11 10 -9 12 -3 -4 22 -13 18 -17 -15 -12 23 24 25 26 -20 -11 27 -21 -29 -1
right_child=1 2 3 -5 5 6 -8 9 -10 14 19 15 -14 16 -16 17 -18 -19 21 20 -22 -23 -24 -25 -26 -27 -28 28 -30 -31
leaf_value=-0.050000115770168212 -0.007035970284717346 -0.050009782731498267 0.050005048105530414 -0.050000147388608175 -0.050000116978232645 0.050035469428261425 -0.047566704249078468 -0.050000180327104495 0.0092256765722970851 0.050001080769201268 0.050001356843442514 -0.050002419874641019 -0.050028384528252604 0.050001442644236296 0.050003681566359773 -0.050000798881804358 0.05000239639931725 -0.050000121534924252 0.050001094028705943 0.050001072751185371 0.050001253623247047 0.050001227454170509 0.05000117021866797 0.050001122727944207 0.050001053146552066 0.050001057000972016 0.050001077493337591 0.050001068975693841 0.050001056084452183 -0.050000120123244535
leaf_weight=0.0078198985993367387 0.0019543735540992193 0.0013282038767101767 0.0010605444913380779 0.0016010716294658778 0.0023308190488933169 0.0018560016760602593 0.0010149265394829854 0.0016948957581917065 0.0010046670067822561 0.0011225106445635893 0.0010445313728268965 0.0011595812313771603 0.0011449309928366347 0.0010729388050094713 0.0013134383461874668 0.0012577417005559255 0.0010765241222543409 0.0024203188979754486 0.0011513035769894486 0.0010508668256079545 0.0010439116213092356 0.0010869144934986252 0.001010982554362271 0.0010974095985147869 0.0019563936693884898 0.031532935274299234 0.001138669038482476 0.0010042104349849978 0.0036121103476034477 0.035244428054284072
leaf_count=3318 366 141 18 640 984 40 392 630 37 52 41 281 12 42 29 349 27 1003 53 49 42 46 44 49 93 1490 53 47 171 14943
internal_value=-0.00123605 0.0316036 -0.00381779 0.0322231 -0.0461022 -0.0138323 0.0155313 0.0442225 -0.0428504 0.0463692 0.035498 -0.0500068 -0.0500184 0.0500019 0.0500012 -0.0500008 0.0500014 -0.0500004 0.0500012 0.0500011 0.0500011 0.0500011 0.0500011 0.0500011 0.0500011 0.0500011 0.0500011 0.0500011 0.0500011 -0.0500001
internal_weight=0.114208 0.065942 0.0173211 0.00900569 0.0482661 0.00520175 0.00287093 0.0486208 0.00831544 0.0466665 0.0116866 0.00731078 0.00247313 0.00740462 0.0349799 0.00483764 0.00634407 0.00367806 0.00526755 0.00999171 0.00894718 0.00419461 0.0336664 0.00790327 0.0031077 0.0326554 0.00680586 0.00566719 0.00461632 0.0430643
internal_count=25482 5805 2742 919 19677 1416 432 3063 1823 2697 1082 1786 153 279 1615 1633 261 1352 234 452 411 192 1586 369 146 1542 320 267 218 18261
is_linear=0
shrinkage=0.05


Tree=213
num_leaves=31
num_cat=0
split_feature=9 13 18 2 9 7 4 5 1 9 3 3 9 9 0 3 2 3 7 1 4 7 7 9 7 9 3 5 5 7
split_gain=0.0634767 0.0109685 0.00976063 0.0049749 0.00274007 0.00233824 0.00216774 0.00211964 0.000782195 0.000660644 0.00538844 1.68464e-10 7.47875e-11 4.2879e-12 1.45934e-12 8.23126e-13 1.73625e-12 4.80857e-13 3.22971e-14 2.9865e-14 2.17187e-14 9.42302e-15 9.14546e-15 5.9501e-15 6.245e-16 3.98986e-16 3.13985e-16 4.85723e-17 3.1225e-17 3.20924e-17
threshold=-0.53134802822849891 1.0000000180025095e-35 1.0000000180025095e-35 2.740319461670996 -0.71929357792026261 119.50000000000001 5.5471267646873921 8.1608344123089029 9.5922297150191103 -1.0000000180025095e-35 4.6478001079635041 7.4985928023719568 0.38459858393803353 -0.16900152081477324 0.60818791235951253 15.008549572904533 5.7186697390068177 7.4410270485534395 198.50000000000003 2.4414009612931857 5.1269313471631675 120.50000000000001 185.50000000000003 4.7109258113329364 179.50000000000003 1.0000000180025095e-35 5.1676349844808334 8.3848726453011988 8.8526909171503991 151.50000000000003
decision_type=2 2 2 2 2 2 2 2 2 2 2 2 2 2 2 2 2 2 2 2 2 2 2 2 2 2 2 2 2 2
left_child=4 7 8 13 -1 -6 -7 -2 11 10 -9 12 -3 -4 -13 23 -17 19 -16 -15 -12 25 26 24 -11 -21 27 -22 -29 -30
right_child=1 2 3 -5 5 6 -8 9 -10 15 20 14 -14 17 18 16 -18 -19 -20 21 22 -23 -24 -25 -26 -27 -28 28 29 -31
leaf_value=-0.05000011167897403 -0.0083909928124916971 -0.050009219177204946 0.050004728057866335 -0.050000160369174741 -0.050000112814954659 0.05003194104431842 -0.040433718391887481 -0.050000172410052057 -0.0026821925577299611 0.050001007313054791 0.050001274735423297 -0.050002339152698444 -0.050026861316711191 0.050001365540557154 -0.050000452742970818 0.050003573741699593 0.050001016445679017 0.050002275439461223 -0.050000116176226073 0.050001043791964461 0.05000102066969319 0.050001191766025146 0.050001150580555521 0.050001121709385782 0.050001043399222456 0.050001005483043662 0.050001038657282892 0.050001004404167097 0.050001006050339171 0.05000101751562655
leaf_weight=0.040986374505564527 0.0018359446887643563 0.0013310729071918095 0.0010940540942101507 0.0014996216505096527 0.0022054132375615145 0.0018864065923480666 0.0010203633978562721 0.0015680480739774802 0.0010019045907938562 0.027502264894792461 0.0011251535561314094 0.0010839932363069238 0.0010947905751663711 0.0010408759098936571 0.0010458597032538819 0.0010070569551317013 0.0019468610698822886 0.0011099287985416595 0.0022381901533208293 0.0010574547013675328 0.0010599353590805549 0.0010783290817926172 0.0015506569252465852 0.0012186494150228091 0.0012499677250161758 0.0019062172123085475 0.0012646059676626464 0.0021094683561386773 0.0010256163623125758 0.0014236166243790649
leaf_count=18270 351 143 19 618 979 41 389 613 70 1366 47 275 15 43 342 24 96 29 977 51 52 47 68 57 60 95 61 105 51 70
internal_value=-0.00118904 0.0316532 -0.00319935 0.0329341 -0.0456949 -0.0111787 0.0182758 0.0442477 -0.0439246 0.0464415 0.0359087 -0.0500066 -0.0500172 0.0500018 -0.0500007 0.0500011 0.0500019 0.0500013 -0.0500002 0.0500011 0.0500011 0.0500011 0.050001 0.050001 0.050001 0.050001 0.050001 0.050001 0.050001 0.050001
internal_weight=0.108569 0.0624701 0.0165823 0.00878648 0.0460986 0.00511218 0.00290677 0.0458878 0.00779581 0.0440519 0.0111271 0.00679391 0.00242586 0.00728686 0.00436804 0.0329248 0.00295392 0.00619281 0.00328405 0.00508288 0.00955905 0.004042 0.0084339 0.0299709 0.0287522 0.00296367 0.00688324 0.00561864 0.0045587 0.00244923
internal_count=25424 5745 2724 902 19679 1409 430 3021 1822 2670 1067 1752 158 284 1594 1603 120 265 1319 236 454 193 407 1483 1426 146 339 278 226 121
is_linear=0
shrinkage=0.05


Tree=214
num_leaves=31
num_cat=0
split_feature=8 11 7 3 18 1 11 11 2 4 8 7 3 4 8 7 4 3 5 7 8 7 8 5 7 5 3 8 0 4
split_gain=0.0490485 0.0141937 0.0209034 0.00994647 0.000769178 0.000709533 0.000674182 0.000651135 0.000310249 2.97767e-07 3.77269e-10 6.1033e-10 1.52641e-10 1.29072e-12 9.4923e-13 8.05966e-13 1.63822e-13 3.98171e-14 6.63185e-15 2.37787e-14 6.0299e-15 4.34201e-15 3.87884e-15 5.75928e-16 2.81025e-16 1.52656e-16 1.03216e-16 8.93383e-17 3.46945e-17 1.38778e-17
threshold=259.0384615384616 0.26666666666666672 94.500000000000014 7.4662273925763296 1.0000000180025095e-35 6.7280301689677797 0.048809523809523817 3.6938967575645363e-05 2.6735537653587347 7.2902926497970748 247.02307692307696 125.50000000000001 7.4985928023719568 5.0657496176235997 101.7823969465649 630.50000000000011 5.5587548463575329 4.886575525404063 8.176465212155172 121.50000000000001 273.23333333333341 190.50000000000003 101.7823969465649 8.0695940463597982 179.50000000000003 8.3965240444240941 7.1546150517377898 179.4531187624751 0.0086793821231483988 4.8402344967050359
decision_type=2 2 2 2 2 2 2 2 2 2 2 2 2 2 2 2 2 2 2 2 2 2 2 2 2 2 2 2 2 2
left_child=1 2 16 6 7 20 8 -5 9 10 13 -12 -9 -4 28 -14 22 -15 19 26 -2 24 -1 -24 25 -20 -19 -27 -3 -25
right_child=5 14 3 4 -6 -7 -8 12 -10 -11 11 -13 15 17 -16 -17 -18 18 21 -21 -22 -23 23 29 -26 27 -28 -29 -30 -31
leaf_value=-0.050000212592656183 -0.050000219986659558 0.050000954507142731 0.050002710284333986 -0.0040095055834927524 0.00091107797422032219 -0.0073744481739819101 0.014004003199375812 -0.050023476472083696 0.021669128109455534 0.049179188586718936 0.050051704657262934 0.050000996288737387 -0.05000209581539064 0.050001286644867561 0.050002520611864665 -0.050000111607391873 -0.050000783238522639 0.050000986880507248 0.050000982568618596 0.050001259021804217 -0.050000107043388711 0.05000107697844354 -0.050000147273684681 -0.050000112569291703 0.050000992241492626 0.050000974296287186 0.050000965227373184 0.050000957708108397 0.050000959936039903 -0.050000106774750787
leaf_weight=0.0010417729497476111 0.0012247138211023403 0.024706245785637293 0.0012762126862071463 0.0010070325713513731 0.0016661416989336431 0.0010044452440070009 0.0015435983846145964 0.0012107085115076188 0.0010263834449233391 0.0011712771658949342 0.0010318827116861931 0.0013964365380161325 0.0010016551368607907 0.0014741839013368016 0.0010030157191067693 0.0010464399931606749 0.0010168897144922093 0.0010292265633324868 0.0010780808679555776 0.0011051721976400586 0.033580736775434161 0.0011115986890217755 0.0010061497039259857 0.0010827429650817075 0.0012079952575732023 0.0010700581951823551 0.0011942196906602476 0.0034459272046660772 0.0033016856905305749 0.0081761012827428203
leaf_count=350 531 1290 42 53 365 286 87 7 54 44 1 72 192 74 31 471 412 53 55 47 15703 52 384 486 61 55 62 180 172 3827
internal_value=-0.00151301 0.0236024 0.00366771 0.0290137 -0.027898 -0.0488045 0.0457578 -0.0391502 0.0483904 0.0499494 0.0500044 0.0500225 -0.0500094 0.0500012 0.050001 -0.0500011 -0.0500002 0.050001 0.050001 0.0500011 -0.0500001 0.050001 -0.0500001 -0.0500001 0.050001 0.050001 0.050001 0.050001 0.050001 -0.0500001
internal_weight=0.103239 0.0674288 0.0384179 0.0260942 0.00593198 0.0358099 0.0201623 0.00426584 0.0186187 0.0175923 0.016421 0.00242832 0.0032588 0.0139927 0.0290109 0.0020481 0.0123237 0.0127165 0.0112423 0.00332862 0.0348055 0.00791366 0.0113068 0.010265 0.00680206 0.00559407 0.00222345 0.00451599 0.0280079 0.00925884
internal_count=25499 8979 7486 2027 1088 16520 939 723 852 798 754 73 670 681 1493 663 5459 639 565 162 16234 403 5047 4697 351 290 115 235 1462 4313
is_linear=0
shrinkage=0.05


Tree=215
num_leaves=31
num_cat=0
split_feature=9 13 18 2 9 5 7 4 1 9 3 3 9 8 9 7 3 8 1 7 8 7 5 3 5 8 4 7 5 1
split_gain=0.057909 0.0103818 0.00843401 0.00476509 0.00221061 0.00197932 0.00196557 0.00179384 0.0012166 0.000649621 0.00524229 1.28715e-10 6.30912e-11 2.13132e-12 2.01309e-12 5.22361e-13 3.54913e-13 1.72865e-14 1.51433e-14 6.95277e-15 4.11476e-15 1.15316e-15 5.79398e-16 2.3679e-16 1.42247e-16 6.15827e-17 5.55112e-17 2.86229e-17 3.64292e-17 2.08167e-17
threshold=-0.53134802822849891 1.0000000180025095e-35 1.0000000180025095e-35 2.740319461670996 -0.71929357792026261 8.105272220662707 120.50000000000001 5.5471267646873921 10.392348981615788 -1.0000000180025095e-35 4.6478001079635041 7.4985928023719568 0.38459858393803353 194.13802816901412 -0.15093364397138662 198.50000000000003 7.4280356641054448 166.96291676411738 2.524928003624769 185.50000000000003 164.08333333333334 114.50000000000001 8.361636897816128 5.1676349844808334 9.3507575442634057 147.01898734177217 5.6222091859522445 154.50000000000003 8.8526909171503991 3.795426061844291
decision_type=2 2 2 2 2 2 2 2 2 2 2 2 2 2 2 2 2 2 2 2 2 2 2 2 2 2 2 2 2 2
left_child=4 5 8 14 26 -2 -6 -8 11 10 -7 12 -3 20 -4 -13 18 -12 -16 22 24 -20 -19 27 -11 -17 -1 -24 -29 -28
right_child=1 2 3 -5 6 9 7 -9 -10 13 17 15 -14 -15 16 25 -18 19 21 -21 -22 -23 23 -25 -26 -27 29 28 -30 -31
leaf_value=-0.050000101115583152 -0.012589105499192184 -0.050008306806325668 0.050003626261143796 -0.05000014987860233 -0.050000103621535785 -0.050000155879782661 0.050031661997007808 -0.035920907324912238 0.0092062751663421049 0.050000924367282706 0.050001160767706526 -0.050001272982216974 -0.050024659954653633 0.050003121292275236 0.050001127908375298 -0.05000011848546268 0.050002036136763829 0.050000958208263946 0.050000911236494361 0.050001045977733118 0.050001010392817208 0.050000978463396184 0.050000908536042082 0.050000938238704953 0.050000908674850991 -0.050000102453731182 -0.050000106287817862 0.050000909845922092 0.050000922781739204 -0.05000010203324954
leaf_weight=0.0078524018617827096 0.001481772710576478 0.0014061468135651021 0.001027183468977455 0.0014552320662915008 0.0020134620958742735 0.0015304857040518991 0.0015392887598864036 0.0010022785252203903 0.0010024501689258614 0.0014971182063163715 0.001050241698976607 0.0016106112977922749 0.001015928608694594 0.0011357274925103402 0.0019006596266990528 0.0011362398406618013 0.0010659490781108616 0.0010294608600815991 0.00140271357849997 0.001409746750141494 0.0010498328992980524 0.0011697923873725813 0.002345572313060984 0.0011039115215680795 0.026374875193141634 0.0012745329067911371 0.026671121975596179 0.0010554923446761677 0.0011250636071054032 0.0027008533581920338
leaf_count=3871 304 147 25 646 986 658 36 389 18 81 48 470 15 29 92 509 32 54 77 68 53 61 129 59 1448 624 13133 58 61 1321
internal_value=-0.00115243 0.0313284 -0.00371229 0.0318597 -0.0459769 0.044175 -0.0130982 0.0161359 -0.0420342 0.0462412 0.03563 -0.0500061 -0.0500152 0.050001 0.0500016 -0.0500006 0.0500012 0.050001 0.050001 0.0500009 0.0500009 0.0500009 0.0500009 0.0500009 0.0500009 -0.0500001 -0.0500001 0.0500009 0.0500009 -0.0500001
internal_weight=0.0994361 0.0576567 0.0154674 0.00802153 0.0417794 0.0421893 0.00455503 0.00254157 0.00744591 0.0407075 0.01065 0.00644346 0.00242208 0.0300576 0.0065663 0.00402138 0.00553911 0.00911949 0.00447317 0.00806925 0.0289218 0.00257251 0.0066595 0.00563004 0.027872 0.00241077 0.0372244 0.00452613 0.00218056 0.029372
internal_count=25502 5766 2716 933 19736 3050 1411 425 1783 2746 1135 1765 162 1611 287 1603 262 477 230 429 1582 138 361 307 1529 1133 18325 248 119 14454
is_linear=0
shrinkage=0.05


Tree=216
num_leaves=31
num_cat=0
split_feature=9 13 7 8 9 7 5 0 0 9 3 1 3 9 8 7 3 8 7 7 8 5 0 3 5 0 2 7 5 8
split_gain=0.0545586 0.00987757 0.00689319 0.0041649 0.00233437 0.00197723 0.00183 0.00158182 0.000919444 0.000705485 0.00532705 0.000398772 1.16582e-10 2.05761e-12 1.88807e-12 5.71069e-13 2.98231e-13 3.6561e-14 5.32213e-15 3.84068e-15 3.35496e-15 1.75988e-15 2.07733e-16 1.79544e-16 1.31839e-16 3.64292e-17 1.38778e-17 7.37257e-18 6.93889e-18 5.63785e-18
threshold=-0.53134802822849891 1.0000000180025095e-35 129.50000000000003 141.03601694915258 -0.71929357792026261 119.50000000000001 8.0461435594711883 0.070411732533779359 1.2123139845310107 -1.0000000180025095e-35 4.6478001079635041 9.231797242622088 7.4985928023719568 -0.12453542817161221 194.13802816901412 198.50000000000003 7.4154760425143449 166.96291676411738 185.50000000000003 118.50000000000001 164.08333333333334 8.361636897816128 0.98790645699358415 5.1676349844808334 9.3377575045349381 0.027987511925603333 6.3071868642287745 154.50000000000003 7.895239902404783 218.0588235294118
decision_type=2 2 2 2 2 2 2 2 2 2 2 2 2 2 2 2 2 2 2 2 2 2 2 2 2 2 2 2 2 2
left_child=4 6 3 8 26 -6 -2 -7 13 10 -8 12 -4 -3 20 -14 19 -12 21 22 24 -19 -15 25 -11 -23 28 -27 -1 -17
right_child=1 2 11 -5 5 7 9 -9 -10 14 17 -13 15 16 -16 29 -18 18 -20 -21 -22 23 -24 -25 -26 27 -28 -29 -30 -31
leaf_value=-0.050000096691623599 -0.018664234857410002 0.050003540881554842 -0.050018043009713666 -0.050006467172193682 -0.050000097597273287 0.050029603770833223 -0.050000143749882132 -0.030781641515963982 -0.0017073729383800557 0.050000881296229517 0.050001214523568129 -0.015523674457321519 -0.050001418800581565 0.050000891192954366 0.050002934303888302 -0.050000102858424426 0.050001866859255763 0.050000945182063453 0.050000999420478476 0.050000990342199583 0.050000957077162116 0.050000877490884665 0.050000861986346228 0.050000892001399212 0.050000865849735121 0.05000086438659207 -0.050000097917853474 0.05000086902974659 -0.050000094514839916 -0.050000098342195036
leaf_weight=0.0031384748200480308 0.001128065664033783 0.0010926630420726724 0.0012532925862842612 0.0014922147113338724 0.001898016995710349 0.0015077163425303297 0.0015719241314400287 0.0010120239662683161 0.0010106168842867191 0.0014433503711188669 0.0010751223999250215 0.0010022869514614285 0.0011799331183510731 0.0014195658459357219 0.001154851845058146 0.0010092260512237772 0.0010614656675898004 0.0010227678940282203 0.0012074172445863951 0.0011148939411214087 0.0010695441051211665 0.0010162607050006045 0.0010672487387637375 0.0010681447365641361 0.024759880776400678 0.001745154166201246 0.0010034889492089851 0.0015806246028660098 0.031353093791949505 0.0016886171171108799
leaf_count=1615 250 30 68 346 977 34 705 386 251 82 49 114 316 80 31 499 35 55 61 58 57 58 62 60 1429 101 511 91 16244 862
internal_value=-0.00136509 0.0312871 -0.00421637 0.025604 -0.0457341 -0.0114588 0.0441115 0.0175727 0.0422785 0.0459407 0.0347207 -0.04437 -0.0500048 0.0500016 0.050001 -0.0500005 0.0500011 0.0500009 0.0500009 0.0500009 0.0500009 0.0500009 0.0500009 0.0500009 0.0500009 0.0500009 -0.0500001 0.0500009 -0.0500001 -0.0500001
internal_weight=0.0941479 0.0542351 0.014392 0.00825867 0.0399128 0.00441776 0.0398431 0.00251974 0.00676645 0.038715 0.0102874 0.00613336 0.00513107 0.00575584 0.0284276 0.00387778 0.00466317 0.00871549 0.00764037 0.00360171 0.0272728 0.00643295 0.00248681 0.00541018 0.0262032 0.00434204 0.0354951 0.00332578 0.0344916 0.00269784
internal_count=25517 5750 2721 862 19767 1397 3029 420 516 2779 1180 1859 1745 265 1599 1677 235 475 426 200 1568 365 142 310 1511 250 18370 192 17859 1361
is_linear=0
shrinkage=0.05


Tree=217
num_leaves=31
num_cat=0
split_feature=9 3 9 9 9 8 7 0 3 7 9 7 4 11 6 8 5 4 8 8 8 2 8 7 7 11 0 5 6 0
split_gain=0.05282 0.00809653 0.00906679 0.00223765 0.00198955 0.00429012 0.00188772 0.00150282 0.000882212 0.000768787 0.000295816 0.00211581 7.49671e-05 3.02407e-05 1.88922e-05 4.68058e-07 4.44986e-12 1.99151e-12 1.22992e-12 2.94862e-13 3.68783e-13 9.99886e-14 2.28472e-14 4.65253e-15 3.15416e-15 3.80772e-16 2.49366e-16 1.02782e-16 8.67362e-17 5.0307e-17
threshold=-0.53134802822849891 7.4544301786633325 4.1796846060151642 -0.71929357792026261 -0.28250174681150492 158.15699658703076 119.50000000000001 0.073912058308484019 7.5735311307123743 128.50000000000003 -1.0000000180025095e-35 95.500000000000014 5.5114085413964808 0.039230769230769243 2.5762826488000714 158.15699658703076 8.0461435594711883 10.937276835002114 194.13802816901412 265.04409317803669 150.06437768240346 7.6287607581140078 169.08333333333334 120.50000000000001 185.50000000000003 0.98973415753329441 0.064394476648722207 8.6331252767546243 3.1496219042332614 1.4841286675481
decision_type=2 2 2 2 2 2 2 2 2 2 2 2 2 2 2 2 2 2 2 2 2 2 2 2 2 2 2 2 2 2
left_child=3 4 8 -1 5 -2 -5 -8 9 -3 11 -6 26 16 -12 23 -13 18 25 20 21 -10 -18 28 27 -4 -7 -24 -16 -21
right_child=1 2 17 6 10 12 7 -9 19 -11 14 13 -14 -15 15 -17 22 -19 -20 29 -22 -23 24 -25 -26 -27 -28 -29 -30 -31
leaf_value=-0.050000092785415833 -0.05000071724719081 0.019927291556929658 0.050000822791763926 -0.050000092561579647 -0.027327108277593812 0.05000082418390487 0.050028152405102513 -0.029577375774344196 -0.050000122747354672 -0.041468504409911011 0.043148966712050638 0.05000433611065927 0.034038751685787356 0.041340643921386776 0.050000842731189002 0.048928275185711273 0.050001130354265011 0.050003920538353244 0.050002861854296615 -0.050000091344203801 -0.05000164388828017 -0.050000825126041641 0.050000850682644295 0.050000928915275904 0.050000938165216252 0.050000861596798868 0.050000855960233272 0.050000830083388993 0.050000827639568417 -0.0500001065430749
leaf_weight=0.033662412812077491 0.0017455217422366323 0.0010045206166751086 0.0015815726728760637 0.0018304294820836722 0.0010539200286530104 0.0015653280497645028 0.001435158561434946 0.001010183588050495 0.0010227400898656924 0.001035473065712722 0.0010620341844287387 0.0011996172161161667 0.0010280929540158468 0.0012126775233127773 0.0010074544115923336 0.0010616346753522512 0.001089361861886573 0.0010104907960339915 0.0010501670876692515 0.0011959961569800726 0.0010005432532125269 0.0010042111636039408 0.0010150368361792061 0.0012087395516573443 0.0011532455355336424 0.0010535863330005668 0.0010200413871643832 0.0015099381762411213 0.022075181050240644 0.0010088957462812687
leaf_count=18315 699 40 96 991 295 95 33 392 489 23 77 29 107 88 60 68 53 28 29 655 240 333 60 67 62 62 60 91 1339 529
internal_value=-0.000816568 0.0319244 -0.00415637 -0.0456723 0.0427179 0.0143662 -0.0116007 0.0171427 -0.0391267 -0.0112364 0.0471029 0.038828 0.0454593 0.0485388 0.0496822 0.0499559 0.0500016 0.050002 0.0500014 -0.0500005 -0.0500009 -0.0500005 0.0500009 0.0500008 0.0500009 0.0500008 0.0500008 0.0500008 0.0500008 -0.0500001
internal_weight=0.0899142 0.051976 0.0119682 0.0379382 0.0400078 0.00535898 0.00427577 0.00244534 0.00727238 0.00203999 0.0346488 0.0082338 0.00361346 0.00717988 0.026415 0.025353 0.0059672 0.00469582 0.00368533 0.00523239 0.00302749 0.00202695 0.00476758 0.0242914 0.00367822 0.00263516 0.00258537 0.00252498 0.0230826 0.00220489
internal_count=25505 5774 2524 19731 3250 961 1416 425 2309 63 2289 678 262 383 1611 1534 295 215 187 2246 1062 822 266 1466 213 158 155 151 1399 1184
is_linear=0
shrinkage=0.05


Tree=218
num_leaves=29
num_cat=0
split_feature=9 13 18 1 9 7 5 3 13 9 3 3 4 8 4 7 7 7 4 7 8 7 7 6 4 5 2 2
split_gain=0.04927 0.00904675 0.00742228 0.00399906 0.00220541 0.0018215 0.00179004 0.00120986 0.000698211 0.000534875 0.00426488 9.12734e-11 2.4657e-11 1.44576e-12 1.33127e-12 3.48425e-13 4.65027e-14 1.09223e-14 6.17995e-15 4.49727e-15 2.5431e-15 8.88612e-16 1.39645e-16 4.51028e-17 3.46945e-17 9.1073e-18 6.93889e-18 3.46945e-18
threshold=-0.53134802822849891 1.0000000180025095e-35 1.0000000180025095e-35 3.1567740231385479 -0.71929357792026261 119.50000000000001 8.176465212155172 4.886575525404063 0.000105346368135128 -1.0000000180025095e-35 4.6478001079635041 7.4985928023719568 7.1944365692869114 194.13802816901412 7.3808759299945494 198.50000000000003 122.50000000000001 102.50000000000001 5.1503930356556173 185.50000000000003 164.08333333333334 112.50000000000001 173.50000000000003 5.1714257063584972 5.4574533147509312 9.0954462971729289 3.4811217321331038 6.3270431284421482
decision_type=2 2 2 2 2 2 2 2 2 2 2 2 2 2 2 2 2 2 2 2 2 2 2 2 2 2 2 2
left_child=4 6 8 14 26 -6 -2 -7 -3 10 -8 12 -10 20 16 -13 17 -4 -12 22 23 -19 24 -11 25 -20 -1 -25
right_child=1 2 3 -5 5 7 9 -9 11 13 18 15 -14 -15 -16 -17 -18 21 19 -21 -22 -23 -24 27 -26 -27 -28 -29
leaf_value=-0.050000088002584979 -0.005857595714296367 -0.004683429805606403 0.050001024818701494 -0.05000013224737343 -0.050000087752432136 0.05002831544418538 -0.050000135732536803 -0.021320779437160625 -0.050019308059097184 0.050000793589901331 0.050000943727403858 -0.050001125600004817 -0.050008426632341632 0.050002711803527923 0.050002883181044372 -0.05000009074500672 0.050001275504072143 0.05000080270639487 0.050000783573512987 0.050000899037084837 0.050000864854445021 0.050000866557985447 0.050000808182462747 0.050000783012084243 0.050000796120590198 0.050000789289884363 -0.050000088076050692 0.050000784481299167
leaf_weight=0.023741183230413299 0.0017181241283878981 0.0010081608824066279 0.0011301915656076744 0.0012179128640354975 0.0017489792275000573 0.0012890467842225917 0.001244433892793495 0.0011021693030670576 0.0010435369305241693 0.0010165473995584753 0.0010544126398599474 0.0014167423737490026 0.0010388950557853605 0.0010148375204153117 0.0011796190856330213 0.0019098554953416169 0.0010870761825572117 0.0011360944590705913 0.0019748169252125081 0.0012286270321055781 0.0010015589432441621 0.0010477642881596694 0.0011287341385468608 0.021620376423925336 0.0010326227220502915 0.0010249662427668227 0.0083011371020802471 0.0014431688250624566
leaf_count=13583 370 82 63 618 995 28 621 402 49 64 59 478 104 29 35 1067 50 71 126 69 59 62 70 1379 65 65 4743 92
internal_value=-0.00117409 0.0311293 -0.00431713 0.0320871 -0.0455628 -0.0112215 0.0439626 0.0171418 -0.0428854 0.0464233 0.0356781 -0.0500057 -0.0500139 0.0500009 0.0500014 -0.0500005 0.050001 0.0500009 0.0500008 0.0500008 0.0500008 0.0500008 0.0500008 0.0500008 0.0500008 0.0500008 -0.0500001 0.0500008
internal_weight=0.0859016 0.0497191 0.0132158 0.00679866 0.0361825 0.0041402 0.0365032 0.00239122 0.00641719 0.0347851 0.00868861 0.00540903 0.00208243 0.0260965 0.00558075 0.0033266 0.00440113 0.00331405 0.00744418 0.00638977 0.0250817 0.00218386 0.00516114 0.0240801 0.00403241 0.00299978 0.0320423 0.0230635
internal_count=25498 5747 2679 899 19751 1425 3068 430 1780 2698 1075 1698 153 1623 281 1545 246 196 454 395 1594 133 326 1535 256 191 18326 1471
is_linear=0
shrinkage=0.05


Tree=219
num_leaves=31
num_cat=0
split_feature=8 11 7 3 18 2 11 2 1 4 8 3 4 8 3 3 5 7 8 7 5 8 0 0 7 4 0 7 2 11
split_gain=0.0377722 0.0115898 0.0161737 0.00763716 0.00071451 0.000641041 0.00072681 0.000341156 0.000334109 1.93369e-07 1.77014e-10 6.59452e-11 1.14217e-12 8.89587e-13 8.6901e-14 3.14904e-14 6.59715e-15 1.10211e-14 2.4529e-15 1.60722e-15 8.41341e-16 1.40513e-16 1.14492e-16 8.1532e-17 4.16334e-17 7.15573e-17 1.04083e-17 9.1073e-18 6.93889e-18 7.80626e-18
threshold=259.0384615384616 0.26666666666666672 94.500000000000014 7.4662273925763296 1.0000000180025095e-35 2.6735537653587347 0.048809523809523817 8.4083673617175982 6.3707564150300433 7.1944365692869114 247.02307692307696 7.5735311307123743 5.0657496176235997 91.118518518518542 4.4942230200312032 4.886575525404063 8.176465212155172 118.50000000000001 276.07250470809799 189.50000000000003 8.0461435594711883 120.00996677740865 0.073912058308484019 0.030178112877396673 221.50000000000003 9.2957838495790686 0.0077576172979385068 161.50000000000003 1.8688348091416842 0.032795698924731186
decision_type=2 2 2 2 2 2 2 2 2 2 2 2 2 2 2 2 2 2 2 2 2 2 2 2 2 2 2 2 2 2
left_child=1 2 14 5 7 6 9 11 18 10 12 -5 -4 26 20 -14 17 -17 -2 22 -1 -22 23 -18 28 -26 -3 -25 29 -20
right_child=8 13 3 4 -6 -7 -8 -9 -10 -11 -12 -13 15 -15 -16 16 19 -19 24 -21 21 -23 -24 27 25 -27 -28 -29 -30 -31
leaf_value=-0.050000132046878157 -0.050000159663487191 0.050000743943538851 0.050002514822160532 -0.050017713248226396 0.0020631502293010028 0.0058029349839203818 0.01127019002984667 -0.015287747202233512 -0.020696245598421835 0.049394228632245518 0.050017641390786086 -0.050000945900481777 0.050001066691218378 0.050002266836854152 -0.05000056311520075 0.050000758856994301 0.050000765265616323 0.05000099125501753 -0.050000082201650191 0.050000827369866496 -0.05000010233633273 -0.050000082911027893 0.050000771976479279 0.050000752610588978 -0.050000099621983832 -0.05000008384668745 0.050000747312566533 0.050000746947717001 -0.050000082363155701 -0.05000008681784588
leaf_weight=0.0011232056415337865 0.0011018464532526187 0.018972839117850526 0.0011250865118199735 0.0010002703365898915 0.0014477849880449867 0.0010291083966649231 0.0013310328644138289 0.0010002292395938639 0.0010093819265648554 0.0014536827256961269 0.0018834232796507431 0.0014172566750403348 0.0012233984871272705 0.0010038061363957232 0.0011005177452716461 0.0010397039359304472 0.00117700051941938 0.0010017006452471833 0.0024225730127227499 0.0010012060602093698 0.0010820294902487149 0.0065256334795549265 0.0011693017413563211 0.0013986032863613218 0.0010037833885689898 0.0025121235555616295 0.0027508313341968451 0.0014789759234190569 0.018160278960863252 0.0015654910936291344
leaf_count=487 619 1272 45 12 365 60 85 135 424 82 70 562 77 37 539 69 77 55 1459 61 572 3916 76 93 579 1492 184 99 10917 909
internal_value=-0.00159284 0.0228775 0.00299814 0.0276016 -0.0273761 0.0440002 0.0465722 -0.0398468 -0.0489352 0.04994 0.0500035 -0.0500079 0.050001 0.0500008 -0.0500001 0.0500008 0.0500008 0.0500009 -0.0500001 0.0500008 -0.0500001 -0.0500001 0.0500008 0.0500008 -0.0500001 -0.0500001 0.0500007 0.0500007 -0.0500001 -0.0500001
internal_weight=0.0815121 0.0537366 0.0310092 0.0211778 0.00486554 0.0163122 0.0152831 0.00341776 0.0277755 0.0139521 0.0124984 0.00241753 0.010615 0.0227275 0.00983139 0.00948989 0.00826649 0.0020414 0.0267661 0.00622509 0.00873087 0.00760766 0.00522388 0.00405458 0.0256643 0.00351591 0.0217237 0.00287758 0.0221483 0.00398806
internal_count=25429 9030 7537 2023 1074 949 889 709 16399 804 722 574 652 1493 5514 607 530 124 15975 406 4975 4488 345 269 15356 2071 1456 192 13285 2368
is_linear=0
shrinkage=0.05


Tree=220
num_leaves=31
num_cat=0
split_feature=8 11 7 3 11 2 7 0 1 4 8 2 4 8 3 3 5 7 5 8 0 8 6 0 4 2 4 3 11 1
split_gain=0.0365839 0.0107522 0.0156645 0.00673229 0.000646193 0.000727384 0.000617077 0.000574082 0.00056218 1.20214e-07 1.45598e-10 5.18797e-11 9.8594e-13 8.95874e-13 7.2704e-14 2.69004e-14 5.88939e-15 9.83588e-16 6.78277e-16 3.67761e-16 1.97758e-16 9.54098e-17 4.85723e-17 2.55872e-17 9.97466e-18 6.93889e-18 6.93889e-18 3.46945e-18 2.60209e-18 8.67362e-19
threshold=259.0384615384616 0.26666666666666672 94.500000000000014 7.4662273925763296 0.048809523809523817 2.6735537653587347 129.50000000000003 2.4098256037055745 6.5035391097261348 7.1944365692869114 247.02307692307696 2.740319461670996 5.0657496176235997 97.002262443438937 4.4942230200312032 4.886575525404063 8.1921948620122418 185.50000000000003 8.0461435594711883 276.07250470809799 0.073912058308484019 120.00996677740865 5.2513815313502352 0.031243314568555999 5.2176457913436556 6.3270431284421482 9.151067891552346 7.2460110654613823 0.039230769230769243 2.0126758453675748
decision_type=2 2 2 2 2 2 2 2 2 2 2 2 2 2 2 2 2 2 2 2 2 2 2 2 2 2 2 2 2 2
left_child=1 2 14 4 5 9 -5 11 19 10 12 -8 -4 25 18 -14 -17 20 -1 -2 23 -20 26 -18 -25 -3 27 29 -29 -21
right_child=8 13 3 6 -6 -7 7 -9 -10 -11 -12 -13 15 -15 -16 16 17 -19 21 22 -22 -23 -24 24 -26 -27 -28 28 -30 -31
leaf_value=-0.050000124614428848 -0.05000011108741606 0.050000711534956915 0.050002389039137785 0.0047283373371373554 0.010264173671242785 0.0064958243975972571 -0.05001549330375598 -0.0047233097784774303 -0.011828754734980221 0.049525866058541208 0.050016159198637083 -0.050000386640967766 0.050001012363559111 0.050002233739265815 -0.050000525302258784 0.050000830844382262 0.050000721238861068 0.05000077102366516 -0.050000095716304642 -0.050000079302796818 0.05000073854463865 -0.050000079565566638 -0.050000090510623055 0.05000071574704576 0.050000709525231501 0.050000709274407668 -0.050000079461847285 -0.050000080481680843 -0.050000083546168729 -0.050000080579749168
leaf_weight=0.001073604572638942 0.0010066667489354577 0.019656135568766331 0.0010748535887614716 0.0012640128633165651 0.0013164322978127521 0.0010370357721285481 0.0010005012344436182 0.0010029584719859486 0.0010022631412311958 0.0014809895740199872 0.0018646269518285416 0.0013157135451820068 0.0011594587749641514 0.0010129793809028334 0.0010727484479957647 0.0019137447352477466 0.0010087507425851072 0.0011805373669631081 0.0010711699013654652 0.0031373157063399049 0.0011144176496600267 0.0060536571293141606 0.001091641813673049 0.0010586777343633003 0.0016313280075337389 0.0013624960029119384 0.015678145758442952 0.0017138124404709743 0.001221015290525429 0.0018111218402054874
leaf_count=493 610 1385 45 273 86 58 56 137 380 83 74 611 77 37 554 122 70 77 600 1983 76 3820 681 74 115 96 9894 1071 746 1132
internal_value=-0.000987871 0.0235353 0.00389988 0.028367 0.043808 0.0468482 -0.0250017 -0.0363235 -0.0485652 0.0499509 0.0500033 -0.0500069 0.050001 0.0500008 -0.0500001 0.0500008 0.0500008 0.0500007 -0.0500001 -0.0500001 0.0500007 -0.0500001 -0.0500001 0.0500007 0.0500007 0.0500007 -0.0500001 -0.0500001 -0.0500001 -0.0500001
internal_weight=0.0783888 0.0517268 0.0296952 0.020424 0.0158409 0.0145244 0.00458319 0.00331917 0.026662 0.0134874 0.0120064 0.00231621 0.0101418 0.0220316 0.00927118 0.00906692 0.00790746 0.00599371 0.00819843 0.0256597 0.00481317 0.00712483 0.0246531 0.00369876 0.00269001 0.0210186 0.0235614 0.00788327 0.00293483 0.00494844
internal_count=25516 9019 7501 2034 957 871 1077 804 16497 813 730 667 656 1518 5467 611 534 412 4913 16117 335 4420 15507 259 189 1481 14826 4932 1817 3115
is_linear=0
shrinkage=0.05


Tree=221
num_leaves=29
num_cat=0
split_feature=9 13 18 2 9 5 7 9 3 9 3 3 4 8 8 7 3 4 7 8 7 4 4 5 1 8 5 0
split_gain=0.0432096 0.0065892 0.00554011 0.00366333 0.00188969 0.00159568 0.00151053 0.00108604 0.00107926 0.000445086 0.00365164 2.04089e-11 8.69807e-13 6.18824e-13 3.74557e-13 1.11463e-13 8.16404e-15 4.074e-15 2.82326e-15 1.63064e-16 1.33574e-16 2.42861e-17 1.51788e-17 1.04083e-17 6.93889e-18 6.93889e-18 2.1684e-18 8.67362e-19
threshold=-0.53134802822849891 1.0000000180025095e-35 1.0000000180025095e-35 2.740319461670996 -0.71929357792026261 8.176465212155172 119.50000000000001 3.8431487279587215 4.886575525404063 -1.0000000180025095e-35 4.6478001079635041 7.4985928023719568 7.3808759299945494 182.12500000000003 265.04409317803669 122.50000000000001 7.0925723340023703 5.1676349844808334 185.50000000000003 152.05000000000004 173.50000000000003 5.589117819455554 5.4183177007383536 9.5972022326526805 5.6612213479477846 291.20023041474661 8.9021498984969138 0.062312229280192734
decision_type=2 2 2 2 2 2 2 2 2 2 2 2 2 2 2 2 2 2 2 2 2 2 2 2 2 2 2 2
left_child=4 5 7 12 21 -2 -6 11 -8 10 -7 -3 15 19 -13 16 -4 -12 20 23 22 27 26 -11 25 -23 -19 -1
right_child=1 2 3 -5 6 9 8 -9 -10 13 17 14 -14 -15 -16 -17 -18 18 -20 -21 -22 24 -24 -25 -26 -27 -28 -29
leaf_value=-0.050000072211231733 -0.0050688131132589848 -0.050008322901107183 0.050000931748444499 -0.050000122462163746 -0.050000076150924257 -0.050000116313760418 0.050024581132886083 0.0078467142552596288 -0.021665080564436723 0.050000677282465655 0.050000807021810312 -0.050001209218411585 0.0500026192561445 0.050001925962347871 -0.050000081515663292 0.050001412191300366 0.050000754736544431 0.050000674099986209 0.050000774285195906 0.050000693785695209 0.050000697690707377 -0.050000078392005667 0.05000068271749819 0.050000673906563368 -0.050000079653259637 -0.05000007561428043 0.05000067683309959 -0.050000072842014777
leaf_weight=0.0043354857169788366 0.0015856002124792204 0.0012322089406779924 0.0010021783946285723 0.0011229691607468339 0.0014882114082865874 0.0010622544128864311 0.0011002713695233979 0.0010067269857927386 0.0010040945959417513 0.0011521727547005858 0.0010724872263381258 0.0015121237580615343 0.0010181941424889374 0.0010376281034041304 0.0014351768193137104 0.0010830665714820498 0.0018608972277434077 0.001240183202753542 0.0010427732258904143 0.0011221439417568027 0.0011127998322990607 0.0016012764418746874 0.0010228388518953579 0.018756542824121425 0.0010005167855524624 0.019592766265532191 0.0010014298604801297 0.0010399148102351319
leaf_count=2885 371 156 61 626 980 618 26 272 408 85 70 434 33 42 939 53 128 92 68 81 80 1039 75 1390 635 13038 74 692
internal_value=-0.000838027 0.031964 -0.00079952 0.0315533 -0.0455555 0.0437991 -0.0114469 -0.0387734 0.015818 0.0464148 0.0359399 -0.0500029 0.0500013 0.0500007 -0.0500007 0.050001 0.0500008 0.0500007 0.0500007 0.0500007 0.0500007 -0.0500001 0.0500007 0.0500007 -0.0500001 -0.0500001 0.0500007 -0.0500001
internal_weight=0.0736449 0.0424824 0.0112735 0.00608731 0.0311625 0.0312089 0.00359258 0.00518624 0.00210437 0.0296233 0.00755477 0.00417951 0.00496434 0.0220685 0.0029473 0.00394614 0.00286308 0.00649251 0.00542002 0.0210309 0.00437725 0.02757 0.00326445 0.0199087 0.0221946 0.021194 0.00224161 0.0053754
internal_count=25451 5748 2702 901 19703 3046 1414 1801 434 2675 1077 1529 275 1598 1373 242 189 459 389 1556 321 18289 241 1475 14712 14077 166 3577
is_linear=0
shrinkage=0.05


Tree=222
num_leaves=27
num_cat=0
split_feature=9 3 9 9 7 9 8 0 8 3 9 4 11 0 5 0 5 11 8 16 5 9 8 2 5 5
split_gain=0.039971 0.00626168 0.00695351 0.00186803 0.00148123 0.0014358 0.00323063 0.000886118 0.000831649 0.000813636 0.000335219 0.00140574 6.75976e-05 2.61854e-05 3.96437e-06 1.7807e-12 1.10657e-12 2.34313e-13 1.85336e-13 1.71043e-13 1.58207e-15 1.84314e-16 7.97973e-17 1.04083e-17 6.93889e-18 3.46945e-18
threshold=-0.53134802822849891 7.4544301786633325 4.1796846060151642 -0.71929357792026261 119.50000000000001 -0.3014177459159994 161.2448979591837 0.062312229280192734 233.12500000000003 7.5735311307123743 -1.0000000180025095e-35 5.0466405620843924 0.039230769230769243 0.064394476648722207 7.5112715230612404 2.651749483146487 8.176465212155172 0.99421035019656812 265.04409317803669 1.0000000180025095e-35 8.3124704395808298 -0.19294029418538369 150.06437768240346 5.9725357258298626 9.650435792660728 7.8720881047102189
decision_type=2 2 2 2 2 2 2 2 2 2 2 2 2 2 2 2 2 2 2 2 2 2 2 2 2 2
left_child=3 5 9 23 -5 6 -2 -6 10 -3 11 -7 16 -8 -12 17 -13 -4 19 -11 -16 -18 24 25 -22 -1
right_child=1 2 15 4 7 8 13 -9 -10 18 14 12 -14 -15 20 -17 21 -19 -20 -21 22 -23 -24 -25 -26 -27
leaf_value=-0.050000072986247472 -0.050000684741763834 -0.0089931850167639556 0.05000064294685394 -0.050000072639139671 0.050024077819547902 -0.016629102046737773 0.050000654185749761 -0.016258771453532231 0.0011119001192524435 -0.050000274895432073 0.047355694182930681 0.050002566738964541 0.03635970140275014 0.03960400370324503 0.050000706121914346 0.050003436576839234 0.050000650035045106 0.050001646238481072 -0.050000077101691666 -0.050001107366549925 0.050000644728850609 0.050000674811162542 0.05000065567743367 -0.05000007553391872 0.050000641131085322 -0.050000071627058051
leaf_weight=0.0022086654290660581 0.0013462774724075635 0.0016923895199170147 0.001388685383972188 0.0014145282341360135 0.0010040552247119194 0.0010353086742043152 0.0015254039653882501 0.001012906031064631 0.0010379108928191263 0.0010806423908888974 0.0015297387260488895 0.0010088905710290419 0.0011605218464865175 0.0010044265812894082 0.001021910001327341 0.0011809272418759065 0.0012191468204036937 0.0010017356307798764 0.0017214840578390067 0.0014382629983629158 0.0010685766364986185 0.0019478066842566477 0.0010087040718644849 0.0010075950624468524 0.016073344209871721 0.023050107201129322
leaf_count=1525 663 60 108 979 27 303 117 390 106 564 112 38 66 117 74 43 94 48 1183 475 83 145 77 673 1252 16117
internal_value=-0.00118287 0.0305138 -0.00512067 -0.0454675 -0.0107732 0.0411013 0.0125734 0.0167372 0.0450348 -0.0383027 0.0467186 0.03669 0.0470345 0.0458728 0.0498052 0.0500018 0.0500011 0.0500011 -0.0500005 -0.0500008 0.0500006 0.0500007 0.0500006 -0.0500001 0.0500006 -0.0500001
internal_weight=0.07119 0.0414921 0.00950413 0.0296979 0.00343149 0.031988 0.00387611 0.00201696 0.0281119 0.00593278 0.0270739 0.00637167 0.00533637 0.00252983 0.0207023 0.00357135 0.00417584 0.00239042 0.00424039 0.00251891 0.0191725 0.00316695 0.0181506 0.0262664 0.0171419 0.0252588
internal_count=25439 5728 2481 19711 1396 3247 897 417 2350 2282 2244 646 343 234 1598 199 277 156 2222 1039 1486 239 1412 18315 1335 17642
is_linear=0
shrinkage=0.05


Tree=223
num_leaves=28
num_cat=0
split_feature=9 3 9 9 9 8 7 7 9 8 0 11 6 8 4 5 0 2 8 7 8 7 1 0 4 5 4
split_gain=0.0392794 0.00586102 0.00639992 0.0018145 0.00155029 0.00326557 0.00140869 0.000887947 0.000248247 0.00121294 5.00852e-05 3.83952e-05 1.15996e-05 4.29167e-07 4.12707e-11 2.36182e-12 1.72715e-12 1.32297e-13 8.66815e-14 2.28637e-15 9.61037e-16 1.6185e-15 6.93889e-18 3.46945e-18 3.46945e-18 3.46945e-18 8.67362e-19
threshold=-0.53134802822849891 7.4544301786633325 4.1796846060151642 -0.71929357792026261 -0.28250174681150492 158.15699658703076 119.50000000000001 129.50000000000003 -1.0000000180025095e-35 120.00996677740865 0.072108178730560732 0.036375661375661381 2.637821638587186 150.06437768240346 7.8270413409112187 8.2387700627096638 2.651749483146487 5.922917108529175 249.16666666666671 101.50000000000001 182.12500000000003 181.50000000000003 5.4971598269426387 1.0420517301188057 8.8206255494316839 10.133340735382275 9.3119488483831443
decision_type=2 2 2 2 2 2 2 2 2 2 2 2 2 2 2 2 2 2 2 2 2 2 2 2 2 2 2
left_child=3 4 7 22 5 -2 -5 -3 9 -6 -7 15 -10 19 -9 -11 17 -4 -16 25 -17 -22 23 -1 -25 -14 -26
right_child=1 2 16 6 8 10 -8 14 12 11 -12 -13 13 -15 18 20 -18 -19 -20 -21 21 -23 -24 24 26 -27 -28
leaf_value=-0.050000067168234977 -0.050000627540397219 -0.0051912532941961517 0.050001373453445741 -0.05000006833675022 -0.011807227677847877 0.050000623508206866 0.016170357193723579 -0.050012032596731149 0.044437521470128111 0.050003442389304015 0.036013069618696596 0.039742862840600371 0.050000612123581735 0.048950581834863151 -0.05000062390502813 0.05000071286043975 0.050003359570571386 0.050000610743548349 -0.050000076067957137 0.050000680943184189 0.050000611967990743 0.050000698976002969 -0.050000071125044468 -0.05000006988514917 -0.050000067039704083 0.050000610698116926 -0.050000066948739368
leaf_weight=0.016193732865190213 0.0013467172531136376 0.0015390006724373961 0.0010069344525618362 0.0013554390687886544 0.0010151379011631425 0.0017640463356656255 0.0019781597886776581 0.00102651042755042 0.0010084727978210131 0.0010146376889679232 0.0010043480426702445 0.0011639716984745974 0.0016276964743155977 0.0010298719942056769 0.001530687283889165 0.0010623267489791033 0.0010865654649023782 0.0013059185494057601 0.0013667589745409714 0.0012497579273258444 0.0010888498309213901 0.0010496631111891475 0.0010324909238761384 0.0010554455586770928 0.0011467083680827272 0.014776542011532001 0.00563078765571845
leaf_count=11901 688 497 55 986 300 142 423 151 92 31 119 104 133 87 684 79 40 107 974 94 89 76 726 763 842 1210 4138
internal_value=-0.00063657 0.031891 -0.0038617 -0.0453899 0.0423821 0.0138602 -0.0107345 -0.0373791 0.0468814 0.038322 0.0449261 0.0477817 0.0496608 0.0499427 -0.0500034 0.0500013 0.0500017 0.0500009 -0.0500004 0.0500006 0.0500007 0.0500007 -0.0500001 -0.0500001 -0.0500001 0.0500006 -0.0500001
internal_weight=0.0674572 0.0390644 0.00886238 0.0283928 0.030202 0.00411511 0.0033336 0.00546296 0.0260869 0.00639459 0.00276839 0.00537945 0.0196923 0.0186839 0.00392396 0.00421548 0.00339942 0.00231285 0.00289745 0.017654 0.00320084 0.00213851 0.0250592 0.0240267 0.00783294 0.0164042 0.0067775
internal_count=25531 5752 2508 19779 3244 949 1409 2306 2295 679 261 379 1616 1524 1809 275 202 162 1658 1437 244 165 18370 17644 5743 1343 4980
is_linear=0
shrinkage=0.05


Tree=224
num_leaves=31
num_cat=0
split_feature=9 13 18 0 9 7 11 3 6 7 4 3 9 6 4 2 7 3 0 4 7 4 9 0 1 0 0 1 1 4
split_gain=0.0366703 0.00616191 0.00635055 0.00295995 0.00176352 0.00134031 0.00104585 0.0053897 0.000158268 1.70914e-07 5.46433e-11 8.40507e-13 6.20104e-13 2.11161e-13 1.7647e-13 2.06839e-13 1.97182e-14 1.02435e-14 2.09902e-15 1.43635e-15 2.05218e-15 3.81639e-17 2.42861e-17 6.93889e-18 5.20417e-18 3.46945e-18 3.46945e-18 3.46945e-18 5.20417e-18 2.60209e-18
threshold=-0.53134802822849891 5.0199571647247921e-05 1.0000000180025095e-35 1.2469958665385412 -0.71929357792026261 119.50000000000001 0.26666666666666672 4.6478001079635041 4.9430967413194891 121.50000000000001 7.1944365692869114 7.9765953503525298 -0.089033504231811098 3.1656689564128775 10.061836522390848 6.2373471076216065 471.50000000000006 7.2671763876743825 0.0086793821231483988 5.1269313471631675 186.50000000000003 5.4183177007383536 -1.5038647809296346 0.056411225274852324 3.5972184255501678 1.8437819071888704 0.0016931969482203305 3.7012257604091228 2.740319461670996 5.5587548463575329
decision_type=2 2 2 2 2 2 2 2 2 2 2 2 2 2 2 2 2 2 2 2 2 2 2 2 2 2 2 2 2 2
left_child=4 6 10 9 22 -6 7 -2 13 12 -3 -12 -4 -9 18 -16 -13 -14 26 -15 21 23 24 -21 25 -1 -8 28 29 -24
right_child=1 2 3 -5 5 -7 14 8 -10 -11 11 16 17 19 15 -17 -18 -19 -20 20 -22 -23 27 -25 -26 -27 -28 -29 -30 -31
leaf_value=-0.050000061754570661 -0.050000116992962397 -0.050013892510780381 0.050002159279922909 -0.043586685291615981 -0.050000065506008634 0.015601504897353647 0.050000579373863346 0.050001378000053068 0.028746324438599802 0.049260427273174312 -0.05000198314693996 -0.050000381521372254 0.050000635932414418 0.050000667207558795 0.050001588734975948 0.050000581610668726 -0.050000072463232098 0.050000848834791056 0.050000653469724404 0.050000581566486457 0.0500006684488025 0.050000594920240608 -0.05000006592086581 0.050000586985438349 -0.050000066778035181 -0.050000061690203434 0.050000579776051601 -0.050000067659199524 -0.050000062033739225 -0.050000064094310015
leaf_weight=0.011739528553675882 0.0017394642349017895 0.0010758727192978768 0.0011316454801999498 0.0010483541798294027 0.0012992077909075297 0.0019430536528943776 0.011918465710550663 0.0010859814765353804 0.0010044357468359522 0.0010075895370391663 0.0010096483106281084 0.0010058112859496759 0.0012904469103887095 0.0011730466858352884 0.0010040458173534708 0.0010356726988902665 0.0010600198153269957 0.0010049782531496021 0.0010235246236334197 0.0013724527098020189 0.0010029698114522034 0.0011756220883398782 0.004278721020000379 0.0010320773417333839 0.0010150901691758909 0.0013520185347033484 0.0033919999596037096 0.0010175807495897962 0.0013469136703179174 0.0029760740167148469
leaf_count=9071 966 98 50 627 994 416 1026 67 42 61 318 625 103 92 52 89 750 68 83 118 76 99 3308 88 771 1045 292 766 1041 2284
internal_value=-0.000782515 0.0311331 -0.00335127 0.031971 -0.0452735 -0.0106857 0.0430158 0.0296277 0.04728 0.0498329 -0.0500042 -0.0500008 0.0500012 0.0500007 0.0500006 0.0500011 -0.0500002 0.0500007 0.0500006 0.0500006 0.0500006 0.0500006 -0.0500001 0.0500006 -0.0500001 -0.0500001 0.0500006 -0.0500001 -0.0500001 -0.0500001
internal_weight=0.0645623 0.0375941 0.00963437 0.00548301 0.0269682 0.00324226 0.0279598 0.00958605 0.00784659 0.00443466 0.00415135 0.00307548 0.00342707 0.00684215 0.0183737 0.00203972 0.00206583 0.00229543 0.016334 0.00575617 0.00458312 0.00358015 0.0237259 0.00240453 0.0141066 0.0130915 0.0153105 0.00961929 0.00860171 0.0072548
internal_count=25486 5790 2700 909 19696 1410 3090 1548 582 282 1791 1693 221 540 1542 141 1375 171 1401 473 381 305 18286 206 10887 10116 1318 7399 6633 5592
is_linear=0
shrinkage=0.05


Tree=225
num_leaves=25
num_cat=0
split_feature=9 13 18 3 9 5 7 11 9 7 3 4 8 7 7 4 7 0 6 1 4 5 5 5
split_gain=0.0338996 0.00670941 0.0054952 0.00274649 0.00170737 0.00135248 0.00121684 0.000831346 0.000431009 0.00310481 4.30508e-11 4.47697e-13 2.84855e-13 2.28134e-13 5.46134e-15 2.15539e-15 1.61763e-15 2.0383e-16 8.67362e-17 1.73472e-17 1.34441e-17 3.46945e-18 8.67362e-19 4.33681e-19
threshold=-0.53134802822849891 1.0000000180025095e-35 1.0000000180025095e-35 7.5598199805147646 -0.71929357792026261 8.105272220662707 119.50000000000001 5.7921474429166102e-05 -1.0000000180025095e-35 120.50000000000001 7.4985928023719568 7.2902926497970748 175.0588235294118 198.50000000000003 117.50000000000001 5.1845846780664209 181.50000000000003 0.072108178730560732 5.2975437040831066 3.6505739029280164 5.3867833963027953 8.3265507249544211 8.1242221757212558 7.7539047029584909
decision_type=2 2 2 2 2 2 2 2 2 2 2 2 2 2 2 2 2 2 2 2 2 2 2 2
left_child=4 5 7 11 19 -2 -6 -3 9 -7 -9 14 18 -12 -4 -11 17 20 -10 21 -17 22 23 -1
right_child=1 2 3 -5 6 8 -8 10 12 15 13 -13 -14 -15 -16 16 -18 -19 -20 -21 -22 -23 -24 -25
leaf_value=-0.050000062050847255 -0.0097719828963149045 0.00065268851225074216 0.050000662882468773 -0.04202161109038386 -0.050000061678500421 -0.045296977447895834 0.013779299610038454 -0.050010777768108694 0.050000566230770163 0.050000663229768254 -0.050001029415173842 0.050001796070749172 0.050001402964437128 -0.050000065285276112 0.050000808102053734 0.050000553770927915 0.050000636739141707 0.050000584018200248 0.05000055173753612 -0.050000065407870997 0.050000561364753018 -0.050000060210252308 -0.050000060370648081 -0.05000006148913784
leaf_weight=0.0014223019679775453 0.0011344519219846907 0.0010029237002981972 0.0016630376121611334 0.0010037266901008479 0.0012154162361639456 0.0010152529910101285 0.0019439726115706435 0.0017257433033819325 0.0010389873332314883 0.0010032515210696147 0.0011086511569828872 0.0014959737382014282 0.0010449405708641271 0.0013739524484890353 0.001060023954778444 0.001306173816374212 0.001032563614899118 0.0010094452800331055 0.016090383746814041 0.0018668288117851253 0.001053015937031887 0.017143396429219138 0.0010531494361885052 0.0010960229686816092
leaf_count=1142 308 101 136 617 977 669 427 159 92 80 482 70 56 1069 75 118 82 87 1456 1483 94 13930 854 887
internal_value=-0.00132782 0.0298894 -0.00392987 0.0323159 -0.0451834 0.0436046 -0.0107566 -0.0402556 0.0460667 0.0349296 -0.0500047 0.0500011 0.0500006 -0.0500005 0.0500007 0.0500006 0.0500006 0.0500006 0.0500006 -0.0500001 0.0500006 -0.0500001 -0.0500001 -0.0500001
internal_weight=0.0619036 0.0361625 0.010434 0.00522276 0.0257411 0.0257285 0.00315939 0.00521127 0.024594 0.0064197 0.00420835 0.00421904 0.0181743 0.0024826 0.00272306 0.00540445 0.0044012 0.00336864 0.0171294 0.0225817 0.00235919 0.0207149 0.00357147 0.00251832
internal_count=25451 5751 2709 898 19700 3042 1404 1811 2734 1130 1710 281 1604 1551 211 461 381 299 1548 18296 212 16813 2883 2029
is_linear=0
shrinkage=0.05


Tree=226
num_leaves=22
num_cat=0
split_feature=9 13 18 2 5 9 3 1 9 7 7 3 1 7 4 3 3 7 4 0 1
split_gain=0.0317069 0.0075321 0.00478731 0.00380174 0.00189715 0.000883045 0.00331994 0.000842721 0.000104736 0.00028262 1.00623e-10 3.54128e-11 2.27642e-13 1.66776e-13 1.40651e-13 1.02518e-14 4.35069e-15 1.12453e-15 4.96998e-16 1.73472e-17 6.93889e-18
threshold=-0.71929357792026261 1.0000000180025095e-35 1.0000000180025095e-35 2.740319461670996 8.2235280993522437 -0.3014177459159994 4.6478001079635041 9.3011847044229103 -1.0000000180025095e-35 149.50000000000003 125.50000000000001 7.4985928023719568 2.6735537653587347 198.50000000000003 10.252523387080211 7.14005668953304 5.2548844000372066 181.50000000000003 5.4701654074033046 0.0077576172979385068 4.8789996228937618
decision_type=2 2 2 2 2 2 2 2 2 2 2 2 2 2 2 2 2 2 2 2 2
left_child=20 4 7 12 -2 6 -6 11 9 -7 -8 -3 15 -13 16 -4 19 -11 -12 -10 -1
right_child=1 2 3 -5 5 8 10 -9 14 17 18 13 -14 -15 -16 -17 -18 -19 -20 -21 -22
leaf_value=-0.050000058401362527 -0.011222292694929229 -0.05000938133860925 0.050000800868252551 -0.050000093239844473 -0.050000058590864427 0.018528285325661628 0.050019655346686502 0.00054845590029426199 0.050000523548862134 0.050000533450658184 0.050000542809161899 -0.050000856075602278 0.050001474103584409 -0.050000073581754616 0.050001002360391192 0.050000591922697818 0.050000627043080649 0.050000603681577938 0.050000591689083829 0.050000529584481562 -0.050000060834592366
leaf_weight=0.020393559880290013 0.001651713847991231 0.0018139788296025472 0.00117504235549859 0.0012547145591952358 0.0011311267163591756 0.0010293425531244784 0.0010324607169422961 0.001004336103960668 0.013212326162829413 0.0013215744647823158 0.0010800485251820646 0.0011828295980649273 0.0015706498761574039 0.0016048335481855247 0.0017673874790489199 0.0011731247295756475 0.0011037924496122295 0.0010018757384386845 0.0010033907506112882 0.0010698381356633044 0.001103610782024588
leaf_count=17402 611 243 89 855 961 227 33 107 1257 124 100 588 85 1235 133 102 96 84 88 101 909
internal_value=-0.00166242 0.0262827 -0.00893737 0.0257482 0.0406609 0.044123 0.0233717 -0.0409473 0.0484208 0.0403382 0.0500069 -0.0500039 0.050001 -0.0500004 0.0500006 0.0500007 0.0500005 0.0500006 0.0500006 0.0500005 -0.0500001
internal_weight=0.0586816 0.0371844 0.0107795 0.00517353 0.0264049 0.0247532 0.00424703 0.00560598 0.0205061 0.00335279 0.0031159 0.00460164 0.00391882 0.00278766 0.0171533 0.00234817 0.015386 0.00232345 0.00208344 0.0142822 0.0214972
internal_count=25430 7119 3304 1131 3815 3204 1182 2173 2022 435 221 2066 276 1823 1587 191 1454 208 188 1358 18311
is_linear=0
shrinkage=0.05


Tree=227
num_leaves=30
num_cat=0
split_feature=8 11 7 13 8 6 1 7 6 7 8 5 5 7 4 8 7 4 3 7 4 0 2 2 3 3 0 0 0
split_gain=0.0265586 0.00728448 0.0114847 0.00352614 0.0027264 0.000374443 0.000265146 0.000102007 1.3718e-07 1.03359e-10 5.19376e-13 6.44528e-14 1.30972e-15 1.25421e-15 8.42208e-16 4.78784e-16 3.09648e-16 1.96024e-16 1.30104e-16 4.85723e-17 3.55618e-17 2.77556e-17 3.46945e-18 3.46945e-18 9.1073e-18 2.60209e-18 1.73472e-18 8.67362e-19 4.33681e-19
threshold=259.0384615384616 0.033908045977011504 119.50000000000001 5.0199571647247921e-05 141.03601694915258 5.0909603432715675 5.9851941429858151 123.50000000000001 2.7308288434114307 123.50000000000001 114.08333333333336 8.3265507249544211 8.9021498984969138 86.500000000000014 5.4701654074033046 285.05769230769238 148.50000000000003 4.9522934739897151 5.2012518591713119 221.50000000000003 9.6706092402606405 0.0016931969482203305 3.1984648276080736 2.0126758453675748 6.8018376629552693 7.6955305627591644 0.00068583367474037724 0.063448366945723797 0.043271091450089227
decision_type=2 2 2 2 2 2 2 2 2 2 2 2 2 2 2 2 2 2 2 2 2 2 2 2 2 2 2 2 2
left_child=1 2 13 5 7 9 15 8 -3 -4 12 -11 -10 17 16 -2 -13 -1 -18 22 -21 26 23 24 -17 -25 -14 28 -19
right_child=6 4 3 -5 -6 -7 -8 -9 10 11 -12 14 21 -15 -16 19 18 27 -20 20 -22 -23 -24 25 -26 -27 -28 -29 -30
leaf_value=-0.050000076092485225 -0.050000092125484376 0.049481457594848059 0.050016912832835242 -0.050000212570136586 -0.017891629427583371 0.017539052894917456 -0.023583571974565232 0.033739900399562504 0.050000556077207381 0.050000958535093371 0.050001610095225038 0.050000545261881538 0.05000049575505066 -0.050000122375223444 0.050000567976746436 -0.050000056298624376 0.050000504319949596 -0.050000056152652295 0.050000527000831511 -0.050000071549693742 -0.050000059001613001 0.050000500309038937 -0.05000005622160493 -0.050000056176944509 -0.050000062380360234 -0.050000058238652223 0.050000495755054865 -0.050000056915797821 -0.05000005615273348
leaf_weight=0.0018366489047139103 0.0010923128940021334 0.00137780088675754 0.0011547478388820309 0.0010795079273293604 0.0016507070902207479 0.001011218249459489 0.0010027582642351254 0.0010242004008205177 0.0010096278392666145 0.0010878429311560467 0.0011324798524583448 0.0010284029149261187 0.0039993508835323155 0.0010301700033323868 0.0013585732112915139 0.0017884397522038853 0.0016525529490536428 0.0020078993013612489 0.0010200302567682229 0.001007375453241365 0.0012906948536510754 0.0044998540597589462 0.0056411075694313704 0.004598920268222173 0.0010382649475104699 0.0015607892289608571 0.0060290214569249656 0.0010033215868361367 0.0010059217391926722
leaf_count=1339 930 114 30 709 179 36 607 89 94 79 67 97 400 702 123 1601 164 1802 97 836 1118 450 5064 4126 864 1367 603 890 903
internal_value=-0.000591356 0.0240924 -0.000940453 0.0350149 0.0437544 0.0460543 -0.0486074 0.0490899 0.0499609 0.0500032 0.0500006 0.0500006 0.0500005 -0.0500001 0.0500005 -0.0500001 0.0500005 -0.0500001 0.0500005 -0.0500001 -0.0500001 0.0500005 -0.0500001 -0.0500001 -0.0500001 -0.0500001 0.0500005 -0.0500001 -0.0500001
internal_weight=0.0560205 0.0369999 0.0162768 0.00939288 0.020723 0.00831337 0.0190207 0.0190723 0.0180481 0.00730215 0.0166703 0.0061474 0.0155379 0.00688396 0.00505956 0.0180179 0.00370099 0.00585379 0.00267258 0.0169256 0.00229807 0.0145282 0.0146275 0.00898641 0.0028267 0.00615971 0.0100284 0.00401714 0.00301382
internal_count=25480 8967 6971 1335 1996 626 16513 1817 1728 590 1614 560 1547 5636 481 15906 358 4934 261 14976 1954 1453 13022 7958 2465 5493 1003 3595 2705
is_linear=0
shrinkage=0.05


Tree=228
num_leaves=24
num_cat=0
split_feature=9 13 8 7 5 9 7 1 9 8 0 7 3 8 1 7 5 6 2 0 1 2 6
split_gain=0.0290942 0.00595533 0.00367187 0.00268978 0.00143358 0.00140361 0.000752284 0.000533946 0.000417413 0.00260855 0.000358122 1.38932e-08 1.65327e-11 2.76525e-13 2.56927e-13 6.63965e-16 1.93422e-16 2.77556e-17 6.93889e-18 3.46945e-18 3.46945e-18 1.73472e-18 1.73472e-18
threshold=-0.54576912350551277 1.0000000180025095e-35 141.03601694915258 129.50000000000003 8.105272220662707 -0.71929357792026261 120.50000000000001 9.3011847044229103 -1.0000000180025095e-35 152.05000000000004 1.1492453996666876 139.50000000000003 7.5735311307123743 169.08333333333334 2.6735537653587347 179.50000000000003 8.5987414929336641 5.5936480395410584 5.2755571088971331 0.25312869671181232 4.9380581778699986 4.2555875595453383 7.600802484559245
decision_type=2 2 2 2 2 2 2 2 2 2 2 2 2 2 2 2 2 2 2 2 2 2 2
left_child=5 4 3 10 -2 19 -7 -5 9 -6 14 -11 -4 17 -3 16 -13 -10 22 -1 21 -21 -19
right_child=1 2 12 7 8 6 -8 -9 13 11 -12 15 -14 -15 -16 -17 -18 18 -20 20 -22 -23 -24
leaf_value=-0.050000053385568968 -0.015097791146622457 0.050000605028965805 -0.050008210230650191 -0.050006253111789058 -0.038363004828937376 -0.043235940377728529 0.011641740970140873 -0.00050110544760525696 0.050000486524508073 0.04979145583119958 0.015568946759325878 0.050000513887752729 -0.050000346599701539 0.050001316895093711 0.050001531652272481 0.0500005440400242 0.050000486092167354 0.050000478131342077 0.050000475270308903 -0.05000005386857527 -0.050000056561910228 -0.050000053645041134 0.0500004782282161
leaf_weight=0.0060937913900716003 0.0010101437806042659 0.0017305877645412693 0.0010065606543889771 0.0011860154052101279 0.0010168310143399131 0.0010558711611565732 0.0015285749130953263 0.0010072494635551266 0.001027873423481652 0.0010129143204267166 0.0010038701482244505 0.0010014590234277421 0.0019895458295309254 0.0010530121408010009 0.0013176415623092907 0.0010114039778272854 0.0016769136209404678 0.0093312679837254109 0.0014365669594553774 0.011209117075509312 0.0010009562073491915 0.001127435944681566 0.0030824382856735619
leaf_count=5754 326 156 167 479 701 912 382 111 106 99 288 99 1476 65 75 94 173 981 151 10559 899 1063 324
internal_value=-0.00118279 0.0293286 -0.00449966 0.0173298 0.0431243 -0.0453958 -0.0107784 -0.0272712 0.0458407 0.034254 0.0414708 0.0499555 -0.050003 0.0500005 0.050001 0.0500005 0.0500005 0.0500005 0.0500005 -0.0500001 -0.0500001 -0.0500001 0.0500005
internal_weight=0.053918 0.0319023 0.00924147 0.00624536 0.0226608 0.0220157 0.00258445 0.00219326 0.0216507 0.00571952 0.0040521 0.00470269 0.00299611 0.0159312 0.00304823 0.00368978 0.00267837 0.0148781 0.0138503 0.0194313 0.0133375 0.0123366 0.0124137
internal_count=25440 5871 2752 1109 3119 19569 1294 590 2793 1166 519 465 1643 1627 231 366 272 1562 1456 18275 12521 11622 1305
is_linear=0
shrinkage=0.05


Tree=229
num_leaves=26
num_cat=0
split_feature=9 13 18 2 5 9 8 13 9 8 9 3 1 8 8 3 8 1 4 8 8 0 8 8 8
split_gain=0.0273563 0.00660603 0.00452461 0.0033697 0.00181213 0.000779691 0.00271094 0.000511884 9.4663e-05 0.00022012 9.61181e-07 2.6258e-11 2.94284e-13 2.46549e-13 1.23185e-13 4.34245e-15 2.08167e-17 6.93889e-18 3.46945e-18 3.46945e-18 5.20417e-18 1.73472e-18 1.73472e-18 1.73472e-18 4.33681e-19
threshold=-0.71929357792026261 1.0000000180025095e-35 1.0000000180025095e-35 2.740319461670996 8.2235280993522437 -0.3014177459159994 175.0588235294118 0.00022531403786539922 -1.0000000180025095e-35 175.0588235294118 -0.56139784187848674 7.4985928023719568 2.6735537653587347 169.08333333333334 285.05769230769238 7.14005668953304 54.152830188679253 4.7140145363037149 5.344720891341141 282.09259259259267 320.15384615384625 0.0086793821231483988 1472.5000000000002 1136.5000000000002 251.04347826086959
decision_type=2 2 2 2 2 2 2 2 2 2 2 2 2 2 2 2 2 2 2 2 2 2 2 2 2
left_child=17 4 7 12 -2 6 -6 -3 9 -7 -8 -9 15 16 -13 -4 21 18 -1 24 -21 -10 23 -22 -20
right_child=1 2 3 -5 5 8 10 11 13 -11 -12 14 -14 -15 -16 -17 -18 -19 19 20 22 -23 -24 -25 -26
leaf_value=-0.050000050786406264 -0.012557111056786288 -0.010045565862892385 0.050000654570697169 -0.050000083284527479 -0.046407180143430482 0.021226921137619061 0.048054813362955556 -0.050008641996302762 0.050000452385354069 0.050000486765442213 0.050000483737867064 -0.05000079937161489 0.050001504213521876 0.050001250504680052 -0.050000066705158011 0.050000511736163877 0.050000459715083927 -0.050000053229105924 -0.050000052032082021 -0.05000004648912363 -0.050000049687235627 0.050000452790862793 -0.050000049769044055 -0.050000049873485802 -0.050000051079974295
leaf_weight=0.0017608258424388614 0.0015098008498171103 0.0010039483909167757 0.0010455627116243704 0.0011011101393023637 0.0010157282513318924 0.0010066863019346757 0.0010049802941693997 0.0016318672440434057 0.011824316405181893 0.0019564491840355913 0.0017230537987416028 0.0010039611863703612 0.0014563755785275134 0.0010408783855382344 0.0013386562500841137 0.0010836030533027952 0.0010468637819940349 0.0010082044560704153 0.0014398727320212848 0.0012722444017754251 0.0079366695167664147 0.0011689290467984401 0.0020710488486201948 0.0019531924689317757 0.0010364905435835681
leaf_count=1748 618 231 92 841 962 227 56 241 1307 203 181 542 85 66 1167 109 114 953 1406 1263 7879 129 2056 1939 1025
internal_value=-0.00130103 0.0259991 -0.00875311 0.0265061 0.0404161 0.0440869 0.0233216 -0.0419458 0.0483952 0.040225 0.0492837 -0.0500038 0.050001 0.0500005 -0.0500004 0.0500006 0.0500005 -0.0500001 -0.05 -0.05 -0.05 0.0500005 -0.05 -0.05 -0.0500001
internal_weight=0.0514413 0.0329628 0.00966508 0.00468665 0.0232977 0.0217879 0.00374376 0.00497843 0.0180441 0.00296314 0.00272803 0.00397448 0.00358554 0.015081 0.00234262 0.00212917 0.0140401 0.0184785 0.0174703 0.0157095 0.0132332 0.0129932 0.0119609 0.00988986 0.00247636
internal_count=25440 7171 3308 1127 3863 3245 1199 2181 2046 430 237 1950 286 1616 1709 201 1550 18269 17316 15568 13137 1436 11874 9818 2431
is_linear=0
shrinkage=0.05


Tree=230
num_leaves=24
num_cat=0
split_feature=9 13 18 4 5 1 9 9 7 3 8 1 4 7 6 6 3 2 5 9 1 1 2
split_gain=0.0276835 0.00490425 0.00398353 0.0016612 0.00125354 0.000768344 0.000474509 0.000390506 0.00215675 2.05078e-11 1.90941e-13 7.41117e-14 2.47979e-15 5.02202e-16 8.80372e-17 5.55112e-17 6.93889e-18 5.20417e-18 5.20417e-18 2.60209e-18 1.73472e-18 1.73472e-18 1.30104e-18
threshold=-0.53134802822849891 1.0000000180025095e-35 1.0000000180025095e-35 7.5019101675073623 8.105272220662707 9.0809644633666391 -0.70688395170678076 -1.0000000180025095e-35 123.50000000000001 7.4985928023719568 169.08333333333334 2.6735537653587347 5.2176457913436556 176.50000000000003 3.5696238073263395 5.6717690576047364 7.7242256511548026 5.1901713283654836 8.105272220662707 -1.1853346819735753 2.8029010331479989 2.249904835165133 3.4498615536424366
decision_type=2 2 2 2 2 2 2 2 2 2 2 2 2 2 2 2 2 2 2 2 2 2 2
left_child=6 4 5 11 -2 9 16 8 -6 -3 15 -4 -10 14 -14 -9 18 -17 -1 22 21 -20 -18
right_child=1 2 3 -5 7 -7 -8 10 12 -11 -12 -13 13 -15 -16 17 19 -19 20 -21 -22 -23 -24
leaf_value=-0.050000050988356332 -0.011252488578973275 -0.050008636874563042 0.050000581519458381 -0.023451634988939506 -0.03193800427862982 0.00037817736171127302 -0.024002058249072838 0.050000440525240032 0.050000548831521191 -0.050000365841601807 0.05000114582826462 0.050001090220732639 0.050000454409720778 0.050000486698164759 0.05000043349196584 0.050000428058660867 -0.050000051330853425 0.050000430709673055 -0.050000048144148282 -0.050000052701296108 -0.050000048126205093 -0.050000048002156655 -0.050000049032176253
leaf_weight=0.0016675637734806523 0.0010160469468019065 0.0012602465019995179 0.0019859633339365246 0.0010234109338398412 0.0010006033559193375 0.001000161626393492 0.0019473125369131586 0.0010005931944760968 0.0010082912149300682 0.0018490188097644022 0.0010004750120060643 0.0011196198647667188 0.0010076480248244479 0.0010384385896031745 0.0010141000266230549 0.010783152889416669 0.0012111545602238039 0.0013625220026369797 0.0081439412676900247 0.0011331722427030391 0.0012026279432575402 0.0027947932375695936 0.0016288853927903801
leaf_count=1719 306 153 194 630 684 139 1281 114 99 1524 70 78 112 108 117 1253 1264 158 8492 1138 1254 2914 1671
internal_value=-0.00191461 0.0296296 -0.00289081 0.0317949 0.0428719 -0.0377417 -0.047434 0.0457338 0.0338264 -0.0500037 0.0500005 0.0500008 0.0500005 0.0500005 0.0500004 0.0500004 -0.05 0.0500004 -0.05 -0.0500001 -0.05 -0.05 -0.0500001
internal_weight=0.0481997 0.0284703 0.00823842 0.00412899 0.0202319 0.00410943 0.0197295 0.0192158 0.00506908 0.00310927 0.0141467 0.00310558 0.00406848 0.00306019 0.00202175 0.0131463 0.0177821 0.0121457 0.0138089 0.00397321 0.0121414 0.0109387 0.00284004
internal_count=25472 5739 2718 902 3021 1816 19733 2715 1120 1677 1595 272 436 337 229 1525 18452 1411 14379 4073 12660 11406 2935
is_linear=0
shrinkage=0.05


Tree=231
num_leaves=24
num_cat=0
split_feature=9 13 18 2 9 3 13 9 8 7 3 8 1 7 6 6 1 6 1 6 6 6 6
split_gain=0.0247703 0.00615267 0.00380016 0.003078 0.00152326 0.00493443 0.000508426 0.000153147 0.00021391 7.85075e-11 1.94785e-11 1.49047e-13 1.0178e-13 7.02255e-14 1.76291e-15 5.0307e-17 6.93889e-18 5.20417e-18 3.46945e-18 1.73472e-18 8.67362e-19 2.1684e-18 4.33681e-19
threshold=-0.71929357792026261 1.0000000180025095e-35 1.0000000180025095e-35 2.740319461670996 -0.21171336248670511 4.6478001079635041 0.00022531403786539922 -1.0000000180025095e-35 169.08333333333334 123.50000000000001 7.4985928023719568 166.96291676411738 2.6735537653587347 209.50000000000003 3.3357556792884289 5.8350407019802795 9.9394336746564438 6.5437594082464257 4.1510089048756029 7.600802484559245 6.9104248917833777 7.2359546744882257 6.9081188515302019
decision_type=2 2 2 2 2 2 2 2 2 2 2 2 2 2 2 2 2 2 2 2 2 2 2
left_child=18 4 6 12 5 -2 -3 8 -6 -7 -8 15 -4 -12 -11 -9 17 -17 -1 20 22 -22 -19
right_child=1 2 3 -5 7 9 10 11 -10 14 13 -13 -14 -15 -16 16 -18 19 -20 -21 21 -23 -24
leaf_value=-0.050000046650620279 -0.050000065616505343 -0.0097569385808375583 0.050000558420380314 -0.050000078428177198 0.018778437257854112 0.0500166446967533 -0.050007849424756515 0.050000418251397588 0.050000438330539312 0.050000516305088165 -0.050000641073853783 0.05000103076711309 0.050001139968688095 -0.050000061103897375 0.050000433582096895 0.050000408889631892 0.050000409894574299 0.050000405956024264 -0.050000048040494197 0.050000405589542052 0.050000408743256633 0.05000040565034846 0.050000405528724534
leaf_weight=0.015736887149898848 0.0018192674419310597 0.0010064290017908206 0.001796243393982877 0.001024552778915222 0.0010048389406165361 0.0010224433899566066 0.0014712781245407314 0.001074537370186591 0.0012082176972398884 0.001000117137664347 0.0010059637585868586 0.0010394493283456549 0.001294629420954152 0.0010847926823203125 0.001808314043955761 0.0016371985811929344 0.0013195501551308561 0.0010641791413945612 0.0010177034068306048 0.0026033161966552143 0.0014571067431461415 0.0011214811020181514 0.0023739381049381336
leaf_count=17241 1585 228 184 841 177 31 230 129 139 103 653 80 90 1044 211 200 161 130 1070 318 178 137 290
internal_value=-0.00123259 0.0257891 -0.00974394 0.0251052 0.0401051 0.0178046 -0.0411372 0.0480278 0.0358241 0.0500048 -0.0500034 0.0500005 0.0500008 -0.0500003 0.0500005 0.0500004 0.0500004 0.0500004 -0.05 0.0500004 0.0500004 0.0500004 0.0500004
internal_weight=0.0469924 0.0302378 0.00868389 0.00411543 0.021554 0.00565014 0.00456846 0.0159038 0.00221306 0.00383087 0.00356203 0.0136908 0.00309087 0.00209076 0.00280843 0.0126513 0.0115768 0.0102572 0.0167546 0.00862002 0.00601671 0.00257859 0.00343812
internal_count=25450 7139 3270 1115 3869 1930 2155 1939 316 345 1927 1623 274 1697 314 1543 1414 1253 18311 1053 735 315 420
is_linear=0
shrinkage=0.05


Tree=232
num_leaves=20
num_cat=0
split_feature=9 13 18 3 5 9 4 1 9 8 3 4 8 3 0 0 1 0 0
split_gain=0.023382 0.0057039 0.00368331 0.00270132 0.00157843 0.000651139 0.00158279 0.000516831 0.000135389 0.000350805 1.64615e-11 2.08816e-13 1.33438e-13 3.67761e-16 2.60209e-17 3.46945e-18 3.46945e-18 1.73472e-18 1.73472e-18
threshold=-0.71929357792026261 1.0000000180025095e-35 1.0000000180025095e-35 7.5598199805147646 8.2235280993522437 -0.3516209517534778 5.344720891341141 8.7053304608465023 -1.0000000180025095e-35 175.0588235294118 7.4985928023719568 7.2902926497970748 164.08333333333334 5.1676349844808334 0.0048244587235194902 0.054175733216085396 10.070801030819768 2.1356904045367817 1.435057149222613
decision_type=2 2 2 2 2 2 2 2 2 2 2 2 2 2 2 2 2 2 2
left_child=15 4 7 11 -2 6 -6 10 9 -7 -3 -4 14 -11 -10 -1 -16 18 -17
right_child=1 2 3 -5 5 8 -8 -9 12 13 -12 -13 -14 -15 16 17 -18 -19 -20
leaf_value=-0.050000042864358302 -0.0092822033168676633 -0.050007381679369259 0.050000512543992542 -0.043916824963067869 -0.028653775337708687 0.014057617589016542 0.050008602678043329 -0.0091216255649546781 0.05000038546454999 0.05000039346750737 -0.05000032517055869 0.050001397381403793 0.050000973830523703 0.05000043536821748 0.050000392926302165 -0.050000042862112119 0.050000389329458578 -0.050000044093118361 -0.050000042951188033
leaf_weight=0.0031724169968470042 0.0015111797546296648 0.0014158330014879539 0.0019340851022207062 0.0010337887538867108 0.0010040079185387176 0.0010041909404776535 0.0017613331110624131 0.0010005008878124499 0.0094297672776519938 0.0010456006421009079 0.0019854604708484658 0.0010175814832109609 0.0010538992373767533 0.0010498389501663041 0.0010771315310194049 0.0093582774018727832 0.001262345138911769 0.0014747421226957167 0.0020006465523465531
leaf_count=3659 626 242 211 836 899 321 136 226 1211 133 1690 64 86 122 137 10777 162 1657 2298
internal_value=-0.00161425 0.0254778 -0.00918262 0.0256395 0.0398696 0.0438442 0.0214488 -0.0407111 0.0477337 0.038356 -0.0500033 0.0500008 0.0500004 0.0500004 0.0500004 -0.05 0.0500004 -0.05 -0.05
internal_weight=0.0445926 0.0285865 0.00838725 0.00398546 0.0201993 0.0186881 0.00276534 0.00440179 0.0159228 0.00309963 0.00340129 0.00295167 0.0128231 0.00209544 0.0117692 0.0160061 0.00233948 0.0128337 0.0113589
internal_count=25493 7102 3269 1111 3833 3207 1035 2158 2172 576 1932 275 1596 255 1510 18391 299 14732 13075
is_linear=0
shrinkage=0.05


Tree=233
num_leaves=22
num_cat=0
split_feature=9 13 18 3 5 1 9 9 4 3 8 8 4 7 0 0 0 1 3 5 5
split_gain=0.0234532 0.00487246 0.00362965 0.00141766 0.00112295 0.000504944 0.000396348 0.000354663 0.00167135 1.44379e-11 1.17282e-13 1.09133e-13 1.65232e-16 7.15573e-17 6.93889e-18 5.20417e-18 5.20417e-18 3.46945e-18 1.73472e-18 1.73472e-18 4.33681e-19
threshold=-0.54576912350551277 1.0000000180025095e-35 1.0000000180025095e-35 7.4874537278250921 8.176465212155172 8.8016943948621762 -0.70688395170678076 -1.0000000180025095e-35 5.0845003501084243 7.4985928023719568 123.02727272727275 161.2448979591837 5.4445775410940529 151.50000000000003 0.0048244587235194902 2.0585572677438591 0.0015388992211528933 10.127111901409931 8.1490238262862587 11.11889410364388 10.445210731091306
decision_type=2 2 2 2 2 2 2 2 2 2 2 2 2 2 2 2 2 2 2 2 2
left_child=6 4 5 10 -2 9 15 8 -6 -3 -4 14 13 -10 16 18 -9 -16 19 -1 -18
right_child=1 2 3 -5 7 -7 -8 11 12 -11 -12 -13 -14 -15 17 -17 20 -19 -20 -21 -22
leaf_value=-0.050000041500331285 -0.0041581676271597113 -0.050007482030086918 0.05000048123576295 -0.019674993426058638 -0.023288185441642181 -0.0087323870761023166 -0.024235585149706876 0.050000371252078374 0.050000405945275286 -0.050000330019421592 0.050001171030890634 0.050000911562006103 0.050000419512098195 0.050000388544178855 0.050000374270010056 -0.050000043120345408 0.050000368474730585 0.050000370305193512 -0.050000041766789231 -0.050000041342098768 0.050000368410781128
leaf_weight=0.011377015533639678 0.0012115872510776162 0.0012635959271847233 0.0015907886254353798 0.0010155695777598339 0.0010022390179642545 0.0010001441784197596 0.001654518459758946 0.0068218456372051185 0.0010081403906951891 0.0015980929672423372 0.0010058349530481792 0.0010158159698221416 0.0010518505755499064 0.0014157009049995395 0.0010469867520441776 0.001565157712320798 0.0014591787053177541 0.0011262298039582674 0.0011686652154594421 0.0011521401719392097 0.0010073517987621017
leaf_count=13760 382 162 185 661 668 208 1220 921 125 1492 80 89 128 183 140 1835 197 152 1407 1397 136
internal_value=-0.00178439 0.0283651 -0.00561629 0.0304114 0.0423453 -0.039315 -0.0474803 0.0456683 0.0335971 -0.0500035 0.0500007 0.0500004 0.0500004 0.0500004 0.0500004 -0.05 0.0500004 0.0500004 -0.05 -0.05 0.0500004
internal_weight=0.0425585 0.025641 0.00747403 0.00361219 0.0181669 0.00386183 0.0169175 0.0169553 0.00447793 0.00286169 0.00259662 0.0124774 0.00347569 0.00242384 0.0114616 0.015263 0.00928838 0.00217322 0.0136978 0.0125292 0.00246653
internal_count=25528 5909 2788 926 3121 1862 19619 2739 1104 1654 265 1635 436 308 1546 18399 1254 292 16564 15157 333
is_linear=0
shrinkage=0.05


Tree=234
num_leaves=26
num_cat=0
split_feature=8 11 7 4 11 0 1 4 4 7 4 7 4 4 1 8 4 7 5 4 1 0 1 1 4
split_gain=0.0179056 0.00564039 0.00818673 0.00348 0.00105791 0.000185454 0.000142454 3.50567e-05 5.55513e-07 7.38298e-11 6.05783e-14 5.83101e-14 1.33834e-15 9.87058e-16 2.44596e-16 1.37043e-16 5.9848e-17 4.68375e-17 4.55365e-17 1.04083e-17 4.33681e-18 1.73472e-18 8.67362e-19 8.67362e-19 8.67362e-19
threshold=259.0384615384616 0.26666666666666672 94.500000000000014 7.5019101675073623 0.044466403162055343 2.7261369928967945 5.2806591939842535 7.1944365692869114 5.5353618778730294 123.50000000000001 10.292924897272487 137.50000000000003 5.1845846780664209 4.7749040587885982 0.89587973461402759 294.20000000000005 5.4004200416950168 221.50000000000003 8.268791329989158 9.1852276659035699 2.249904835165133 0.0016931969482203305 3.2384861814448418 2.740319461670996 5.2012518591713119
decision_type=2 2 2 2 2 2 2 2 2 2 2 2 2 2 2 2 2 2 2 2 2 2 2 2 2
left_child=1 2 13 4 7 -5 15 8 9 -4 14 -11 -13 -1 21 -2 -14 19 -15 20 -17 -3 23 -21 -20
right_child=6 10 3 5 -6 -7 -8 -9 -10 11 -12 12 16 18 -16 17 -18 -19 24 22 -22 -23 -24 -25 -26
leaf_value=-0.050000097177227136 -0.050000057835713277 0.050000351753960774 0.050015403337426129 -0.037398458241569781 0.0037816043900181376 -0.0095459291334209131 -0.030426319586773637 0.040755015877929755 0.048723506808625652 0.050000830332533545 0.050000757808373923 0.05000044304113687 0.050000367107651433 -0.050000052617376979 0.050000377599845325 -0.050000037738238606 0.050000383292170762 -0.050000047301755758 -0.050000041060071256 -0.050000036257078717 -0.050000041427312514 0.050000351994027498 -0.050000038347501365 -0.050000036301132859 -0.050000039895093877
leaf_weight=0.0011012186038215068 0.0010325247196192331 0.006996436928602634 0.0010275698064106109 0.0014793383809319502 0.00161815372109686 0.0010027686947182701 0.0010045116153492026 0.0012877188085553826 0.0010072084672287929 0.0010007828045672795 0.0010291709895682297 0.0010130788045898953 0.0013118771294102771 0.001025381425336036 0.0010252893689539641 0.0015460190322755807 0.0010053169544335105 0.0014451261313865879 0.0010586467843154423 0.0040488115538437341 0.0017923360551890255 0.0017484168174632941 0.0010923231986907922 0.0014968286060366154 0.0018051773421348116
leaf_count=801 1261 993 28 744 147 349 918 115 125 95 112 125 180 1121 142 1955 133 1711 1288 5161 2172 248 1373 1908 2299
internal_value=-0.00127036 0.0218264 0.00365531 0.0264363 0.040513 -0.0261461 -0.0485391 0.0482789 0.0498009 0.0500034 0.0500004 0.0500005 0.0500004 -0.0500001 0.0500004 -0.05 0.0500004 -0.05 -0.05 -0.05 -0.05 0.0500004 -0.05 -0.05 -0.05
internal_weight=0.041002 0.0275436 0.0167442 0.0117538 0.00927171 0.00248211 0.0134585 0.00765355 0.00636583 0.00535863 0.0107993 0.00433106 0.00333027 0.00499042 0.00977014 0.012454 0.00231719 0.0114214 0.00388921 0.00997632 0.00333836 0.00874485 0.00663796 0.00554564 0.00286382
internal_count=25504 9045 7550 2041 948 1093 16459 801 686 561 1495 533 438 5509 1383 15541 313 14280 4708 12569 4127 1241 8442 7069 3587
is_linear=0
shrinkage=0.05


Tree=235
num_leaves=25
num_cat=0
split_feature=8 11 7 3 11 13 3 1 4 7 4 7 3 7 7 8 7 4 1 4 6 8 3 3
split_gain=0.0169283 0.00529964 0.00790843 0.00324413 0.000382758 0.000236241 0.000421063 0.000184509 4.61906e-05 5.63928e-11 4.18519e-14 3.73243e-14 7.41421e-15 1.1215e-15 1.96891e-16 1.65232e-16 2.77556e-17 5.76796e-17 1.73472e-18 4.33681e-18 1.73472e-18 1.30104e-18 4.33681e-19 4.33681e-19
threshold=259.0384615384616 0.26666666666666672 94.500000000000014 7.4662273925763296 0.04083333333333334 0.00018698598684603582 7.65040662614095 5.2548844000372066 7.0934015215887589 123.50000000000001 10.061836522390848 139.50000000000003 4.4601277074540464 156.50000000000003 181.50000000000003 138.08536585365854 154.50000000000003 9.2412574699107122 2.1383330595080281 8.8206255494316839 7.600802484559245 936.18181818181836 6.1516677315751922 4.2835627800822236
decision_type=2 2 2 2 2 2 2 2 2 2 2 2 2 2 2 2 2 2 2 2 2 2 2 2
left_child=1 2 12 4 8 -5 -7 16 9 -4 20 -11 15 -13 -15 -1 18 -18 22 -20 -3 -19 -2 -17
right_child=7 10 3 5 -6 6 -8 -9 -10 11 -12 13 -14 14 -16 23 17 21 19 -21 -22 -23 -24 -25
leaf_value=-0.050000060350487763 -0.050000037582184055 0.050000335884874937 0.050013124128963471 0.0022286577624422207 0.021455219786955543 -0.0044373846974347896 -0.050000337791311633 -0.027679387404164198 0.03880410556764817 0.050000717550726728 0.050000663377091595 0.050000420404988512 -0.050000197822034645 0.050000345245597523 0.050000374300816754 -0.05000003790179619 -0.050000053515919185 -0.050000039937551345 -0.050000041615606422 -0.050000038113462757 0.050000337206492065 -0.050000037726537022 -0.050000038212401988 -0.050000038917210499
leaf_weight=0.0013189253710379481 0.0024006541044627738 0.0067578172879620979 0.001094347197067691 0.0010008651094608476 0.0016825347377675826 0.0010036340522674436 0.0010248484358612586 0.0010046707693618382 0.001103709788424112 0.00105604826239869 0.0010949204688586187 0.0010455061524226039 0.0010255959654159597 0.0013071599587419769 0.0010517602795516723 0.001262492673390625 0.0010116171580421005 0.0010001569721111991 0.0010038103998795123 0.0043265516700898843 0.00236505860766556 0.0010026471038031559 0.0010569877622401691 0.001169666562304883
leaf_count=1257 3217 1008 44 189 204 44 850 917 120 112 130 136 986 190 142 1690 1238 1282 1259 5782 352 1326 1411 1532
internal_value=-0.00108883 0.0218199 0.00398741 0.0266674 0.0427625 -0.0176492 -0.0274571 -0.0482491 0.0481466 0.050003 0.0500004 0.0500005 -0.0500001 0.0500004 0.0500004 -0.05 -0.05 -0.05 -0.05 -0.05 0.0500003 -0.05 -0.05 -0.05
internal_weight=0.039172 0.0263649 0.0161471 0.0113704 0.00834107 0.00302935 0.00202848 0.0128071 0.00665853 0.00555482 0.0102178 0.00446047 0.00477668 0.00340443 0.00235892 0.00375108 0.0118024 0.00301442 0.008788 0.00533036 0.00912288 0.0020028 0.00345764 0.00243216
internal_count=25418 8986 7496 2031 948 1083 894 16432 744 624 1490 580 5465 468 332 4479 15515 3846 11669 7041 1360 2608 4628 3222
is_linear=0
shrinkage=0.05


Tree=236
num_leaves=16
num_cat=0
split_feature=9 13 8 2 5 9 3 7 9 8 8 8 7 6 0
split_gain=0.0192064 0.00427553 0.00325482 0.00192035 0.00140408 0.000579564 0.00339085 4.24055e-05 4.07406e-11 5.55232e-12 4.33403e-14 1.66447e-15 1.05818e-16 3.46945e-18 1.73472e-18
threshold=-0.71929357792026261 1.0000000180025095e-35 141.03601694915258 2.740319461670996 8.176465212155172 -1.0000000180025095e-35 4.6478001079635041 118.50000000000001 -0.51975496732709547 241.54798761609911 152.05000000000004 191.2692307692308 171.50000000000003 4.7913432086363015 1.79356664220696
decision_type=2 2 2 2 2 2 2 2 2 2 2 2 2 2 2
left_child=13 4 3 7 -2 6 -6 -3 -8 -4 14 -10 -13 -1 -7
right_child=1 2 9 -5 5 10 8 -9 11 -11 -12 12 -14 -15 -16
leaf_value=-0.050000035974205104 -0.013314070585785792 0.050000783527089976 -0.050004734167529943 -0.021155278380778041 -0.050000063292646647 0.050000317616715723 0.050011843657271161 0.037426059952944422 0.050000420216887637 -0.050000090138916778 0.050000660800435651 0.050000331562997803 0.050000354067082413 -0.050000036428185728 0.050000318376331926
leaf_weight=0.011493762755662829 0.0011842934189871803 0.0016773995730545712 0.0010458890883455751 0.0018082024864156665 0.0010654656359179162 0.0083218249669698742 0.0010285731250405661 0.0011168456316568154 0.0010273066668560205 0.0016733500616510355 0.0010210818509222 0.001076305064088956 0.0010143181566490966 0.0015977168603171785 0.0010200436968261792
leaf_count=16111 564 184 284 880 1182 1305 61 117 134 1847 115 163 145 2220 160
internal_value=-0.00125565 0.025244 -0.00663094 0.0189937 0.0391694 0.0431602 0.0295599 0.0449747 0.0500032 -0.0500019 0.0500004 0.0500004 0.0500003 -0.05 0.0500003
internal_weight=0.0371724 0.0240809 0.00732169 0.00460245 0.0167592 0.0155749 0.00521197 0.00279425 0.0041465 0.00271924 0.010363 0.00311793 0.00209062 0.0130915 0.00934187
internal_count=25472 7141 3312 1181 3829 3265 1685 301 503 2131 1580 442 308 18331 1465
is_linear=0
shrinkage=0.05


Tree=237
num_leaves=19
num_cat=0
split_feature=9 13 18 0 9 3 3 9 7 8 9 3 8 0 1 0 6 0
split_gain=0.0184863 0.00416963 0.00268975 0.00176873 0.00125326 0.00346394 0.000496511 0.000223551 0.000417814 9.18044e-08 2.51495e-11 7.5448e-12 5.90483e-14 5.20417e-18 5.20417e-18 1.73472e-18 6.07153e-18 8.67362e-19
threshold=-0.71929357792026261 1.0000000180025095e-35 1.0000000180025095e-35 1.2123139845310107 -0.26634925049910491 4.6478001079635041 15.415387855237059 -1.0000000180025095e-35 139.50000000000003 120.00996677740865 -0.50460896297969515 7.4985928023719568 155.03734939759039 0.01149694756171114 3.7012257604091228 0.0016931969482203305 7.600802484559245 0.0013716483393066442
decision_type=2 2 2 2 2 2 2 2 2 2 2 2 2 2 2 2 2 2
left_child=14 4 6 9 5 -2 11 8 -6 -4 -7 -3 13 15 -1 16 17 -9
right_child=1 2 3 -5 7 10 -8 12 -10 -11 -12 -13 -14 -15 -16 -17 -18 -19
leaf_value=-0.050000033879042685 -0.050000052671663735 -0.050005813750884615 0.050000444927234489 -0.029518053217162183 0.0083242232532432132 0.050010705679588319 -0.0082977462704712859 0.050000299955795802 0.050000385216281001 0.04935967362655181 0.050000350104223795 -0.05000021647414582 0.050000705429835118 0.050000304702272874 -0.050000036356192705 0.050000303607765695 0.050000303697525172 0.050000301109108518
leaf_weight=0.011433767942776285 0.0013576904178762552 0.0010219450218755801 0.001246518028438004 0.0010233353532385081 0.0010025941813864838 0.0010307030129297345 0.0010008455649312964 0.0029775936882288113 0.0015027748208922276 0.001013444988586798 0.0013598092205029388 0.0014652908998868952 0.0010083115053021166 0.0011264873319305488 0.0010139374986692937 0.0019356971570232417 0.0019042043750232551 0.0011946760550927138
leaf_count=16901 1511 237 165 855 269 71 351 491 218 99 203 1587 110 185 1423 319 314 197
internal_value=-0.000854191 0.0255464 -0.00746228 0.0250184 0.0391749 0.0137806 -0.038036 0.0466979 0.0333225 0.0497131 0.0500048 -0.0500025 0.0500003 0.0500003 -0.05 0.0500003 0.0500003 0.0500003
internal_weight=0.0356196 0.0231719 0.00677138 0.0032833 0.0164005 0.0037482 0.00348808 0.0126523 0.00250537 0.00225996 0.00239051 0.00248724 0.010147 0.00913866 0.0124477 0.00801217 0.00607647 0.00417227
internal_count=25506 7182 3294 1119 3888 1785 2175 2103 487 264 274 1824 1616 1506 18324 1321 1002 688
is_linear=0
shrinkage=0.05


Tree=238
num_leaves=20
num_cat=0
split_feature=9 13 18 3 9 8 9 7 3 4 5 12 3 2 6 5 4 3 5
split_gain=0.0171797 0.00422626 0.00323794 0.00151983 0.00120081 0.00333037 0.000610412 0.000108425 9.90854e-12 2.62207e-12 4.26547e-14 1.09565e-14 8.23994e-16 1.04083e-17 4.33681e-18 4.33681e-18 1.73472e-18 8.67362e-19 4.33681e-19
threshold=-0.71929357792026261 5.0199571647247921e-05 1.0000000180025095e-35 7.4874537278250921 3.9781175116417877 150.06437768240346 -0.16900152081477324 124.50000000000001 7.4985928023719568 10.651205773044765 8.4314428077830517 0.41666666666666669 5.040188859666439 2.1383330595080281 7.600802484559245 10.481471645773633 5.705446369702539 8.092545217131299 10.899676546662116
decision_type=2 2 2 2 2 2 2 2 2 2 2 2 2 2 2 2 2 2 2
left_child=13 4 8 -4 5 6 -2 -7 -3 11 -9 -6 -12 16 15 -13 -1 -15 -17
right_child=1 2 3 -5 9 7 -8 10 -10 -11 12 14 -14 17 -16 18 -18 -19 -20
leaf_value=-0.050000031525462001 -0.050000055023421364 -0.050006339073308773 0.050000540185872556 -0.023223781013421638 0.050000465210494609 0.031708015703428162 0.0016107114095573504 0.050000705009062951 -0.050000225708590008 0.050002944367453485 0.050000361994582465 0.050000291264423305 0.050000305654810062 -0.050000035004235582 0.050000291613257912 0.050000288396579246 -0.05000003331713692 -0.050000033852497607 0.050000287735640449
leaf_weight=0.0029520263769882149 0.0012720265296479721 0.0010547013355335358 0.0019922444253097638 0.0010998483849107288 0.0010179775536016678 0.0010275215145156835 0.0010423782038060389 0.0010065912138088606 0.0017838254536286513 0.0010733956787589713 0.001013146898458217 0.0012816603075407329 0.0018082485930790426 0.0059057211255435504 0.0017767242406989681 0.0018920960683317389 0.0012233801360252983 0.0017289352443867756 0.0020016992207274598
leaf_count=4596 1367 250 251 861 149 297 204 120 1929 80 150 222 298 9165 308 328 1900 2615 347
internal_value=-0.00129951 0.0246738 -0.0114428 0.0239549 0.0378847 0.0226027 -0.0267552 0.0461294 -0.0500025 0.0500006 0.0500004 0.0500003 0.0500003 -0.05 0.0500003 0.0500003 -0.05 -0.05 0.0500003
internal_weight=0.0339541 0.0221441 0.00593062 0.00309209 0.0162135 0.00716991 0.0023144 0.00485551 0.00283853 0.00904355 0.00382799 0.00797016 0.0028214 0.0118101 0.00695218 0.00517546 0.00417541 0.00763466 0.0038938
internal_count=25437 7161 3291 1112 3870 2436 1571 865 2179 1434 568 1354 448 18276 1205 897 6496 11780 675
is_linear=0
shrinkage=0.05


Tree=239
num_leaves=23
num_cat=0
split_feature=8 11 7 3 11 11 6 0 7 5 3 3 7 8 5 0 7 0 0 0 3 5
split_gain=0.013831 0.00458686 0.00644853 0.00279612 0.00036885 0.000188925 0.000106519 4.05426e-05 2.85687e-11 3.41697e-14 2.49141e-14 3.52843e-15 2.86229e-16 1.3314e-16 4.33681e-17 3.38271e-17 5.20417e-18 8.67362e-19 8.67362e-19 8.67362e-19 8.67362e-19 4.33681e-19
threshold=259.0384615384616 0.26666666666666672 94.500000000000014 7.4662273925763296 0.04083333333333334 7.9374538840450181e-05 5.0136347884801866 0.27328611250455342 128.50000000000003 8.452078742564483 14.626633253663893 4.4484992763719129 160.50000000000003 138.08536585365854 7.8446259444550686 0.0023420439532225311 265.50000000000006 0.0013716483393066442 1.5407172111348784 0.1538913039458861 6.4488881423426951 10.481471645773633
decision_type=2 2 2 2 2 2 2 2 2 2 2 2 2 2 2 2 2 2 2 2 2 2
left_child=1 2 11 4 7 -5 14 8 -4 -10 15 13 -11 -1 -2 17 18 -3 19 -16 -21 -19
right_child=6 10 3 5 -6 -7 -8 -9 9 12 -12 -13 -14 -15 16 -17 -18 21 -20 20 -22 -23
leaf_value=-0.050000050885511176 -0.050000043099415664 0.050000273702515467 0.050009857266001094 0.00078335785541113433 0.019619228750410972 -0.026166578871760878 -0.032868652180257633 0.038900154048323775 0.050000651869652503 0.050000327567421357 0.050000540341671895 -0.050000144764760272 0.050000293116976541 -0.05000002894666157 -0.050000031376751901 0.050000283659494549 -0.050000036413852339 0.050000273504994676 -0.050000032474108384 -0.050000032368187099 -0.050000032757926798 0.050000274284800632
leaf_weight=0.0010739641126065189 0.0011525114845767357 0.0044421776783565292 0.0010343562209982338 0.0010061692554472756 0.001442074173439778 0.0018386419708349422 0.001002879592647333 0.0010034458608174646 0.0010042716880889202 0.0010053052369585203 0.0010035565583166317 0.0010111007215414247 0.001510461714133271 0.0019330937829522554 0.0010033759273824217 0.0010103019149028114 0.0010082732775344994 0.0010041667169389257 0.0010106925695367863 0.0010457862783823657 0.0043068193639044239 0.0010562724824012548
leaf_count=1233 1751 809 58 150 204 928 1288 136 127 162 146 1154 260 3118 1642 179 1471 183 1626 1711 6954 192
internal_value=-0.00111466 0.0211201 0.00337787 0.0251643 0.0421516 -0.0166348 -0.0483685 0.0479981 0.0500026 0.0500004 0.0500003 -0.0500001 0.0500003 -0.05 -0.05 0.0500003 -0.05 0.0500003 -0.05 -0.05 -0.05 0.0500003
internal_weight=0.0329097 0.0223794 0.0138629 0.00984473 0.00699991 0.00284481 0.0105303 0.00555784 0.00455439 0.00352004 0.00851648 0.00401816 0.00251577 0.00300706 0.00952746 0.00751292 0.00837495 0.00650262 0.00736667 0.00635598 0.00535261 0.00206044
internal_count=25482 9039 7530 2025 947 1078 16443 743 607 549 1509 5505 422 4351 15155 1363 13404 1184 11933 10307 8665 375
is_linear=0
shrinkage=0.05


Tree=240
num_leaves=13
num_cat=0
split_feature=9 13 18 9 13 3 9 7 9 8 8 8
split_gain=0.0162552 0.00332003 0.00229343 0.000843145 0.00068606 0.000469859 0.000442838 0.00141625 2.3331e-05 3.52565e-14 2.5134e-14 7.80626e-18
threshold=-0.42445823939803867 1.0000000180025095e-35 1.0000000180025095e-35 -0.64496489641977461 0.00016254322464832966 7.3460100017967047 -1.0000000180025095e-35 127.50000000000001 -0.82667857318446758 141.03601694915258 194.13802816901412 1.0000000180025095e-35
decision_type=2 2 2 2 2 2 2 2 2 2 2 2
left_child=3 6 4 8 -3 -4 7 -2 -1 11 -9 -8
right_child=1 2 5 -5 -6 -7 9 10 -10 -11 -12 -13
leaf_value=-0.050000029400840612 -0.020559202109212842 0.00085690457912269459 0.05000050041650244 -0.012853468277233444 -0.050003381029662598 0.0062301997733759211 0.050000261407176116 0.050000611668079432 -0.042033440773333944 0.050000577491601118 0.050000281798648565 0.050000265679284686
leaf_weight=0.01023693465674569 0.0010193721923315033 0.0010039275462645483 0.0014972816024965141 0.0018492928114142168 0.0019527400703509556 0.0010383006812730855 0.0064158669233620458 0.0010184581587964203 0.0010096707785578465 0.0010010492251240066 0.0013335875196389679 0.0013164223096282512
leaf_count=17488 637 153 208 1478 1480 578 1229 137 1400 131 239 248
internal_value=-0.00196108 0.0294292 -0.002813 -0.0441403 -0.0327339 0.0320769 0.0440583 0.0286662 -0.0492848 0.0500003 0.0500004 0.0500003
internal_weight=0.0306929 0.017597 0.00549225 0.0130959 0.00295667 0.00253558 0.0121048 0.00337142 0.0112466 0.00873334 0.00235205 0.00773229
internal_count=25406 5040 2419 20366 1633 786 2621 1013 18888 1608 376 1477
is_linear=0
shrinkage=0.05


Tree=241
num_leaves=16
num_cat=0
split_feature=9 13 8 7 9 3 0 7 8 7 8 4 0 0 0
split_gain=0.0149752 0.00344629 0.00228115 0.00140636 0.00105681 0.00430272 0.000190378 2.65316e-11 3.63791e-13 2.22344e-14 1.20477e-14 1.04083e-17 8.67362e-19 8.67362e-19 8.67362e-19
threshold=-0.71929357792026261 1.0000000180025095e-35 141.03601694915258 129.50000000000003 -1.0000000180025095e-35 4.6478001079635041 1.0616936318944921 128.50000000000003 386.28571428571433 148.50000000000003 60.010968921389399 5.6920457965633808 0.0048244587235194902 1.6974658026868361 1.0420517301188057
decision_type=2 2 2 2 2 2 2 2 2 2 2 2 2 2 2
left_child=11 4 3 6 5 -2 -3 -7 -4 -9 12 -1 -6 14 -13
right_child=1 2 8 -5 10 7 -8 9 -10 -11 -12 13 -14 -15 -16
leaf_value=-0.050000026939533364 -0.050000062870534628 0.050000677999783097 -0.050001386612959733 -0.020211687467275977 0.050000252029590325 0.050009860738677539 0.021979331725950957 0.050000563126034431 -0.050000041079815864 0.050000270906678523 0.050000433506180081 -0.050000030241469595 0.050000251179880911 -0.050000030091688942 -0.050000030341540151
leaf_weight=0.0024910026186830692 0.0015086380168440891 0.0014849383032924371 0.0010068090105619376 0.0017124096709153491 0.0061367443527160503 0.001012011450711725 0.001024243704989658 0.0010676902206796512 0.0010025811525906647 0.0016677013854859979 0.0010463759304002451 0.0040998938505936167 0.0010450791573930474 0.0016103770271911344 0.0020093692871228086
leaf_count=4499 1717 187 719 581 1234 59 396 148 1423 312 167 7386 208 2825 3616
internal_value=-0.000851856 0.0246023 -0.00615016 0.0147218 0.0388128 0.0212991 0.0385624 0.0500029 -0.0500007 0.0500004 0.0500003 -0.05 0.0500003 -0.05 -0.05
internal_weight=0.0299259 0.0197152 0.00623098 0.00422159 0.0134842 0.00525604 0.00250918 0.0037474 0.00200939 0.00273539 0.0082282 0.0102106 0.00718182 0.00771964 0.00610926
internal_count=25477 7151 3306 1164 3845 2236 583 519 2142 460 1609 18326 1442 13827 11002
is_linear=0
shrinkage=0.05


Tree=242
num_leaves=20
num_cat=0
split_feature=8 11 7 4 11 7 1 7 3 8 8 3 8 7 4 0 0 1 4
split_gain=0.01202 0.00385824 0.00576683 0.00279676 0.000189756 0.00012554 0.000102265 2.50136e-07 1.77656e-11 4.89912e-14 1.30763e-14 1.952e-15 5.42101e-17 2.94903e-17 3.42608e-17 8.67362e-19 8.67362e-19 8.67362e-19 8.67362e-19
threshold=259.0384615384616 0.26666666666666672 94.500000000000014 7.3808759299945494 0.042572463768115944 151.50000000000003 4.1026092131977068 174.50000000000003 4.886575525404063 166.96291676411738 49.027746947835745 4.4248287033199567 150.06437768240346 154.50000000000003 9.5861706725967437 0.0018818215993842487 0.0013716483393066442 2.0126758453675748 9.5861706725967437
decision_type=2 2 2 2 2 2 2 2 2 2 2 2 2 2 2 2 2 2 2
left_child=1 2 11 4 7 -5 13 8 -4 -10 15 12 -1 17 -15 16 -3 -2 -19
right_child=6 10 3 5 -6 -7 -8 -9 9 -11 -12 -13 -14 14 -16 -17 -18 18 -20
leaf_value=-0.05000004185132139 -0.050000026657249924 0.050000235904604617 0.050007968389050465 -0.0024015948256446784 0.027364248005908906 -0.024818176740448485 -0.033100610999954171 0.049115282897734869 0.050000715781809625 0.050000277147810426 0.050000429066802556 -0.050000114082591689 -0.050000026722818107 -0.050000040668616325 -0.050000027583712907 0.050000236301427685 0.050000235898572588 -0.050000028358344772 -0.050000026781314572
leaf_weight=0.0010356436881124873 0.0021199049051006114 0.0037830614946869892 0.0011423628166085109 0.0010005252873384052 0.0011756426470697079 0.0016621968778167684 0.0010059493247922555 0.0010098186123173036 0.0011591332449825131 0.001412082309343532 0.0010180408162341337 0.0010747333181484464 0.0013945570883038272 0.0010075816016978933 0.0010075038692889393 0.0011105927237622382 0.001426322809948033 0.0017558127295842496 0.0022409367351770015
leaf_count=1428 4023 801 85 378 185 746 1348 204 154 269 175 1428 2633 1741 1881 235 302 3223 4254
internal_value=-0.000855816 0.0214101 0.00402388 0.0261397 0.0453391 -0.0163951 -0.0481396 0.049813 0.0500028 0.0500005 0.0500003 -0.0500001 -0.05 -0.05 -0.05 0.0500002 0.0500002 -0.05 -0.05
internal_weight=0.0285424 0.0194047 0.0120667 0.00856176 0.00589904 0.00266272 0.00913769 0.0047234 0.00371358 0.00257122 0.00733802 0.00350493 0.0024302 0.00813174 0.00201509 0.00631998 0.00520938 0.00611665 0.00399675
internal_count=25493 9023 7510 2021 897 1124 16470 712 508 423 1513 5489 4061 15122 3622 1338 1103 11500 7477
is_linear=0
shrinkage=0.05


Tree=243
num_leaves=17
num_cat=0
split_feature=9 9 3 7 11 0 7 0 9 7 0 0 5 8 3 3
split_gain=0.0132608 0.00337182 0.00392526 0.0022846 0.0011042 7.61515e-05 1.78601e-11 2.63414e-12 7.81558e-14 2.29621e-14 3.99854e-15 8.67362e-18 2.60209e-18 1.73472e-18 8.67362e-19 4.33681e-19
threshold=-0.71929357792026261 3.9781175116417877 7.5598199805147646 94.500000000000014 0.04083333333333334 0.71476180760629215 127.50000000000001 2.4534387858054241 0.38459858393803353 148.50000000000003 0.0018818215993842487 0.073040753334579364 8.729051726396607 251.04347826086959 7.9450239217073788 7.3108842714770264
decision_type=2 2 2 2 2 2 2 2 2 2 2 2 2 2 2 2
left_child=11 2 3 -2 5 6 -5 10 -4 -8 -3 13 -13 -1 15 -14
right_child=1 7 8 4 -6 -7 9 -9 -10 -11 -12 12 14 -15 -16 -17
leaf_value=-0.050000022860090393 -0.027502362586073664 0.050000222720350151 -0.050000090819175586 0.050007970224502707 0.00015980191152220721 0.03539542907539945 0.050000533993693065 0.05000296071817787 -0.050000666547531297 0.05000024392607464 0.050000321534986986 -0.050000025796980485 -0.050000028086816375 -0.050000025451442477 -0.050000026403367273 -0.050000027569736406
leaf_weight=0.0014599926250866702 0.001844408918316276 0.0049014097835424755 0.0014278262095785985 0.0010393907866728114 0.0016909851424316003 0.0011491587042655738 0.0010702229669732333 0.0010418023039164837 0.0010039587950529949 0.0018820871805473871 0.0012941562513333338 0.0020793225099282608 0.0023876317096664934 0.0010105028383691206 0.0012189617114586326 0.0010859508508360705
leaf_count=2915 1896 1091 1890 70 327 124 158 89 846 391 256 4099 4761 2015 2350 2167
internal_value=-0.00116071 0.0234444 0.00614185 0.0218774 0.0352086 0.0467372 0.0500023 0.0500006 -0.0500003 0.0500003 0.0500002 -0.05 -0.05 -0.05 -0.05 -0.05
internal_weight=0.0275878 0.0183454 0.011108 0.00867625 0.00683184 0.00514086 0.0039917 0.00723737 0.00243179 0.00295231 0.00619557 0.00924236 0.00677187 0.0024705 0.00469254 0.00347358
internal_count=25445 7138 5702 2966 1070 743 619 1436 2736 549 1347 18307 13377 4930 9278 6928
is_linear=0
shrinkage=0.05


Tree=244
num_leaves=17
num_cat=0
split_feature=11 4 7 11 11 0 4 7 4 0 3 1 4 0 3 5
split_gain=0.00952304 0.00468278 0.00720016 0.00110355 0.000591322 3.87881e-05 3.37872e-07 1.82042e-13 2.84304e-14 1.09687e-14 1.57947e-15 3.09648e-16 5.11743e-17 2.1684e-17 1.38778e-17 8.67362e-19
threshold=0.26666666666666672 7.6133230286147189 94.500000000000014 0.04083333333333334 0.00022701486125346424 0.79384982111808344 5.5114085413964808 139.50000000000003 8.5778177733710805 1.79356664220696 4.4248287033199567 3.6505739029280164 5.0466405620843924 0.0016931969482203305 8.0115209191445675 11.002064038583409
decision_type=2 2 2 2 2 2 2 2 2 2 2 2 2 2 2 2
left_child=1 2 10 5 -3 6 7 -4 -6 13 12 14 -1 15 -10 -2
right_child=9 4 3 -5 8 -7 -8 -9 11 -11 -12 -13 -14 -15 -16 -17
leaf_value=-0.050000037848894445 0.050000212849235615 -0.0092200915687318443 0.050001070296563935 0.0013488701866707039 -0.05000031557441742 0.038749206323331266 0.048944695750933888 0.050000241794675652 -0.050000023885945911 0.050000389352223923 -0.050000101047416104 -0.050000050454329176 -0.050000023908226721 0.050000220749763291 -0.050000030316306093 0.050000213678755526
leaf_weight=0.0010183290878842399 0.0017307592293036569 0.0010009278022380394 0.0010394258065389295 0.0017634224493008333 0.0010028919827504978 0.0010150499428220883 0.0010294343101975301 0.0018308777680431376 0.0043693428974620474 0.0010733539961620409 0.0010216602179866641 0.0015557639630117137 0.0018924226275487399 0.0013619772748825199 0.0010167701458385636 0.0026074487514051725
leaf_count=1551 405 468 133 335 1610 133 135 396 9162 199 1544 2517 3960 309 1973 608
internal_value=-0.00109369 -0.0187906 0.00367484 0.0352809 -0.0454372 0.0474557 0.0497218 0.0500005 -0.0500001 0.0500002 -0.05 -0.05 -0.05 0.0500002 -0.05 0.0500002
internal_weight=0.0263299 0.0195563 0.0106106 0.00667821 0.0089457 0.00491479 0.00389974 0.0028703 0.00794477 0.00677354 0.00393241 0.00694188 0.00291075 0.00570019 0.00538611 0.00433821
internal_count=25438 23917 8187 1132 15730 797 664 529 15262 1521 7055 13652 5511 1322 11135 1013
is_linear=0
shrinkage=0.05


Tree=245
num_leaves=13
num_cat=0
split_feature=9 9 4 7 11 0 9 7 8 16 0 0
split_gain=0.0118591 0.00311562 0.00345134 0.00208991 0.00108084 4.32651e-05 3.38002e-07 9.50306e-12 1.50506e-12 5.24004e-14 1.73472e-18 8.67362e-19
threshold=-0.71929357792026261 3.9781175116417877 7.6133230286147189 94.500000000000014 0.04083333333333334 0.78449347986537321 -0.12453542817161221 133.50000000000003 54.152830188679253 1.0000000180025095e-35 1.5602073679534638 0.0016931969482203305
decision_type=2 2 2 2 2 2 2 2 2 2 2 2
left_child=10 2 3 -2 5 6 7 -5 11 -4 -1 -3
right_child=1 8 9 4 -6 -7 -8 -9 -10 -11 -12 -13
leaf_value=-0.050000022555438353 -0.027692871693582949 0.050000201361144504 -0.050000071675180474 0.050006502214187745 0.00063058989425696403 0.037931270957910747 0.048925234259972694 0.050000240447636839 0.050002302281020594 -0.050000561053673634 -0.050000023704745614 0.050000202300470337
leaf_weight=0.0068068365500266736 0.001736107034247425 0.0040162795103242379 0.0010843041174837262 0.0010165964501993585 0.0017275245406835893 0.0010038953614923685 0.0010238880102235726 0.0014998581036707037 0.0010103264398821921 0.0011038674600740706 0.0015866788782261665 0.0014477474069281016
leaf_count=14980 1917 988 1536 99 314 144 219 331 96 1189 3392 356
internal_value=-0.00153008 0.0228744 0.00564974 0.0208563 0.0342953 0.0470932 0.0496911 0.0500028 0.0500005 -0.0500003 -0.05 0.0500002
internal_weight=0.0250639 0.0166704 0.010196 0.00800787 0.00627176 0.00454424 0.00354034 0.00251645 0.00647435 0.00218817 0.00839352 0.00546403
internal_count=25561 7189 5749 3024 1107 793 649 430 1440 2725 18372 1344
is_linear=0
shrinkage=0.05


Tree=246
num_leaves=15
num_cat=0
split_feature=9 13 18 9 3 3 8 7 5 0 0 6 8 9
split_gain=0.0112151 0.00302137 0.00209363 0.00090538 0.00350454 0.000882771 0.000381343 8.78118e-12 6.79491e-15 1.10155e-16 5.20417e-18 1.04083e-17 1.73472e-18 8.67362e-19
threshold=-0.71929357792026261 1.0000000180025095e-35 1.0000000180025095e-35 -1.0000000180025095e-35 4.6478001079635041 7.4410270485534395 94.083333333333357 132.50000000000003 11.247425087607057 0.0018818215993842487 0.0013716483393066442 7.600802484559245 256.33333333333343 -2.2692687973775407
decision_type=2 2 2 2 2 2 2 2 2 2 2 2 2 2
left_child=12 3 6 4 -2 -4 -3 -6 9 10 11 -5 -1 -14
right_child=1 2 5 8 7 -7 -8 -9 -10 -11 -12 -13 13 -15
leaf_value=-0.050000022898625075 -0.050000051110679969 -0.01183844297145367 0.050000474567534529 0.050000188164517456 0.050006063254289947 -0.01030661946945292 -0.05000325534434337 0.050000304415182439 0.050000336824330353 0.050000208911893954 0.050000194396521293 0.05000019404466656 -0.050000020428305716 -0.050000021679777289
leaf_weight=0.0015616100793636178 0.0012505987692179579 0.001000483890521763 0.0014966675671530538 0.0018676672279980275 0.0010120404144799977 0.0010205989060807497 0.0018928733191501124 0.0019135332358928281 0.0010072437783037458 0.0011692368725562119 0.0011695213811435679 0.0011677752290779608 0.0031783313311564143 0.0032416528071053108
leaf_count=3566 1741 498 246 483 99 869 1676 415 207 283 302 302 7358 7440
internal_value=-0.00160459 0.0225855 -0.00779556 0.0381553 0.0200555 0.0255496 -0.0368064 0.0500023 0.0500002 0.0500002 0.0500002 0.0500002 -0.05 -0.05
internal_weight=0.0239498 0.0159682 0.00541062 0.0105576 0.00417617 0.00251727 0.00289336 0.00292557 0.00638144 0.0053742 0.00420496 0.00303544 0.00798159 0.00641998
internal_count=25485 7121 3289 3832 2255 1115 2174 514 1577 1370 1087 785 18364 14798
is_linear=0
shrinkage=0.05


Tree=247
num_leaves=16
num_cat=0
split_feature=9 13 18 1 5 3 9 4 9 4 6 12 3 6 3
split_gain=0.011472 0.0025818 0.00193667 0.000614652 0.000602838 0.000501896 0.000196365 0.000307245 0.000128321 7.64146e-15 3.72966e-17 5.20417e-18 3.46945e-18 1.30104e-18 4.33681e-19
threshold=-0.56139784187848674 1.0000000180025095e-35 1.0000000180025095e-35 8.1344675272782769 8.3124704395808298 7.3920308082497579 -1.0000000180025095e-35 5.3008111373035574 -0.7756154308681612 5.1676349844808334 6.4317080075602222 0.75000000000000011 5.7120689830775495 7.46565479950723 4.2972622671762819
decision_type=2 2 2 2 2 2 2 2 2 2 2 2 2 2 2
left_child=8 4 3 -3 -2 -4 7 -6 12 10 -8 13 14 -12 -1
right_child=1 2 5 -5 6 -7 9 -9 -10 -11 11 -13 -14 -15 -16
leaf_value=-0.050000018822890513 0.0047016739339551103 -0.050003286929489014 0.050000479885680842 -0.00070078624253011904 0.012220979325424222 0.0034334698164601518 0.0500001958100331 0.050000208416906937 -0.031224500548158458 0.050000337927961297 0.050000187743614359 0.050000183319934749 -0.050000021062475523 0.050000185830718941 -0.050000019744077452
leaf_weight=0.0011539046210486958 0.0010138530959693534 0.0017178446936441114 0.0013494287748017086 0.0010002626297023198 0.001001078100273391 0.0010129866469128501 0.0010850205633232673 0.001163831622534417 0.0010378819367815595 0.0010051653684968187 0.0010558851208770648 0.0017100160807785869 0.0051482968748359781 0.0014035370179499296 0.0010849528140397524
leaf_count=2814 537 1503 226 367 739 705 280 286 1572 216 283 464 12416 380 2645
internal_value=-0.00127435 0.025658 -0.00308014 -0.03186 0.0411273 0.0300329 0.0455109 0.0325307 -0.0476871 0.0500002 0.0500002 0.0500002 -0.05 0.0500002 -0.05
internal_weight=0.0229439 0.0145189 0.00508052 0.00271811 0.00943839 0.00236242 0.00842453 0.00216491 0.00842504 0.00625962 0.00525446 0.00416944 0.00738715 0.00245942 0.00223886
internal_count=25433 5986 2801 1870 3185 931 2648 1025 19447 1623 1407 1127 17875 663 5459
is_linear=0
shrinkage=0.05


Tree=248
num_leaves=15
num_cat=0
split_feature=9 13 18 0 9 7 3 9 5 8 8 0 6 0
split_gain=0.0108691 0.00228513 0.00176979 0.000590202 0.000575824 0.00167244 0.000500323 0.000202943 4.44566e-15 3.45557e-15 2.60209e-18 1.73472e-18 2.1684e-18 8.67362e-19
threshold=-0.54576912350551277 1.0000000180025095e-35 1.0000000180025095e-35 1.8174285713950444 -1.0000000180025095e-35 123.50000000000001 7.3839892650846801 -0.73496841085080911 8.7173304148952049 49.027746947835745 288.05882352941182 0.0013716483393066442 7.2359546744882257 1.6780642406177277
decision_type=2 2 2 2 2 2 2 2 2 2 2 2 2 2
left_child=7 4 3 -3 5 -2 -4 10 -7 11 -1 12 -6 -12
right_child=1 2 6 -5 9 8 -8 -9 -10 -11 13 -13 -14 -15
leaf_value=-0.050000020963839514 -0.02772372786725032 -0.050002935715627375 0.050000451561270524 -0.00068793519491200915 0.050000172211795271 0.050000356021605623 0.0032142698132456918 -0.026050950876590581 0.050000207398173881 0.050000269337734098 -0.050000018835829156 0.050000175326059576 0.050000175026818132 -0.05000002034838294
leaf_weight=0.0018051099372655699 0.0010548812892920987 0.0015410003680642612 0.0013206527328293305 0.0010007017922930572 0.0013050642621692523 0.001010410144317575 0.0010072247270045409 0.0010099127152614074 0.0010021958801189612 0.0012048354853959609 0.0042821538965824857 0.0018970492078551615 0.0014660104404811136 0.0010406499953035109
leaf_count=4559 1039 1520 232 325 373 216 708 1405 254 277 10968 542 419 2589
internal_value=-0.00119112 0.0258191 -0.00173983 -0.030587 0.0408296 0.0232717 0.029757 -0.0470279 0.0500003 0.0500002 -0.05 0.0500002 0.0500002 -0.05
internal_weight=0.0219479 0.01381 0.00486958 0.0025417 0.00894045 0.00306749 0.00232788 0.00813783 0.00201261 0.00587296 0.00712791 0.00466812 0.00277107 0.0053228
internal_count=25426 5905 2785 1845 3120 1509 940 19521 470 1611 18116 1334 792 13557
is_linear=0
shrinkage=0.05


Tree=249
num_leaves=12
num_cat=0
split_feature=9 9 4 7 11 3 7 4 0 7 5
split_gain=0.00974329 0.00265554 0.00310769 0.00180545 0.000954535 1.8312e-05 8.42445e-12 1.31027e-12 1.01481e-16 1.73472e-18 8.67362e-19
threshold=-0.71929357792026261 3.9781175116417877 7.6133230286147189 94.500000000000014 0.04083333333333334 7.1685796004935227 134.50000000000003 10.252523387080211 0.0016931969482203305 174.50000000000003 10.871175752003543
decision_type=2 2 2 2 2 2 2 2 2 2 2
left_child=9 2 3 -2 5 6 -5 8 10 -1 -3
right_child=1 7 -4 4 -6 -7 -8 -9 -10 -11 -12
leaf_value=-0.050000019079685022 -0.025862472614710332 0.050000167367282057 -0.050000302623564544 0.050005843886535839 0.00077848984258344143 0.042174480617568372 0.050000197487199784 0.050002168922873728 0.050000185204559011 -0.050000019372711736 0.050000167347776486
leaf_weight=0.0058789790492141938 0.0015718589580444586 0.0010849906482235392 0.0019600716450725031 0.0010174935998747969 0.0014750516169783623 0.0010063475010611 0.0018833514714060584 0.0010092017910210416 0.0010475871019934857 0.001002980476329185 0.0022731552560344426
leaf_count=15755 1878 326 2727 116 300 177 501 140 303 2628 683
internal_value=-0.00110158 0.0223833 0.00560711 0.0212805 0.0350484 0.0479861 0.0500022 0.0500005 0.0500002 -0.05 0.0500002
internal_weight=0.0212111 0.0143291 0.00891417 0.0069541 0.00538224 0.00390719 0.00290085 0.00541493 0.00440573 0.00688196 0.00335815
internal_count=25534 7151 5699 2972 1094 794 617 1452 1312 18383 1009
is_linear=0
shrinkage=0.05


Tree=250
num_leaves=11
num_cat=0
split_feature=9 9 4 7 11 3 7 1 0 0
split_gain=0.00943049 0.00232808 0.00310397 0.00183076 0.00060711 4.30681e-05 7.73947e-12 1.0643e-12 3.72966e-17 8.67362e-19
threshold=-0.71929357792026261 3.9781175116417877 7.6133230286147189 94.500000000000014 0.04083333333333334 7.14005668953304 133.50000000000003 10.602000862585358 0.0015388992211528933 1.7248057093776128
decision_type=2 2 2 2 2 2 2 2 2 2
left_child=9 2 3 -2 5 6 -5 8 -3 -1
right_child=1 7 -4 4 -6 -7 -8 -9 -10 -11
leaf_value=-0.050000019151066881 -0.025672103042581856 0.050000158004358197 -0.050000283130217697 0.050005612030269736 0.0075063451010075506 0.037972416239598544 0.050000199494211486 0.050001980307091812 0.050000168273196977 -0.050000018886293386
leaf_weight=0.0055238904112400169 0.0014971672752892573 0.0027828040222175341 0.0018563537194893343 0.0010150000032354001 0.0013027992989975701 0.0010000946358843521 0.0018908462293438788 0.0010029412865151244 0.0012725762710488198 0.0010004452457792468
leaf_count=15597 1860 879 2718 103 299 182 519 154 394 2726
internal_value=-0.000570773 0.0231061 0.00721772 0.023057 0.0370634 0.046922 0.0500021 0.0500005 0.0500002 -0.05
internal_weight=0.0201449 0.0136206 0.00856226 0.00670591 0.00520874 0.00390594 0.00290585 0.00505832 0.00405538 0.00652434
internal_count=25431 7108 5681 2963 1103 804 622 1427 1273 18323
is_linear=0
shrinkage=0.05


Tree=251
num_leaves=11
num_cat=0
split_feature=9 9 3 7 13 3 7 1 0 6
split_gain=0.00874347 0.00243485 0.00273323 0.00159647 0.000863559 6.45185e-05 5.78303e-12 1.28191e-12 7.58942e-17 2.1684e-18
threshold=-0.71929357792026261 3.9781175116417877 7.5735311307123743 94.500000000000014 0.081666666666666679 7.14005668953304 136.50000000000003 10.702598822843088 0.0015388992211528933 7.0689974793526629
decision_type=2 2 2 2 2 2 2 2 2 2
left_child=-1 2 3 -2 5 6 -5 8 9 -3
right_child=1 7 -4 4 -6 -7 -8 -9 -10 -11
leaf_value=-0.050000017114997158 -0.025639077290487797 0.05000015077392727 -0.050000248638834871 0.050004925997855859 0.00081605307533449641 0.035321230974150637 0.050000184394782848 0.050002159505115877 0.050000164570744632 0.050000148195863549
leaf_weight=0.006192576291596196 0.0014811206122828935 0.0012798763805221833 0.0017494165655023153 0.0010491157861451939 0.0014783247652019327 0.0010338319196421253 0.0016613912112006801 0.0010027950038420386 0.0012008317787604028 0.0014003353305724886
leaf_count=18284 1891 425 2727 126 330 142 487 146 387 465
internal_value=-0.000902559 0.0218941 0.00565556 0.0201795 0.0331734 0.0459486 0.050002 0.0500006 0.0500002 0.0500001
internal_weight=0.0195296 0.013337 0.0084532 0.00670378 0.00522266 0.00374434 0.00271051 0.00488384 0.00388104 0.00268021
internal_count=25410 7126 5703 2976 1085 755 613 1423 1277 890
is_linear=0
shrinkage=0.05


Tree=252
num_leaves=14
num_cat=0
split_feature=9 9 3 7 11 0 9 3 7 0 0 0 4
split_gain=0.00883475 0.00198662 0.00242399 0.00104872 0.000741215 8.2476e-05 7.38988e-05 1.03692e-12 6.1587e-14 3.33934e-17 8.67362e-19 8.67362e-19 4.33681e-19
threshold=-0.57764105235288132 3.9781175116417877 7.5735311307123743 94.500000000000014 0.044466403162055343 0.71476180760629215 -0.85248092369136097 14.626633253663893 144.50000000000003 0.0015388992211528933 1.5781651660286891 0.57705711256957015 9.8495855671929586
decision_type=2 2 2 2 2 2 2 2 2 2 2 2 2
left_child=6 2 3 -2 5 8 10 9 -5 -3 11 -1 -13
right_child=1 7 -4 4 -6 -7 -8 -9 -10 -11 -12 12 -14
leaf_value=-0.050000014702563815 -0.018513220552133801 0.050000142872351841 -0.050000232072314903 0.050000679126306159 -0.0018505642524514719 0.033413332652062588 -0.035301632817270688 0.050001961416870168 0.050000165623192053 0.05000015335793459 -0.050000015226153771 -0.05000001437942856 -0.050000013550668222
leaf_weight=0.0023528844438942534 0.0012316687737268239 0.0025494966196220048 0.001437500323305585 0.0010082096089263359 0.0011259031241479533 0.0010905928866691283 0.0010106776185523358 0.001002845584480383 0.0013874575911358988 0.0010980383538026217 0.0010325272424722698 0.0010755380936871006 0.0010958036793056181
leaf_count=7357 1260 890 2350 190 224 162 2096 161 438 374 3138 3348 3429
internal_value=-0.0011639 0.0244713 0.00816658 0.0224748 0.0334206 0.0448115 -0.047738 0.0500005 0.0500004 0.0500001 -0.05 -0.05 -0.05
internal_weight=0.0184991 0.0119317 0.00728133 0.00584383 0.00461216 0.00348626 0.00656743 0.00465038 0.00239567 0.00364753 0.00555675 0.00452423 0.00217134
internal_count=25417 6049 4624 2274 1014 790 19368 1425 628 1264 17272 14134 6777
is_linear=0
shrinkage=0.05


Tree=253
num_leaves=11
num_cat=0
split_feature=9 9 4 7 11 4 7 4 2 8
split_gain=0.00798505 0.0021614 0.00258761 0.00150356 0.000911445 1.30482e-05 5.29143e-12 8.40232e-13 3.03577e-18 2.60209e-18
threshold=-0.71929357792026261 3.9781175116417877 7.6133230286147189 94.500000000000014 0.04083333333333334 5.5471267646873921 137.50000000000003 9.5556307545418537 1.0000000180025095e-35 297.10714285714295
decision_type=2 2 2 2 2 2 2 2 2 2
left_child=9 2 3 -2 5 6 -5 8 -3 -1
right_child=1 7 -4 4 -6 -7 -8 -9 -10 -11
leaf_value=-0.050000016476867797 -0.023998171579637278 0.050000134492106989 -0.050000276854108454 0.050004914057223349 0.00085598003610622532 0.043300043123668953 0.050000159658477532 0.050001779557783892 0.050000137318513271 -0.050000014570505673
leaf_weight=0.0015211407176707317 0.0014502904689663865 0.0015780148246449252 0.001623241857771518 0.001005024814276112 0.0014611929101135956 0.0010401732664604424 0.001401054146072056 0.0010092788800193375 0.0018099679984970862 0.0041019827381774121
leaf_count=4929 1860 579 2721 129 300 219 466 177 662 13409
internal_value=-0.000592087 0.0218527 0.00634415 0.0207299 0.0339483 0.0479793 0.0500021 0.0500005 0.0500001 -0.05
internal_weight=0.0180014 0.0123782 0.00798098 0.00635774 0.00490745 0.00344625 0.00240608 0.00439726 0.00338798 0.00562312
internal_count=25451 7113 5695 2974 1114 814 595 1418 1241 18338
is_linear=0
shrinkage=0.05


Tree=254
num_leaves=11
num_cat=0
split_feature=9 11 7 3 8 11 7 4 6 0
split_gain=0.00773403 0.00200206 0.00186205 0.00248181 0.000391018 0.000180014 4.62874e-12 3.84415e-15 1.73472e-18 8.67362e-19
threshold=-0.71929357792026261 0.26666666666666672 94.500000000000014 7.4662273925763296 133.16666666666671 0.039230769230769243 130.50000000000003 1.0000000180025095e-35 7.0689974793526629 1.4530742218889958
decision_type=2 2 2 2 2 2 2 2 2 2
left_child=9 2 -2 5 -5 6 -4 8 -3 -1
right_child=1 7 3 4 -6 -7 -8 -9 -10 -11
leaf_value=-0.05000001477258207 -0.050000060107979388 0.050000130674317612 0.05000448136819368 -0.0043475795382361968 -0.044759940798579062 0.026651823804813426 0.050000201342463704 0.050000239637094747 0.050000128557628233 -0.050000015344516549
leaf_weight=0.0041577487901918167 0.0011980445179062826 0.001856408579442359 0.0010118083562247193 0.0014199836876684913 0.0010347246729338622 0.0011901633796185251 0.001681509933405323 0.0010582717970919475 0.0013608002752789616 0.0011481995944961909
leaf_count=14334 2101 716 136 690 1843 340 539 284 525 3857
internal_value=0.000144763 0.0226703 0.00716549 0.0179709 -0.0213825 0.0428458 0.0500018 0.0500002 0.0500001 -0.05
internal_weight=0.0171177 0.0118117 0.00753623 0.00633819 0.00245471 0.00388348 0.00269332 0.00427548 0.00321721 0.00530595
internal_count=25365 7174 5649 3548 2533 1015 675 1525 1241 18191
is_linear=0
shrinkage=0.05


Tree=255
num_leaves=10
num_cat=0
split_feature=9 9 3 7 11 5 1 2 2
split_gain=0.00714868 0.00205476 0.00234525 0.00136426 0.000616449 1.08769e-07 6.94686e-13 1.73472e-18 8.67362e-19
threshold=-0.71929357792026261 3.9781175116417877 7.5598199805147646 94.500000000000014 0.036375661375661381 8.506090976316754 9.9394336746564438 1.0000000180025095e-35 3.7256208424938388
decision_type=2 2 2 2 2 2 2 2 2
left_child=8 2 3 -2 5 -5 7 -3 -1
right_child=1 6 -4 4 -6 -7 -8 -9 -10
leaf_value=-0.050000014620404633 -0.023621517312071474 0.050000121168245142 -0.050000230712720709 0.049332822114876378 0.011744233154996495 0.050002501701227456 0.0500016402540195 0.05000012367415111 -0.050000015418570243
leaf_weight=0.004031315920343558 0.0013597263204303545 0.0014623654494698712 0.0015049245471914219 0.0010063535123663314 0.0018463772815380253 0.0015253714839218446 0.0010007258629229909 0.0015941541721531394 0.0010277524982598152
leaf_count=14602 1903 593 2731 216 425 434 198 645 3623
internal_value=-0.000602213 0.0215134 0.00555556 0.0201268 0.0337139 0.0497363 0.0500005 0.0500001 -0.05
internal_weight=0.0163591 0.0113 0.00724275 0.00573783 0.0043781 0.00253172 0.00405725 0.00305652 0.00505907
internal_count=25370 7145 5709 2978 1075 650 1436 1238 18225
is_linear=0
shrinkage=0.05


Tree=256
num_leaves=13
num_cat=0
split_feature=9 11 7 3 11 8 7 0 11 8 7 9
split_gain=0.00673182 0.00204995 0.00155263 0.00203321 0.000392267 0.000234841 2.75502e-12 2.23736e-15 3.90313e-18 2.60209e-18 1.30104e-18 4.33681e-19
threshold=-0.71929357792026261 0.26666666666666672 94.500000000000014 7.4544301786633325 0.036375661375661381 130.56542225444005 139.50000000000003 0.0023420439532225311 0.99993851753479912 262.0263157894737 144.50000000000003 -2.115924957278144
decision_type=2 2 2 2 2 2 2 2 2 2 2 2
left_child=9 2 -2 4 6 -5 -4 8 -3 -1 11 -11
right_child=1 7 3 5 -6 -7 -8 -9 -10 10 -12 -13
leaf_value=-0.050000014878256706 -0.050000055105241858 0.050000121733808883 0.050003645060670489 -0.0085026258381136043 0.017846618847851017 -0.040863926984161324 0.050000141543702553 0.050000205873381942 0.05000011805782334 -0.050000011667118552 -0.050000013796435198 -0.050000012903431867
leaf_weight=0.0010068123092139549 0.0010917324799208927 0.0015328047193179373 0.0010103675315349392 0.0012556470865376923 0.0016279833203043381 0.0010127962596584439 0.0012619756739695731 0.0010365668017584539 0.0013055059930593416 0.001660530677611404 0.0010621717260335117 0.0011095797015627804
leaf_count=3772 2070 639 165 686 395 1829 479 328 553 6342 3984 4232
internal_value=-0.000762789 0.0206342 0.00496181 0.0146888 0.0365803 -0.022951 0.0500017 0.0500001 0.0500001 -0.05 -0.05 -0.05
internal_weight=0.0159745 0.0111354 0.0072605 0.00616877 0.00390033 0.00226844 0.00227234 0.00387488 0.00283831 0.00483909 0.00383228 0.00277011
internal_count=25474 7144 5624 3554 1039 2515 644 1520 1192 18330 14558 10574
is_linear=0
shrinkage=0.05


Tree=257
num_leaves=10
num_cat=0
split_feature=9 11 4 7 11 0 0 8 0
split_gain=0.00625075 0.00206735 0.00157959 0.00156826 0.000740429 4.10976e-07 1.7924e-15 4.33681e-18 3.90313e-18
threshold=-0.71929357792026261 0.26666666666666672 7.6133230286147189 96.500000000000014 0.03509852216748769 0.068275593724439934 0.0023420439532225311 279.08333333333343 0.0011790204991233733
decision_type=2 2 2 2 2 2 2 2 2
left_child=7 2 3 -2 5 -5 8 -1 -3
right_child=1 6 -4 4 -6 -7 -8 -9 -10
leaf_value=-0.050000014968924922 -0.036561333671298345 0.050000112384563901 -0.04030555469748999 0.050002350456715028 0.0063422369602409451 0.048666103943254616 0.050000191807227756 -0.050000011756453903 0.050000116161524347
leaf_weight=0.0010965040735584361 0.001084587195379072 0.0016067042313352431 0.0015763201456309162 0.0013270431591081433 0.0017366351371777 0.0010159360246575488 0.0010182231962971855 0.0034951556613123103 0.0010797950419600966
leaf_count=4331 1826 712 2727 410 404 248 339 13953 474
internal_value=-0.00137819 0.0199956 0.00350458 0.0168772 0.0310841 0.0494229 0.0500001 -0.05 0.0500001
internal_weight=0.0150369 0.0104452 0.00674052 0.0051642 0.00407961 0.00234298 0.00370472 0.00459166 0.0026865
internal_count=25424 7140 5615 2888 1062 658 1525 18284 1186
is_linear=0
shrinkage=0.05


Tree=258
num_leaves=10
num_cat=0
split_feature=9 11 4 7 11 4 0 5 0
split_gain=0.00613988 0.00185393 0.00125898 0.00159465 0.000531012 1.7388e-05 1.15793e-15 9.1073e-18 1.73472e-18
threshold=-0.71929357792026261 0.26666666666666672 7.5019101675073623 97.500000000000014 0.04083333333333334 5.5114085413964808 0.0018818215993842487 11.002064038583409 0.27328611250455342
decision_type=2 2 2 2 2 2 2 2 2
left_child=8 2 3 -2 5 -5 7 -3 -1
right_child=1 6 -4 4 -6 -7 -8 -9 -10
leaf_value=-0.050000010946187202 -0.035855223855494445 0.050000106356680618 -0.029020685049777735 0.050000306882400085 0.0061261155949524464 0.041726320274699823 0.050000170904057811 0.050000112510275065 -0.050000012143329678
leaf_weight=0.0013939232336923632 0.0010425920892487284 0.0010844193914181233 0.0019122810380451938 0.0015212829050597065 0.0011795785596007136 0.0010899072147196875 0.0011414310306463449 0.001314402514935864 0.0029842177575716278
leaf_count=5868 1822 511 2767 540 266 230 422 603 12459
internal_value=-0.000409397 0.0206986 0.00532056 0.0189074 0.033969 0.0465468 0.0500001 0.0500001 -0.05
internal_weight=0.014664 0.0102859 0.00674564 0.00483336 0.00379077 0.00261119 0.00354025 0.00239882 0.00437814
internal_count=25488 7161 5625 2858 1036 770 1536 1114 18327
is_linear=0
shrinkage=0.05


Tree=259
num_leaves=11
num_cat=0
split_feature=9 11 4 7 11 0 0 5 3 9
split_gain=0.00560577 0.0019262 0.00117675 0.00126767 0.0008136 4.90397e-07 9.85323e-16 7.80626e-18 8.67362e-19 4.33681e-19
threshold=-0.71929357792026261 0.26666666666666672 7.6133230286147189 96.500000000000014 0.03509852216748769 0.065328089335945486 0.0018818215993842487 11.002064038583409 7.5898413843865926 -2.8973464185820754
decision_type=2 2 2 2 2 2 2 2 2 2
left_child=8 2 3 -2 5 -5 7 -3 9 -1
right_child=1 6 -4 4 -6 -7 -8 -9 -10 -11
leaf_value=-0.05000000990198266 -0.033188283383910992 0.050000100305105856 -0.034477006188569082 0.050002277185505366 0.0035765021392407345 0.0484846577888167 0.050000161352507046 0.050000106075985123 -0.050000011509437552 -0.050000010799333916
leaf_weight=0.0010018031169494188 0.0010600939668563569 0.0010436436837153451 0.0015562486329940839 0.0011200610954347212 0.0017905413602647968 0.0010143962864503919 0.0010818926368756365 0.0012464436895243125 0.0010590709215563265 0.0020741843815557104
leaf_count=4450 1844 517 2742 385 400 283 419 602 4595 9156
internal_value=-0.00109613 0.0193027 0.00347859 0.0153276 0.0284311 0.049281 0.0500001 0.0500001 -0.05 -0.05
internal_weight=0.0140484 0.00991332 0.00654134 0.00498509 0.003925 0.00213446 0.00337198 0.00229009 0.00413506 0.00307599
internal_count=25393 7192 5654 2912 1068 668 1538 1119 18201 13606
is_linear=0
shrinkage=0.05


Tree=260
num_leaves=10
num_cat=0
split_feature=9 9 3 18 9 0 0 4 5
split_gain=0.00572846 0.00140928 0.00146102 0.000568322 0.000366056 7.80118e-13 8.67362e-19 4.33681e-19 4.33681e-19
threshold=-0.40546510810816411 3.9781175116417877 7.4544301786633325 1.0000000180025095e-35 -0.70688395170678076 0.003995605568058642 0.37202812412846625 9.8351819416051143 10.979259367511949
decision_type=2 2 2 2 2 2 2 2 2
left_child=4 2 3 -2 6 8 -1 -8 -3
right_child=1 5 -4 -5 -6 -7 7 -9 -10
leaf_value=-0.05000001096843 0.0086113454749294997 0.05000009552399011 -0.031913827727622184 0.050000307824510731 -0.018502272021653172 0.050001772723325247 -0.050000011791017568 -0.050000012535668228 0.050000094778748519
leaf_weight=0.0014206365137852126 0.001957533552484847 0.0010868345227663667 0.0015909584153064316 0.00143917980471997 0.0011985510578256253 0.0010055896921130625 0.0011781053164554578 0.0014050214965521945 0.0011425204977513204
leaf_count=6577 1140 566 2021 337 2112 265 5434 6439 595
internal_value=-0.00168135 0.0242979 0.00762738 0.0261478 -0.0427433 0.0500006 -0.05 -0.05 0.0500001
internal_weight=0.0134249 0.00822262 0.00498767 0.00339671 0.00520231 0.00323494 0.00400376 0.00258313 0.00222936
internal_count=25486 4924 3498 1477 20562 1426 18450 11873 1161
is_linear=0
shrinkage=0.05


Tree=261
num_leaves=9
num_cat=0
split_feature=9 11 4 7 11 0 0 0
split_gain=0.0051816 0.00167825 0.00102201 0.00125376 0.000547846 2.00196e-05 6.97793e-16 4.33681e-19
threshold=-0.71929357792026261 0.26666666666666672 7.5019101675073623 98.500000000000014 0.04083333333333334 0.075758540264110816 0.0016931969482203305 1.2607928686423266
decision_type=2 2 2 2 2 2 2 2
left_child=7 2 3 -2 5 -5 -3 -1
right_child=1 6 -4 4 -6 -7 -8 -9
leaf_value=-0.05000001034278248 -0.03066381614906355 0.050000093082770938 -0.026815268105464814 0.050001969544804029 0.0032848711743968988 0.040625103491209826 0.050000142324225422 -0.050000010796574436
leaf_weight=0.0027356731434338153 0.0010342078220588746 0.0018606072513875915 0.0018242000261494695 0.0013208095261916242 0.0011124415610197502 0.001000316774110388 0.0011723403861196857 0.0010367297309841206
leaf_count=13382 1817 1005 2787 481 266 275 518 4966
internal_value=-0.000554797 0.0194483 0.00472127 0.0175977 0.0321343 0.0459609 0.0500001 -0.05
internal_weight=0.0130973 0.00932492 0.00629198 0.00446778 0.00343357 0.00232113 0.00303295 0.0037724
internal_count=25497 7149 5626 2839 1022 756 1523 18348
is_linear=0
shrinkage=0.05


Tree=262
num_leaves=8
num_cat=0
split_feature=9 9 3 18 7 0 0
split_gain=0.00480369 0.00171276 0.00169094 0.00115166 0.00166479 0.000745388 4.41781e-13
threshold=-0.71929357792026261 3.9781175116417877 7.5735311307123743 1.0000000180025095e-35 119.50000000000001 0.076760849601760842 0.0018818215993842487
decision_type=2 2 2 2 2 2 2
left_child=-1 2 3 4 -2 -6 -3
right_child=1 6 -4 -5 5 -7 -8
leaf_value=-0.05000000956516748 -0.050001685980594436 0.05000008640300696 -0.050000179913325588 0.050000399672905239 0.050001857682964737 -0.0077076388712896196 0.050001377567658462
leaf_weight=0.0035700287914153259 0.001134433698751991 0.001899056163097157 0.0011909770317544144 0.0016841127646785026 0.0012519650344984257 0.001011683394750662 0.0010174327452432408
leaf_count=18254 1883 1093 2747 369 491 264 348
internal_value=-0.000778932 0.0183426 0.00362441 0.016191 -0.000565234 0.02421 0.0500005
internal_weight=0.0127597 0.00918966 0.00627317 0.00508219 0.00339808 0.00226365 0.00291649
internal_count=25449 7195 5754 3007 2638 755 1441
is_linear=0
shrinkage=0.05


Tree=263
num_leaves=9
num_cat=0
split_feature=9 9 4 18 7 0 0 4
split_gain=0.00466905 0.00153684 0.00166571 0.000992106 0.00162232 0.000571317 2.98225e-13 8.67362e-19
threshold=-0.71929357792026261 3.9781175116417877 7.6133230286147189 1.0000000180025095e-35 119.50000000000001 0.073912058308484019 0.0016931969482203305 9.7231340358734943
decision_type=2 2 2 2 2 2 2 2
left_child=7 2 3 4 -2 -6 -3 -1
right_child=1 6 -4 -5 5 -7 -8 -9
leaf_value=-0.050000009998756673 -0.050001613055304928 0.050000082561990788 -0.050000201521096681 0.050000372541377541 0.050001827765086083 -0.001274918140100301 0.050001142976499241 -0.05000000938290277
leaf_weight=0.0019776102564463835 0.0010324421930647532 0.0016279429870564854 0.0011252582134773093 0.0015825279783712176 0.0011638412905767836 0.0010186929040116866 0.0011186248520971276 0.0014289705171535161
leaf_count=10667 1859 985 2721 366 464 321 441 7644
internal_value=-0.000402765 0.0190863 0.0047504 0.0175922 0.00163972 0.0260685 0.0500005 -0.05
internal_weight=0.0120759 0.00866933 0.00592276 0.0047975 0.00321498 0.00218253 0.00274657 0.00340658
internal_count=25468 7157 5731 3010 2644 785 1426 18311
is_linear=0
shrinkage=0.05


Tree=264
num_leaves=8
num_cat=0
split_feature=9 13 7 9 9 0 0
split_gain=0.00470422 0.00123975 0.000905936 0.000274533 0.000237492 2.83627e-16 4.33681e-19
threshold=-0.42445823939803867 1.0000000180025095e-35 129.50000000000003 -0.71929357792026261 -1.0000000180025095e-35 0.0016931969482203305 1.1492453996666876
decision_type=2 2 2 2 2 2 2
left_child=3 4 -3 6 -2 -6 -1
right_child=1 2 -4 -5 5 -7 -8
leaf_value=-0.050000008480310644 0.023747340006034286 0.025121505775261895 -0.029505010815368712 -0.020142295286526585 0.050000081396776558 0.050000113868671862 -0.050000008749828698
leaf_weight=0.0022264752905698515 0.0012496188333557257 0.0016227513704762941 0.0014258828186513028 0.0010093231261691926 0.0016297382059065058 0.0011436703395020231 0.0010187295001315988
leaf_count=12656 1023 736 1679 2085 1023 602 5681
internal_value=-0.00137286 0.0236212 -0.000427972 -0.0429167 0.0418456 0.0500001 -0.05
internal_weight=0.0113262 0.00707166 0.00304863 0.00425453 0.00402303 0.00277341 0.0032452
internal_count=25485 5063 2415 20422 2648 1625 18337
is_linear=0
shrinkage=0.05


Tree=265
num_leaves=9
num_cat=0
split_feature=9 9 3 18 8 4 6 2
split_gain=0.00418686 0.00146388 0.00149395 0.000982954 0.00156487 0.000231929 2.28334e-13 4.33681e-19
threshold=-0.71929357792026261 3.9781175116417877 7.5735311307123743 1.0000000180025095e-35 147.01898734177217 5.4315338162543414 7.600802484559245 3.1132683346437333
decision_type=2 2 2 2 2 2 2 2
left_child=7 2 3 4 -2 -6 -3 -1
right_child=1 6 -4 -5 5 -7 -8 -9
leaf_value=-0.050000008420448751 -0.050002356368815337 0.050000075784169554 -0.05000015463563641 0.050000346096176401 0.041608643301744172 0.0082755939859884102 0.050001032214365651 -0.050000008363422256
leaf_weight=0.0019128723076562446 0.0010280402263731503 0.0013995546282785654 0.0010376033045247368 0.001478503495491168 0.001070111564445142 0.0010185567470273327 0.0011261525235113368 0.0011732691326642453
leaf_count=11416 1457 933 2712 370 743 437 507 6919
internal_value=-0.000393475 0.0183713 0.00418902 0.016425 0.000497518 0.0253535 0.0500005 -0.05
internal_weight=0.0112447 0.00815852 0.00563282 0.00459521 0.00311671 0.00208867 0.00252571 0.00308614
internal_count=25494 7159 5719 3007 2637 1180 1440 18335
is_linear=0
shrinkage=0.05


Tree=266
num_leaves=8
num_cat=0
split_feature=9 9 3 18 8 6 9
split_gain=0.00395343 0.00139241 0.00133948 0.000944411 0.00147964 2.02236e-13 1.73472e-18
threshold=-0.71929357792026261 3.9781175116417877 7.5598199805147646 1.0000000180025095e-35 150.06437768240346 7.600802484559245 -1.6573687974650742
decision_type=2 2 2 2 2 2 2
left_child=6 2 3 4 -2 -3 -1
right_child=1 5 -4 -5 -6 -7 -8
leaf_value=-0.050000005690595845 -0.049114106518511759 0.050000072162815379 -0.046610665531040457 0.05000029608769653 0.025376060946617835 0.050000998859256074 -0.050000008130148245
leaf_weight=0.0015686403670542868 0.0010031170242683629 0.0013351688742204715 0.0010472062341051469 0.0014123899882179103 0.0019875067050207917 0.0010531001022400233 0.0013506122033817292
leaf_count=9845 1493 935 2722 379 1106 492 8389
internal_value=-0.000331967 0.0181657 0.00421576 0.0163042 0.000390519 0.0500005 -0.05
internal_weight=0.0107577 0.00783849 0.00545022 0.00440301 0.00299062 0.00238827 0.00291925
internal_count=25361 7127 5700 2978 2599 1427 18234
is_linear=0
shrinkage=0.05


Tree=267
num_leaves=8
num_cat=0
split_feature=9 9 4 18 8 0 9
split_gain=0.00374314 0.00134884 0.00144172 0.000699991 0.00103629 1.69485e-13 1.73472e-18
threshold=-0.71929357792026261 3.9781175116417877 7.5019101675073623 1.0000000180025095e-35 155.03734939759039 0.0015388992211528933 -2.3976348304767252
decision_type=2 2 2 2 2 2 2
left_child=6 2 3 4 -2 -3 -1
right_child=1 5 -4 -5 -6 -7 -8
leaf_value=-0.050000005751265598 -0.035692326580619667 0.050000069167189735 -0.04453824380398317 0.050000273968229161 0.028197934313311843 0.050000933951207707 -0.050000008121762585
leaf_weight=0.0010411088711634875 0.0010159558132016855 0.0012015915788197162 0.0011883399403416206 0.0012074193519993059 0.0016911574190601186 0.0010720777951291893 0.0017512065633269458
leaf_count=6883 1629 888 2793 355 952 545 11451
internal_value=-0.000694394 0.0179697 0.00369793 0.018341 0.00422048 0.0500005 -0.05
internal_weight=0.0101689 0.00737654 0.00510287 0.00391453 0.00270711 0.00227367 0.00279232
internal_count=25496 7162 5729 2936 2581 1433 18334
is_linear=0
shrinkage=0.05


Tree=268
num_leaves=8
num_cat=0
split_feature=9 9 4 18 7 6 4
split_gain=0.00353236 0.0013587 0.00123979 0.000737406 0.00071762 2.26765e-13 1.73472e-18
threshold=-0.71929357792026261 3.9781175116417877 7.5019101675073623 1.0000000180025095e-35 121.50000000000001 7.600802484559245 8.8460651492513875
decision_type=2 2 2 2 2 2 2
left_child=6 2 3 4 -2 -3 -1
right_child=1 5 -4 -5 -6 -7 -8
leaf_value=-0.050000008019510857 -0.028801417166468109 0.050000066006962662 -0.042183021026694321 0.050000262837196136 0.0233445167168101 0.050001078607366037 -0.05000000570600055
leaf_weight=0.0010083703384253795 0.0010990765699716576 0.0012003883886109179 0.0011629660744318926 0.001162594645165882 0.0016506496017427708 0.001024997951617479 0.0016382490930482163
leaf_count=6965 1824 929 2794 356 727 496 11300
internal_value=-0.000513629 0.017426 0.00314293 0.0166164 0.00250158 0.0500005 -0.05
internal_weight=0.00994729 0.00730067 0.00507529 0.00391232 0.00274973 0.00222539 0.00264662
internal_count=25391 7126 5701 2907 2551 1425 18265
is_linear=0
shrinkage=0.05


Tree=269
num_leaves=8
num_cat=0
split_feature=9 13 18 9 8 0 9
split_gain=0.00331968 0.00138614 0.00155534 0.000429084 0.000848314 1.77284e-13 8.67362e-19
threshold=-0.71929357792026261 5.0199571647247921e-05 1.0000000180025095e-35 3.9781175116417877 158.15699658703076 0.0015388992211528933 -2.0706341188037727
decision_type=2 2 2 2 2 2 2
left_child=6 3 -3 4 -2 -5 -1
right_child=1 2 -4 5 -6 -7 -8
leaf_value=-0.050000005644919882 -0.01430845146018866 -0.050003052046558243 0.028353512366942571 0.050000060385477385 0.046256047561606249 0.050000974805766901 -0.050000006581344784
leaf_weight=0.0011138409060293952 0.001053191045016888 0.0013252776982000114 0.0012129288586208986 0.0010970397719347602 0.00128191845246306 0.0010255720812892832 0.0014055646951618428
leaf_count=8133 1714 2125 1118 896 722 542 10146
internal_value=-0.000787027 0.0169358 -0.0125589 0.0337299 0.01894 0.0500005 -0.05
internal_weight=0.00951533 0.00699593 0.00253821 0.00445772 0.00233511 0.00212261 0.00251941
internal_count=25396 7117 3243 3874 2436 1438 18279
is_linear=0
shrinkage=0.05


Tree=270
num_leaves=7
num_cat=0
split_feature=8 11 7 1 18 0
split_gain=0.00274107 0.00131846 0.00153811 0.000808017 0.00115281 6.18127e-06
threshold=259.0384615384616 0.26666666666666672 94.500000000000014 1.2424533248940004 1.0000000180025095e-35 1.1492453996666876
decision_type=2 2 2 2 2 2
left_child=1 2 -1 -4 -5 -2
right_child=5 -3 3 4 -6 -7
leaf_value=-0.050000024817640348 -0.050000009253046457 0.050000070742786867 0.050000236798892428 -0.031958679574166218 0.038018659921124104 -0.044843925579451008
leaf_weight=0.001140982733076612 0.0013860566288315113 0.0018869914625838646 0.0012056476206225852 0.0012992209357491902 0.0010759700450932996 0.0010011021427942524
leaf_count=5504 9978 1497 616 810 607 6391
internal_value=-0.00191502 0.0146726 0.000554671 0.0166632 -0.000258693 -0.0478377
internal_weight=0.00899597 0.00660881 0.00472182 0.00358084 0.00237519 0.00238716
internal_count=25403 9034 7537 2033 1417 16369
is_linear=0
shrinkage=0.05


Tree=271
num_leaves=7
num_cat=0
split_feature=9 9 3 4 11 5
split_gain=0.00306792 0.00120824 0.00112959 0.000321808 0.000296552 4.33681e-19
threshold=-0.71929357792026261 3.9781175116417877 7.4662273925763296 5.1089666311285624 0.03509852216748769 9.2955401643581279
decision_type=2 2 2 2 2 2
left_child=5 2 3 -2 -5 -1
right_child=1 -3 -4 4 -6 -7
leaf_value=-0.050000006007208435 -0.0042319084210128699 0.050000515247640022 -0.035368160756850585 0.047193871882256544 0.011003741443719704 -0.050000006180484738
leaf_weight=0.0011459046402961803 0.0010221701177357545 0.0019731182005671144 0.0013427030071397894 0.0011619797148512134 0.0011037497115324868 0.0011372309833319605
leaf_count=9172 1839 1455 2803 651 449 9101
internal_value=-3.72276e-05 0.0172366 0.00327582 0.0190571 0.0295639 -0.05
internal_weight=0.00888686 0.00660372 0.0046306 0.0032879 0.00226573 0.00228314
internal_count=25470 7197 5742 2939 1100 18273
is_linear=0
shrinkage=0.05


Tree=272
num_leaves=6
num_cat=0
split_feature=9 9 4 7 0
split_gain=0.00280518 0.0012038 0.00103672 0.000562822 4.33681e-19
threshold=-0.71929357792026261 3.9781175116417877 7.3808759299945494 119.50000000000001 0.79384982111808344
decision_type=2 2 2 2 2
left_child=4 2 3 -2 -1
right_child=1 -3 -4 -5 -6
leaf_value=-0.050000005982958423 -0.0056653529229701407 0.050000498608331924 -0.035005904647102806 0.036825728549093655 -0.05000000600640099
leaf_weight=0.0011655130982575201 0.001423031736919711 0.0018379291977907997 0.001333228241222173 0.0017228120131278502 0.0010015581852016453
leaf_count=9879 2092 1418 2892 775 8352
internal_value=-0.000912914 0.0159266 0.00194482 0.0176048 -0.05
internal_weight=0.00848407 0.006317 0.00447907 0.00314584 0.00216707
internal_count=25408 7177 5759 2867 18231
is_linear=0
shrinkage=0.05


Tree=273
num_leaves=7
num_cat=0
split_feature=9 9 3 7 6 3
split_gain=0.00288349 0.000999944 0.00112007 0.000616208 0.000109036 4.33681e-19
threshold=-0.71929357792026261 3.9781175116417877 7.4662273925763296 100.50000000000001 3.2126363204114488 6.8139937483854274
decision_type=2 2 2 2 2 2
left_child=5 2 3 -2 -5 -1
right_child=1 -3 -4 4 -6 -7
leaf_value=-0.050000005494472338 -0.010192226761087267 0.050000470766949169 -0.03381157615781237 0.026118368313274871 0.049260225707065397 -0.05000000562413405
leaf_weight=0.0010527814243488365 0.001002570674359049 0.0017665440151972689 0.0012835187082202992 0.0010174535573668209 0.0010185207130177787 0.0010176449715899594
leaf_count=9366 1934 1436 2799 413 571 8946
internal_value=0.00097282 0.0183061 0.00535174 0.0218948 0.0376954 -0.05
internal_weight=0.00815903 0.00608861 0.00432206 0.00303854 0.00203597 0.00207043
internal_count=25465 7153 5717 2918 984 18312
is_linear=0
shrinkage=0.05


Tree=274
num_leaves=6
num_cat=0
split_feature=9 9 4 7 11
split_gain=0.00254185 0.00110282 0.000915517 0.000390765 0.000626699
threshold=-0.71929357792026261 3.9781175116417877 7.5019101675073623 100.50000000000001 0.03509852216748769
decision_type=2 2 2 2 2
left_child=-1 2 3 -2 -5
right_child=1 -3 -4 4 -6
leaf_value=-0.050000005922356199 -0.011574367766158842 0.050000448935174371 -0.039650549857756991 0.049474517732085763 -0.0015961160525451764
leaf_weight=0.001965444276400774 0.0010030464262626992 0.0016707349899434121 0.0010043532110586284 0.0012827642703996389 0.0011297365176545782
leaf_count=18275 1954 1426 2801 649 341
internal_value=-0.000559398 0.0153951 0.00231412 0.014654 0.0255589
internal_weight=0.00805608 0.00609064 0.0044199 0.00341555 0.0024125
internal_count=25446 7171 5745 2944 990
is_linear=0
shrinkage=0.05


Tree=275
num_leaves=5
num_cat=0
split_feature=9 11 3 7
split_gain=0.0023677 0.00105476 0.000505782 0.000520045
threshold=-0.71929357792026261 0.26666666666666672 7.4662273925763296 119.50000000000001
decision_type=2 2 2 2
left_child=-1 2 3 -2
right_child=1 -3 -4 -5
leaf_value=-0.050000005332188263 -0.0080941564857235342 0.050000061894870378 -0.022809681155629157 0.035114011469633347
leaf_weight=0.001869896644350888 0.0013592024606481345 0.0015514755757521925 0.0013979641010095634 0.0014280375878286122
leaf_count=18279 2049 1510 2832 773
internal_value=-0.00113922 0.0147872 0.00173359 0.0140435
internal_weight=0.00760658 0.00573668 0.0041852 0.00278724
internal_count=25443 7164 5654 2822
is_linear=0
shrinkage=0.05


Tree=276
num_leaves=6
num_cat=0
split_feature=9 13 18 4 12
split_gain=0.00231219 0.000733532 0.00106586 0.000473454 5.08615e-05
threshold=-0.3014177459159994 1.0000000180025095e-35 1.0000000180025095e-35 5.5740515676620417 0.41666666666666669
decision_type=2 2 2 2 2
left_child=3 4 -3 -1 -2
right_child=1 2 -4 -5 -6
leaf_value=-0.0096628615165037911 0.034795120270598806 -0.029322342487646636 0.038884460504210606 -0.050000141701605029 0.050000051233675118
leaf_weight=0.0012091805020730817 0.0010148801833622656 0.0012191826841672082 0.0010803115627737725 0.0018259709998318385 0.0012006926645540261
leaf_count=5076 912 1460 705 15939 1288
internal_value=-0.000182424 0.0225037 0.00272149 -0.0339301 0.0430352
internal_weight=0.00755022 0.00451507 0.00229949 0.00303515 0.00221557
internal_count=25380 4365 2165 21015 2200
is_linear=0
shrinkage=0.05


Tree=277
num_leaves=5
num_cat=0
split_feature=9 9 18 4
split_gain=0.00239354 0.00055533 0.000718208 0.000481108
threshold=-0.28250174681150492 3.9781175116417877 1.0000000180025095e-35 5.5740515676620417
decision_type=2 2 2 2
left_child=3 2 -2 -1
right_child=1 -3 -4 -5
leaf_value=-0.0090862747448673675 -0.012520779348529959 0.050000488728028883 0.04021625514830092 -0.050000134550460131
leaf_weight=0.001220568084228546 0.0013998994754871319 0.001501047653164278 0.0011981399007510163 0.0017468752483225103
leaf_count=5099 2053 1460 769 16007
internal_value=0.00102958 0.0257887 0.0118 -0.0331715
internal_weight=0.00706653 0.00409909 0.00259804 0.00296744
internal_count=25388 4282 2822 21106
is_linear=0
shrinkage=0.05


Tree=278
num_leaves=5
num_cat=0
split_feature=9 4 9 3
split_gain=0.00224228 0.000790171 0.000352444 6.19183e-05
threshold=-0.71929357792026261 7.3808759299945494 -0.21171336248670511 4.3107766033702406
decision_type=2 2 2 2
left_child=-1 2 -2 -4
right_child=1 -3 3 -5
leaf_value=-0.050000004322059644 0.0076743819151911599 -0.012740597892441663 0.050000049153861303 0.033741127150661313
leaf_weight=0.0016379789091942598 0.0011363073894870013 0.0015140531897657183 0.0011338869564951892 0.0012109071848982467
leaf_count=18314 1973 3044 1319 790
internal_value=0.000766355 0.0174133 0.0305283 0.0416036
internal_weight=0.00663313 0.00499515 0.0034811 0.00234479
internal_count=25440 7126 4082 2109
is_linear=0
shrinkage=0.05


Tree=279
num_leaves=5
num_cat=0
split_feature=9 9 4 7
split_gain=0.00202257 0.00091971 0.000743829 0.000724162
threshold=-0.71929357792026261 3.9781175116417877 7.3808759299945494 119.50000000000001
decision_type=2 2 2 2
left_child=-1 2 3 -2
right_child=1 -3 -4 -5
leaf_value=-0.050000004317226149 -0.0088967879927438643 0.05000049027818676 -0.031168359195257407 0.043451519653822518
leaf_weight=0.0015532420232418076 0.0013373662464601921 0.0013806677418415347 0.0011528486357121892 0.0013056101248309915
leaf_count=18260 2077 1444 2854 756
internal_value=4.0423e-05 0.0150554 0.0023447 0.0169629
internal_weight=0.00672973 0.00517649 0.00379583 0.00264298
internal_count=25391 7131 5687 2833
is_linear=0
shrinkage=0.05


Tree=280
num_leaves=5
num_cat=0
split_feature=8 11 7 1
split_gain=0.00177482 0.00082723 0.000890818 0.000684945
threshold=259.0384615384616 0.26666666666666672 96.500000000000014 1.2424533248940004
decision_type=2 2 2 2
left_child=1 2 -1 -4
right_child=-2 -3 3 -5
leaf_value=-0.037132164775759778 -0.047664041857067393 0.050000048163344628 0.050001026758919979 -0.00070451698630953456
leaf_weight=0.001041998628402041 0.0015342188278495428 0.0011972157360560232 0.0010117154376985127 0.001949146573970495
leaf_count=5495 16483 1486 620 1364
internal_value=-0.000407509 0.013535 0.0026286 0.0166214
internal_weight=0.0067343 0.00520008 0.00400286 0.00296086
internal_count=25448 8965 7479 1984
is_linear=0
shrinkage=0.05


Tree=281
num_leaves=5
num_cat=0
split_feature=9 9 3 7
split_gain=0.00168636 0.000940658 0.000803209 0.000420318
threshold=-0.71929357792026261 3.9781175116417877 7.4662273925763296 119.50000000000001
decision_type=2 2 2 2
left_child=-1 2 3 -2
right_child=1 -3 -4 -5
leaf_value=-0.050000003388450578 -0.0050333586376396042 0.05000040988953143 -0.037558905619495667 0.034411016420698784
leaf_weight=0.0014145908807634555 0.0014069686049680286 0.0012205004385918983 0.001053524777205439 0.0012988688678063909
leaf_count=18288 2105 1449 2813 789
internal_value=-0.0018234 0.0118618 -0.000520199 0.0139009
internal_weight=0.00639445 0.00497986 0.00375936 0.00270584
internal_count=25444 7156 5707 2894
is_linear=0
shrinkage=0.05


Tree=282
num_leaves=5
num_cat=0
split_feature=9 9 18 1
split_gain=0.0016428 0.000839143 0.000737454 0.00102511
threshold=-0.71929357792026261 3.9781175116417877 1.0000000180025095e-35 1.2424533248940004
decision_type=2 2 2 2
left_child=-1 2 3 -2
right_child=1 -3 -4 -5
leaf_value=-0.050000003993692345 0.013521171761133155 0.050000398437389217 0.033199389377809738 -0.050002793278701108
leaf_weight=0.0013502828026261682 0.0014600837308904602 0.0011334731199781345 0.0012091847914348364 0.0011239894554506691
leaf_count=18346 2366 1412 1200 2152
internal_value=-0.0011401 0.0122511 0.000971099 -0.0141097
internal_weight=0.00627701 0.00492673 0.00379326 0.00258407
internal_count=25476 7130 5718 4518
is_linear=0
shrinkage=0.05


Tree=283
num_leaves=5
num_cat=0
split_feature=8 11 7 13
split_gain=0.00149413 0.000779933 0.000738652 0.000571197
threshold=259.0384615384616 0.26666666666666672 98.500000000000014 5.0199571647247921e-05
decision_type=2 2 2 2
left_child=1 2 -1 -4
right_child=-2 -3 3 -5
leaf_value=-0.034840263655705597 -0.047947975260830597 0.05000004273055491 0.043177527035450108 -0.0045252037670327596
leaf_weight=0.0010236648622452549 0.0013286789434587831 0.0010537767260530018 0.0010757840565247534 0.0015060754725269021
leaf_count=5515 16412 1511 641 1326
internal_value=-0.00117718 0.0121603 0.00110099 0.0153511
internal_weight=0.00598798 0.0046593 0.00360552 0.00258186
internal_count=25405 8993 7482 1967
is_linear=0
shrinkage=0.05


Tree=284
num_leaves=5
num_cat=0
split_feature=9 9 18 7
split_gain=0.00148763 0.00058834 0.000835237 0.000347819
threshold=-0.3014177459159994 3.9781175116417877 1.0000000180025095e-35 118.50000000000001
decision_type=2 2 2 2
left_child=3 2 -2 -1
right_child=1 -3 -4 -5
leaf_value=-0.050000027408786944 -0.018693045485576574 0.050000427508170235 0.039258884359936665 -0.010645802576040378
leaf_weight=0.0012794335253900613 0.0014718333648175985 0.0010676983343387292 0.0010764881441218677 0.0010004941542405277
leaf_count=14084 2105 1412 787 6979
internal_value=-0.00110054 0.0188423 0.0057876 -0.0327303
internal_weight=0.00589595 0.00361602 0.00254832 0.00227993
internal_count=25367 4304 2892 21063
is_linear=0
shrinkage=0.05


Tree=285
num_leaves=5
num_cat=0
split_feature=8 7 7 13
split_gain=0.00139228 0.000446553 0.000401757 0.00067707
threshold=259.0384615384616 60.500000000000007 105.50000000000001 5.0199571647247921e-05
decision_type=2 2 2 2
left_child=1 -1 -3 -4
right_child=-2 2 3 -5
leaf_value=0.041441524869346678 -0.047271041371097743 -0.022163255895918485 0.042478753931905096 -0.0097424444003316301
leaf_weight=0.0010263507776002712 0.0012439497545315703 0.0010380336190820572 0.0011736438025309326 0.001317447821165274
leaf_count=2406 16476 4771 642 1176
internal_value=-0.000388952 0.012413 0.00397083 0.0148609
internal_weight=0.00579943 0.00455548 0.00352913 0.00249109
internal_count=25471 8995 6589 1818
is_linear=0
shrinkage=0.05


Tree=286
num_leaves=5
num_cat=0
split_feature=9 9 3 7
split_gain=0.00137317 0.000638032 0.000562389 0.000423883
threshold=-0.71929357792026261 3.8432063448539941 7.3346551887924436 119.50000000000001
decision_type=2 2 2 2
left_child=-1 2 3 -2
right_child=1 -3 -4 -5
leaf_value=-0.05000000355511075 -0.0040778299935991594 0.04660129570191518 -0.028254705551098658 0.038506279595133315
leaf_weight=0.0011425150531110262 0.0013029178469707858 0.0010004985902440922 0.0011003652717391788 0.0010596296507685565
leaf_count=18416 2093 1654 2691 730
internal_value=-0.00108856 0.0114315 0.00127027 0.0150216
internal_weight=0.00560593 0.00446341 0.00346291 0.00236255
internal_count=25584 7168 5514 2823
is_linear=0
shrinkage=0.05


Tree=287
num_leaves=5
num_cat=0
split_feature=9 9 18 4
split_gain=0.00132411 0.0005472 0.000643298 0.000616636
threshold=-0.71929357792026261 3.8431106113345801 1.0000000180025095e-35 5.5234569284970156
decision_type=2 2 2 2
left_child=-1 2 3 -2
right_child=1 -3 -4 -5
leaf_value=-0.050000003147528498 0.010391351074898081 0.044138320195633587 0.032686776411926743 -0.042525342488606649
leaf_weight=0.0010811957489842428 0.0012173965759529892 0.001006773290598062 0.0011380557205171726 0.0010050280356068697
leaf_count=18316 2271 1765 1191 1897
internal_value=-0.000461031 0.0118033 0.00211595 -0.0135387
internal_weight=0.00544845 0.00436725 0.00336048 0.00222242
internal_count=25440 7124 5359 4168
is_linear=0
shrinkage=0.05


Tree=288
num_leaves=4
num_cat=0
split_feature=9 3 9
split_gain=0.00123889 0.000479563 0.000252576
threshold=-0.71929357792026261 7.4544301786633325 -0.15093364397138662
decision_type=2 2 2
left_child=-1 2 -2
right_child=1 -3 -4
leaf_value=-0.050000002493537338 0.005676917925277046 -0.015376802969312897 0.035119078483158685
leaf_weight=0.0010303013536621108 0.0013068131597080423 0.0012017858428947648 0.001645871372147667
leaf_count=18360 2241 3010 1878
internal_value=-0.000920877 0.0112507 0.0220884
internal_weight=0.00518477 0.00415447 0.00295268
internal_count=25489 7129 4119
is_linear=0
shrinkage=0.05


Tree=289
num_leaves=4
num_cat=0
split_feature=8 18 5
split_gain=0.00113856 0.000403059 0.000541743
threshold=259.0384615384616 1.0000000180025095e-35 8.5987414929336641
decision_type=2 2 2
left_child=1 2 -1
right_child=-2 -3 -4
leaf_value=-0.023611578311815928 -0.047269173502019875 0.036992147865833255 0.019174852290168475
leaf_weight=0.0012483738769688557 0.0010461492710014397 0.0011029755249190032 0.0018160214845721612
leaf_count=2682 16453 1159 5159
internal_value=-0.000633605 0.0110735 0.00174451
internal_weight=0.00521352 0.00416737 0.0030644
internal_count=25453 9000 7841
is_linear=0
shrinkage=0.05


Tree=290
num_leaves=3
num_cat=0
split_feature=9 13
split_gain=0.00108944 0.000486454
threshold=-0.3014177459159994 1.0000000180025095e-35
decision_type=2 2
left_child=-1 -2
right_child=1 -3
leaf_value=-0.030616631282463631 0.038858045748947495 -0.00063453075181668997
leaf_weight=0.0019345190720798655 0.0014116760020215224 0.0017418622095206615
leaf_count=21104 2210 2175
internal_value=-0.00107679 0.0170443
internal_weight=0.00508806 0.00315354
internal_count=25489 4385
is_linear=0
shrinkage=0.05


Tree=291
num_leaves=4
num_cat=0
split_feature=8 18 5
split_gain=0.00095306 0.000354487 0.000480191
threshold=256.33333333333343 1.0000000180025095e-35 8.6331252767546243
decision_type=2 2 2
left_child=1 2 -1
right_child=-2 -3 -4
leaf_value=-0.022174930712000704 -0.044064123788335623 0.035607575218434509 0.018338108919120435
leaf_weight=0.0012481992354445026 0.0010118698425820583 0.0010245773852766149 0.0017666031717844533
leaf_count=2783 16556 1146 4955
internal_value=-0.000670529 0.0101996 0.00156476
internal_weight=0.00505125 0.00403938 0.0030148
internal_count=25440 8884 7738
is_linear=0
shrinkage=0.05


Tree=292
num_leaves=3
num_cat=0
split_feature=9 3
split_gain=0.00106028 0.000296689
threshold=-0.28250174681150492 7.4662273925763296
decision_type=2 2
left_child=-1 -2
right_child=1 -3
leaf_value=-0.028502713433158435 0.031315593173213731 -0.0020789626135183717
leaf_weight=0.0018923583073835459 0.0018891434195609236 0.0010265018941595372
leaf_count=21125 2280 1973
internal_value=0.000642313 0.0195585
internal_weight=0.004808 0.00291565
internal_count=25378 4253
is_linear=0
shrinkage=0.05


Tree=293
num_leaves=3
num_cat=0
split_feature=9 13
split_gain=0.000910444 0.000420204
threshold=-0.3516209517534778 5.0199571647247921e-05
decision_type=2 2
left_child=-1 -2
right_child=1 -3
leaf_value=-0.030027987031002609 0.033046637594717543 -0.0033063120092789323
leaf_weight=0.0016705366193860982 0.0016515867887534341 0.0015325270405952551
leaf_count=20805 2412 2211
internal_value=-0.00013399 0.0155498
internal_weight=0.00485465 0.00318411
internal_count=25428 4623
is_linear=0
shrinkage=0.05


Tree=294
num_leaves=3
num_cat=0
split_feature=9 13
split_gain=0.000833014 0.000391618
threshold=-0.28250174681150492 1.0000000180025095e-35
decision_type=2 2
left_child=-1 -2
right_child=1 -3
leaf_value=-0.026447219925624432 0.037400452213570516 0.00057867778904853104
leaf_weight=0.0018521400990998416 0.0012622717715657927 0.0016873632612117717
leaf_count=21217 2142 2103
internal_value=-0.000166185 0.0163362
internal_weight=0.00480178 0.00294964
internal_count=25462 4245
is_linear=0
shrinkage=0.05


Tree=295
num_leaves=3
num_cat=0
split_feature=9 13
split_gain=0.0007515 0.000370175
threshold=-0.3014177459159994 1.0000000180025095e-35
decision_type=2 2
left_child=-1 -2
right_child=1 -3
leaf_value=-0.025969090786095429 0.035790555300906392 0.0003784602196058925
leaf_weight=0.0017868768097279997 0.0012483518117960557 0.0018050618809155594
leaf_count=21047 2206 2151
internal_value=-0.000215115 0.0148563
internal_weight=0.00484029 0.00305341
internal_count=25404 4357
is_linear=0
shrinkage=0.05


Tree=296
num_leaves=4
num_cat=0
split_feature=4 7 4
split_gain=0.000696464 0.000274072 8.9314e-05
threshold=7.6133230286147189 94.500000000000014 6.9392534765683003
decision_type=2 2 2
left_child=1 -1 -3
right_child=-2 2 -4
leaf_value=-0.0071809901921858757 -0.032884251075351423 0.032351281000092769 0.011503823067867999
leaf_weight=0.001311248367773743 0.0012610842534570565 0.0010422144597015404 0.0010132016939508048
leaf_count=8419 15937 676 462
internal_value=-0.00119134 0.0106802 0.0220747
internal_weight=0.00462775 0.00336666 0.00205542
internal_count=25494 9557 1138
is_linear=0
shrinkage=0.05


Tree=297
num_leaves=4
num_cat=0
split_feature=4 7 4
split_gain=0.000721608 0.00024952 8.63973e-05
threshold=7.6133230286147189 94.500000000000014 6.9392534765683003
decision_type=2 2 2
left_child=1 -1 -3
right_child=-2 2 -4
leaf_value=-0.0064199124593286852 -0.034272642579047184 0.0317096176771237 0.011135011063992594
leaf_weight=0.0013027245777621488 0.0012180735900280126 0.0010371144253156217 0.0010043824724803585
leaf_count=8375 15944 686 449
internal_value=-0.00132382 0.0106772 0.0215873
internal_weight=0.0045623 0.00334422 0.0020415
internal_count=25454 9510 1135
is_linear=0
shrinkage=0.05


Tree=298
num_leaves=3
num_cat=0
split_feature=9 13
split_gain=0.00065572 0.000409165
threshold=-0.57764105235288132 5.0199571647247921e-05
decision_type=2 2
left_child=-1 -2
right_child=1 -3
leaf_value=-0.034648958883149387 0.025824875653240778 -0.0083550070242270624
leaf_weight=0.0010968197615461861 0.0018488788026331804 0.0016632632425199745
leaf_count=19405 3268 2810
internal_value=-0.000901108 0.00963813
internal_weight=0.00460896 0.00351214
internal_count=25483 6078
is_linear=0
shrinkage=0.05


Tree=299
num_leaves=3
num_cat=0
split_feature=9 13
split_gain=0.000758354 0.000292662
threshold=-0.28250174681150492 5.0199571647247921e-05
decision_type=2 2
left_child=-1 -2
right_child=1 -3
leaf_value=-0.025368726059607667 0.033614426456229828 0.0010004607057763077
leaf_weight=0.0016810546611019106 0.0013713639007448819 0.0013800968555557347
leaf_count=21224 2173 2087
internal_value=0.00109015 0.0172557
internal_weight=0.00443252 0.00275146
internal_count=25484 4260
is_linear=0
shrinkage=0.05


end of trees

feature_importances:
log_fwd_bwd_byte_ratio=1389
mean_fwd_packet_size=1083
mean_bwd_packet_size=987
log_fwd_bytes=933
log_duration_s=738
log_bwd_bytes=450
log_fwd_packets=408
log_bwd_packets=290
log_bytes_per_s=265
log_packets_per_s=251
syn_ratio=250
fin_ratio=202
port_auth=162
port_web=33
port_mail=28
is_tcp=17
is_udp=9
rst_ratio=3
port_dns=3

parameters:
[boosting: gbdt]
[objective: binary]
[metric: binary_logloss]
[tree_learner: serial]
[device_type: cpu]
[data_sample_strategy: bagging]
[data: ]
[valid: ]
[num_iterations: 300]
[learning_rate: 0.05]
[num_leaves: 31]
[num_threads: 0]
[seed: 0]
[deterministic: 1]
[force_col_wise: 0]
[force_row_wise: 1]
[histogram_pool_size: -1]
[max_depth: -1]
[min_data_in_leaf: 20]
[min_sum_hessian_in_leaf: 0.001]
[bagging_fraction: 0.9]
[pos_bagging_fraction: 1]
[neg_bagging_fraction: 1]
[bagging_freq: 1]
[bagging_seed: 7719]
[bagging_by_query: 0]
[feature_fraction: 0.9]
[feature_fraction_bynode: 1]
[feature_fraction_seed: 2437]
[extra_trees: 0]
[extra_seed: 11797]
[early_stopping_round: 0]
[early_stopping_min_delta: 0]
[first_metric_only: 0]
[max_delta_step: 0]
[lambda_l1: 0]
[lambda_l2: 0]
[linear_lambda: 0]
[min_gain_to_split: 0]
[drop_rate: 0.1]
[max_drop: 50]
[skip_drop: 0.5]
[xgboost_dart_mode: 0]
[uniform_drop: 0]
[drop_seed: 21238]
[top_rate: 0.2]
[other_rate: 0.1]
[min_data_per_group: 100]
[max_cat_threshold: 32]
[cat_l2: 10]
[cat_smooth: 10]
[max_cat_to_onehot: 4]
[top_k: 20]
[monotone_constraints: ]
[monotone_constraints_method: basic]
[monotone_penalty: 0]
[feature_contri: ]
[forcedsplits_filename: ]
[refit_decay_rate: 0.9]
[cegb_tradeoff: 1]
[cegb_penalty_split: 0]
[cegb_penalty_feature_lazy: ]
[cegb_penalty_feature_coupled: ]
[path_smooth: 0]
[interaction_constraints: ]
[verbosity: -1]
[saved_feature_importance_type: 0]
[use_quantized_grad: 0]
[num_grad_quant_bins: 4]
[quant_train_renew_leaf: 0]
[stochastic_rounding: 1]
[linear_tree: 0]
[max_bin: 255]
[max_bin_by_feature: ]
[min_data_in_bin: 3]
[bin_construct_sample_cnt: 200000]
[data_random_seed: 38]
[is_enable_sparse: 1]
[enable_bundle: 1]
[use_missing: 1]
[zero_as_missing: 0]
[feature_pre_filter: 1]
[pre_partition: 0]
[two_round: 0]
[header: 0]
[label_column: ]
[weight_column: ]
[group_column: ]
[ignore_column: ]
[categorical_feature: ]
[forcedbins_filename: ]
[precise_float_parser: 0]
[parser_config_file: ]
[objective_seed: 8855]
[num_class: 1]
[is_unbalance: 0]
[scale_pos_weight: 1]
[sigmoid: 1]
[boost_from_average: 1]
[reg_sqrt: 0]
[alpha: 0.9]
[fair_c: 1]
[poisson_max_delta_step: 0.7]
[tweedie_variance_power: 1.5]
[lambdarank_truncation_level: 30]
[lambdarank_norm: 1]
[label_gain: ]
[lambdarank_position_bias_regularization: 0]
[eval_at: ]
[multi_error_top_k: 1]
[auc_mu_weights: ]
[num_machines: 1]
[local_listen_port: 12400]
[time_out: 120]
[machine_list_filename: ]
[machines: ]
[gpu_platform_id: -1]
[gpu_device_id: -1]
[gpu_device_id_list: ]
[gpu_use_dp: 0]
[num_gpu: 1]

end of parameters

pandas_categorical:null
